version,1.3.0
info,team,Zimbabwe
info,team,India
info,gender,male
info,season,2016
info,date,2016/06/18
info,series,India in Zimbabwe T20I Series
info,match_number,1
info,venue,Harare Sports Club
info,city,
info,toss_winner,India
info,toss_decision,field
info,player_of_match,E Chigumbura
info,umpire,TJ Matibiri
info,umpire,RB Tiffin
info,reserve_umpire,S Rwaziyeni
info,tv_umpire,L Rusere
info,match_referee,RB Richardson
info,winner,Zimbabwe
info,winner_runs,2
ball,1,0.1,Zimbabwe,CJ Chibhabha,H Masakadza,JD Unadkat,0,0,"",""
ball,1,0.2,Zimbabwe,CJ Chibhabha,H Masakadza,JD Unadkat,0,0,"",""
ball,1,0.3,Zimbabwe,CJ Chibhabha,H Masakadza,JD Unadkat,0,0,"",""
ball,1,0.4,Zimbabwe,CJ Chibhabha,H Masakadza,JD Unadkat,1,0,"",""
ball,1,0.5,Zimbabwe,H Masakadza,CJ Chibhabha,JD Unadkat,0,0,"",""
ball,1,0.6,Zimbabwe,H Masakadza,CJ Chibhabha,JD Unadkat,0,1,"",""
ball,1,1.1,Zimbabwe,H Masakadza,CJ Chibhabha,R Dhawan,0,0,"",""
ball,1,1.2,Zimbabwe,H Masakadza,CJ Chibhabha,R Dhawan,6,0,"",""
ball,1,1.3,Zimbabwe,H Masakadza,CJ Chibhabha,R Dhawan,0,0,"",""
ball,1,1.4,Zimbabwe,H Masakadza,CJ Chibhabha,R Dhawan,1,0,"",""
ball,1,1.5,Zimbabwe,CJ Chibhabha,H Masakadza,R Dhawan,1,0,"",""
ball,1,1.6,Zimbabwe,H Masakadza,CJ Chibhabha,R Dhawan,4,0,"",""
ball,1,2.1,Zimbabwe,CJ Chibhabha,H Masakadza,JJ Bumrah,0,0,"",""
ball,1,2.2,Zimbabwe,CJ Chibhabha,H Masakadza,JJ Bumrah,4,0,"",""
ball,1,2.3,Zimbabwe,CJ Chibhabha,H Masakadza,JJ Bumrah,0,0,"",""
ball,1,2.4,Zimbabwe,CJ Chibhabha,H Masakadza,JJ Bumrah,0,0,"",""
ball,1,2.5,Zimbabwe,CJ Chibhabha,H Masakadza,JJ Bumrah,1,0,"",""
ball,1,2.6,Zimbabwe,H Masakadza,CJ Chibhabha,JJ Bumrah,1,0,"",""
ball,1,3.1,Zimbabwe,H Masakadza,CJ Chibhabha,JD Unadkat,6,0,"",""
ball,1,3.2,Zimbabwe,H Masakadza,CJ Chibhabha,JD Unadkat,0,0,"",""
ball,1,3.3,Zimbabwe,H Masakadza,CJ Chibhabha,JD Unadkat,6,0,"",""
ball,1,3.4,Zimbabwe,H Masakadza,CJ Chibhabha,JD Unadkat,1,0,"",""
ball,1,3.5,Zimbabwe,CJ Chibhabha,H Masakadza,JD Unadkat,0,0,"",""
ball,1,3.6,Zimbabwe,CJ Chibhabha,H Masakadza,JD Unadkat,0,0,"",""
ball,1,4.1,Zimbabwe,H Masakadza,CJ Chibhabha,JJ Bumrah,0,0,"",""
ball,1,4.2,Zimbabwe,H Masakadza,CJ Chibhabha,JJ Bumrah,0,0,"",""
ball,1,4.3,Zimbabwe,H Masakadza,CJ Chibhabha,JJ Bumrah,0,0,caught,H Masakadza
ball,1,4.4,Zimbabwe,R Mutumbami,CJ Chibhabha,JJ Bumrah,0,0,"",""
ball,1,4.5,Zimbabwe,R Mutumbami,CJ Chibhabha,JJ Bumrah,0,0,"",""
ball,1,4.6,Zimbabwe,R Mutumbami,CJ Chibhabha,JJ Bumrah,0,0,"",""
ball,1,5.1,Zimbabwe,CJ Chibhabha,R Mutumbami,JD Unadkat,1,0,"",""
ball,1,5.2,Zimbabwe,R Mutumbami,CJ Chibhabha,JD Unadkat,0,0,retired hurt,R Mutumbami
ball,1,5.3,Zimbabwe,Sikandar Raza,CJ Chibhabha,JD Unadkat,1,0,"",""
ball,1,5.4,Zimbabwe,CJ Chibhabha,Sikandar Raza,JD Unadkat,1,0,"",""
ball,1,5.5,Zimbabwe,Sikandar Raza,CJ Chibhabha,JD Unadkat,1,0,"",""
ball,1,5.6,Zimbabwe,CJ Chibhabha,Sikandar Raza,JD Unadkat,4,0,"",""
ball,1,6.1,Zimbabwe,Sikandar Raza,CJ Chibhabha,R Dhawan,1,0,"",""
ball,1,6.2,Zimbabwe,CJ Chibhabha,Sikandar Raza,R Dhawan,1,0,"",""
ball,1,6.3,Zimbabwe,Sikandar Raza,CJ Chibhabha,R Dhawan,1,0,"",""
ball,1,6.4,Zimbabwe,CJ Chibhabha,Sikandar Raza,R Dhawan,4,0,"",""
ball,1,6.5,Zimbabwe,CJ Chibhabha,Sikandar Raza,R Dhawan,2,0,"",""
ball,1,6.6,Zimbabwe,CJ Chibhabha,Sikandar Raza,R Dhawan,0,0,bowled,CJ Chibhabha
ball,1,7.1,Zimbabwe,Sikandar Raza,MN Waller,AR Patel,1,0,"",""
ball,1,7.2,Zimbabwe,MN Waller,Sikandar Raza,AR Patel,4,0,"",""
ball,1,7.3,Zimbabwe,MN Waller,Sikandar Raza,AR Patel,0,0,"",""
ball,1,7.4,Zimbabwe,MN Waller,Sikandar Raza,AR Patel,1,0,"",""
ball,1,7.5,Zimbabwe,Sikandar Raza,MN Waller,AR Patel,1,0,"",""
ball,1,7.6,Zimbabwe,MN Waller,Sikandar Raza,AR Patel,0,0,"",""
ball,1,8.1,Zimbabwe,Sikandar Raza,MN Waller,R Dhawan,4,0,"",""
ball,1,8.2,Zimbabwe,Sikandar Raza,MN Waller,R Dhawan,0,0,"",""
ball,1,8.3,Zimbabwe,Sikandar Raza,MN Waller,R Dhawan,1,0,"",""
ball,1,8.4,Zimbabwe,MN Waller,Sikandar Raza,R Dhawan,0,0,"",""
ball,1,8.5,Zimbabwe,MN Waller,Sikandar Raza,R Dhawan,1,0,"",""
ball,1,8.6,Zimbabwe,Sikandar Raza,MN Waller,R Dhawan,4,0,"",""
ball,1,9.1,Zimbabwe,MN Waller,Sikandar Raza,AR Patel,1,0,"",""
ball,1,9.2,Zimbabwe,Sikandar Raza,MN Waller,AR Patel,0,0,"",""
ball,1,9.3,Zimbabwe,Sikandar Raza,MN Waller,AR Patel,1,0,"",""
ball,1,9.4,Zimbabwe,MN Waller,Sikandar Raza,AR Patel,0,0,"",""
ball,1,9.5,Zimbabwe,MN Waller,Sikandar Raza,AR Patel,2,0,"",""
ball,1,9.6,Zimbabwe,MN Waller,Sikandar Raza,AR Patel,1,0,"",""
ball,1,10.1,Zimbabwe,MN Waller,Sikandar Raza,YS Chahal,1,0,"",""
ball,1,10.2,Zimbabwe,Sikandar Raza,MN Waller,YS Chahal,1,0,"",""
ball,1,10.3,Zimbabwe,MN Waller,Sikandar Raza,YS Chahal,1,0,"",""
ball,1,10.4,Zimbabwe,Sikandar Raza,MN Waller,YS Chahal,1,0,"",""
ball,1,10.5,Zimbabwe,MN Waller,Sikandar Raza,YS Chahal,2,0,"",""
ball,1,10.6,Zimbabwe,MN Waller,Sikandar Raza,YS Chahal,2,0,"",""
ball,1,11.1,Zimbabwe,Sikandar Raza,MN Waller,R Dhawan,1,0,"",""
ball,1,11.2,Zimbabwe,MN Waller,Sikandar Raza,R Dhawan,4,0,"",""
ball,1,11.3,Zimbabwe,MN Waller,Sikandar Raza,R Dhawan,0,1,"",""
ball,1,11.4,Zimbabwe,MN Waller,Sikandar Raza,R Dhawan,0,0,"",""
ball,1,11.5,Zimbabwe,MN Waller,Sikandar Raza,R Dhawan,4,0,"",""
ball,1,11.6,Zimbabwe,MN Waller,Sikandar Raza,R Dhawan,1,0,"",""
ball,1,11.7,Zimbabwe,Sikandar Raza,MN Waller,R Dhawan,0,0,"",""
ball,1,12.1,Zimbabwe,MN Waller,Sikandar Raza,YS Chahal,4,0,"",""
ball,1,12.2,Zimbabwe,MN Waller,Sikandar Raza,YS Chahal,1,0,"",""
ball,1,12.3,Zimbabwe,Sikandar Raza,MN Waller,YS Chahal,1,0,"",""
ball,1,12.4,Zimbabwe,MN Waller,Sikandar Raza,YS Chahal,0,0,bowled,MN Waller
ball,1,12.5,Zimbabwe,CT Mutombodzi,Sikandar Raza,YS Chahal,1,0,"",""
ball,1,12.6,Zimbabwe,Sikandar Raza,CT Mutombodzi,YS Chahal,0,0,"",""
ball,1,13.1,Zimbabwe,CT Mutombodzi,Sikandar Raza,AR Patel,0,0,run out,Sikandar Raza
ball,1,13.2,Zimbabwe,CT Mutombodzi,E Chigumbura,AR Patel,0,0,"",""
ball,1,13.3,Zimbabwe,CT Mutombodzi,E Chigumbura,AR Patel,1,0,"",""
ball,1,13.4,Zimbabwe,E Chigumbura,CT Mutombodzi,AR Patel,0,0,"",""
ball,1,13.5,Zimbabwe,E Chigumbura,CT Mutombodzi,AR Patel,0,0,"",""
ball,1,13.6,Zimbabwe,E Chigumbura,CT Mutombodzi,AR Patel,1,0,"",""
ball,1,14.1,Zimbabwe,E Chigumbura,CT Mutombodzi,YS Chahal,0,1,"",""
ball,1,14.2,Zimbabwe,CT Mutombodzi,E Chigumbura,YS Chahal,0,0,"",""
ball,1,14.3,Zimbabwe,CT Mutombodzi,E Chigumbura,YS Chahal,0,1,"",""
ball,1,14.4,Zimbabwe,E Chigumbura,CT Mutombodzi,YS Chahal,0,1,"",""
ball,1,14.5,Zimbabwe,CT Mutombodzi,E Chigumbura,YS Chahal,1,1,"",""
ball,1,14.6,Zimbabwe,E Chigumbura,CT Mutombodzi,YS Chahal,6,0,"",""
ball,1,14.7,Zimbabwe,E Chigumbura,CT Mutombodzi,YS Chahal,0,0,"",""
ball,1,15.1,Zimbabwe,CT Mutombodzi,E Chigumbura,AR Patel,0,0,caught,CT Mutombodzi
ball,1,15.2,Zimbabwe,E Chigumbura,AG Cremer,AR Patel,1,0,"",""
ball,1,15.3,Zimbabwe,AG Cremer,E Chigumbura,AR Patel,1,0,"",""
ball,1,15.4,Zimbabwe,E Chigumbura,AG Cremer,AR Patel,1,0,"",""
ball,1,15.5,Zimbabwe,AG Cremer,E Chigumbura,AR Patel,1,0,"",""
ball,1,15.6,Zimbabwe,E Chigumbura,AG Cremer,AR Patel,0,0,"",""
ball,1,16.1,Zimbabwe,AG Cremer,E Chigumbura,YS Chahal,1,0,"",""
ball,1,16.2,Zimbabwe,E Chigumbura,AG Cremer,YS Chahal,6,0,"",""
ball,1,16.3,Zimbabwe,E Chigumbura,AG Cremer,YS Chahal,1,0,"",""
ball,1,16.4,Zimbabwe,AG Cremer,E Chigumbura,YS Chahal,1,0,"",""
ball,1,16.5,Zimbabwe,E Chigumbura,AG Cremer,YS Chahal,6,0,"",""
ball,1,16.6,Zimbabwe,E Chigumbura,AG Cremer,YS Chahal,0,0,"",""
ball,1,17.1,Zimbabwe,AG Cremer,E Chigumbura,JJ Bumrah,0,0,caught,AG Cremer
ball,1,17.2,Zimbabwe,E Chigumbura,N Madziva,JJ Bumrah,0,0,"",""
ball,1,17.3,Zimbabwe,E Chigumbura,N Madziva,JJ Bumrah,1,0,"",""
ball,1,17.4,Zimbabwe,N Madziva,E Chigumbura,JJ Bumrah,1,0,"",""
ball,1,17.5,Zimbabwe,E Chigumbura,N Madziva,JJ Bumrah,1,0,"",""
ball,1,17.6,Zimbabwe,N Madziva,E Chigumbura,JJ Bumrah,1,0,"",""
ball,1,18.1,Zimbabwe,N Madziva,E Chigumbura,JD Unadkat,1,0,"",""
ball,1,18.2,Zimbabwe,E Chigumbura,N Madziva,JD Unadkat,4,0,"",""
ball,1,18.3,Zimbabwe,E Chigumbura,N Madziva,JD Unadkat,6,0,"",""
ball,1,18.4,Zimbabwe,E Chigumbura,N Madziva,JD Unadkat,2,0,"",""
ball,1,18.5,Zimbabwe,E Chigumbura,N Madziva,JD Unadkat,0,1,"",""
ball,1,18.6,Zimbabwe,E Chigumbura,N Madziva,JD Unadkat,0,1,"",""
ball,1,18.7,Zimbabwe,E Chigumbura,N Madziva,JD Unadkat,6,0,"",""
ball,1,18.8,Zimbabwe,E Chigumbura,N Madziva,JD Unadkat,0,0,"",""
ball,1,19.1,Zimbabwe,N Madziva,E Chigumbura,JJ Bumrah,1,0,"",""
ball,1,19.2,Zimbabwe,E Chigumbura,N Madziva,JJ Bumrah,6,0,"",""
ball,1,19.3,Zimbabwe,E Chigumbura,N Madziva,JJ Bumrah,0,1,"",""
ball,1,19.4,Zimbabwe,N Madziva,E Chigumbura,JJ Bumrah,1,0,"",""
ball,1,19.5,Zimbabwe,E Chigumbura,N Madziva,JJ Bumrah,6,0,"",""
ball,1,19.6,Zimbabwe,E Chigumbura,N Madziva,JJ Bumrah,0,0,"",""
ball,2,0.1,India,KL Rahul,Mandeep Singh,DT Tiripano,0,0,bowled,KL Rahul
ball,2,0.2,India,AT Rayudu,Mandeep Singh,DT Tiripano,0,0,"",""
ball,2,0.3,India,AT Rayudu,Mandeep Singh,DT Tiripano,0,0,"",""
ball,2,0.4,India,AT Rayudu,Mandeep Singh,DT Tiripano,4,0,"",""
ball,2,0.5,India,AT Rayudu,Mandeep Singh,DT Tiripano,0,0,"",""
ball,2,0.6,India,AT Rayudu,Mandeep Singh,DT Tiripano,4,0,"",""
ball,2,1.1,India,Mandeep Singh,AT Rayudu,N Madziva,0,1,"",""
ball,2,1.2,India,Mandeep Singh,AT Rayudu,N Madziva,0,0,"",""
ball,2,1.3,India,Mandeep Singh,AT Rayudu,N Madziva,4,0,"",""
ball,2,1.4,India,Mandeep Singh,AT Rayudu,N Madziva,0,0,"",""
ball,2,1.5,India,Mandeep Singh,AT Rayudu,N Madziva,0,0,"",""
ball,2,1.6,India,Mandeep Singh,AT Rayudu,N Madziva,0,0,"",""
ball,2,1.7,India,Mandeep Singh,AT Rayudu,N Madziva,0,0,"",""
ball,2,2.1,India,AT Rayudu,Mandeep Singh,DT Tiripano,1,0,"",""
ball,2,2.2,India,Mandeep Singh,AT Rayudu,DT Tiripano,1,0,"",""
ball,2,2.3,India,AT Rayudu,Mandeep Singh,DT Tiripano,0,0,"",""
ball,2,2.4,India,AT Rayudu,Mandeep Singh,DT Tiripano,0,0,"",""
ball,2,2.5,India,AT Rayudu,Mandeep Singh,DT Tiripano,1,0,"",""
ball,2,2.6,India,Mandeep Singh,AT Rayudu,DT Tiripano,0,0,"",""
ball,2,3.1,India,AT Rayudu,Mandeep Singh,N Madziva,0,1,"",""
ball,2,3.2,India,Mandeep Singh,AT Rayudu,N Madziva,2,0,"",""
ball,2,3.3,India,Mandeep Singh,AT Rayudu,N Madziva,0,0,"",""
ball,2,3.4,India,Mandeep Singh,AT Rayudu,N Madziva,2,0,"",""
ball,2,3.5,India,Mandeep Singh,AT Rayudu,N Madziva,4,0,"",""
ball,2,3.6,India,Mandeep Singh,AT Rayudu,N Madziva,4,0,"",""
ball,2,4.1,India,AT Rayudu,Mandeep Singh,T Muzarabani,4,0,"",""
ball,2,4.2,India,AT Rayudu,Mandeep Singh,T Muzarabani,0,0,"",""
ball,2,4.3,India,AT Rayudu,Mandeep Singh,T Muzarabani,4,0,"",""
ball,2,4.4,India,AT Rayudu,Mandeep Singh,T Muzarabani,1,0,"",""
ball,2,4.5,India,Mandeep Singh,AT Rayudu,T Muzarabani,0,0,"",""
ball,2,4.6,India,Mandeep Singh,AT Rayudu,T Muzarabani,1,0,"",""
ball,2,5.1,India,Mandeep Singh,AT Rayudu,CJ Chibhabha,0,0,"",""
ball,2,5.2,India,Mandeep Singh,AT Rayudu,CJ Chibhabha,4,0,"",""
ball,2,5.3,India,Mandeep Singh,AT Rayudu,CJ Chibhabha,1,0,"",""
ball,2,5.4,India,AT Rayudu,Mandeep Singh,CJ Chibhabha,0,0,"",""
ball,2,5.5,India,AT Rayudu,Mandeep Singh,CJ Chibhabha,0,0,bowled,AT Rayudu
ball,2,5.6,India,MK Pandey,Mandeep Singh,CJ Chibhabha,0,0,"",""
ball,2,6.1,India,Mandeep Singh,MK Pandey,Sikandar Raza,0,0,"",""
ball,2,6.2,India,Mandeep Singh,MK Pandey,Sikandar Raza,0,0,"",""
ball,2,6.3,India,Mandeep Singh,MK Pandey,Sikandar Raza,0,0,"",""
ball,2,6.4,India,Mandeep Singh,MK Pandey,Sikandar Raza,1,0,"",""
ball,2,6.5,India,MK Pandey,Mandeep Singh,Sikandar Raza,1,0,"",""
ball,2,6.6,India,Mandeep Singh,MK Pandey,Sikandar Raza,1,0,"",""
ball,2,7.1,India,Mandeep Singh,MK Pandey,CJ Chibhabha,4,0,"",""
ball,2,7.2,India,Mandeep Singh,MK Pandey,CJ Chibhabha,2,0,"",""
ball,2,7.3,India,Mandeep Singh,MK Pandey,CJ Chibhabha,0,0,"",""
ball,2,7.4,India,Mandeep Singh,MK Pandey,CJ Chibhabha,0,0,caught,Mandeep Singh
ball,2,7.5,India,KM Jadhav,MK Pandey,CJ Chibhabha,1,0,"",""
ball,2,7.6,India,MK Pandey,KM Jadhav,CJ Chibhabha,1,0,"",""
ball,2,8.1,India,MK Pandey,KM Jadhav,Sikandar Raza,0,0,"",""
ball,2,8.2,India,MK Pandey,KM Jadhav,Sikandar Raza,1,0,"",""
ball,2,8.3,India,KM Jadhav,MK Pandey,Sikandar Raza,0,0,"",""
ball,2,8.4,India,KM Jadhav,MK Pandey,Sikandar Raza,2,0,"",""
ball,2,8.5,India,KM Jadhav,MK Pandey,Sikandar Raza,0,0,"",""
ball,2,8.6,India,KM Jadhav,MK Pandey,Sikandar Raza,2,0,"",""
ball,2,9.1,India,MK Pandey,KM Jadhav,AG Cremer,6,0,"",""
ball,2,9.2,India,MK Pandey,KM Jadhav,AG Cremer,0,0,"",""
ball,2,9.3,India,MK Pandey,KM Jadhav,AG Cremer,1,0,"",""
ball,2,9.4,India,KM Jadhav,MK Pandey,AG Cremer,0,0,"",""
ball,2,9.5,India,KM Jadhav,MK Pandey,AG Cremer,1,0,"",""
ball,2,9.6,India,MK Pandey,KM Jadhav,AG Cremer,1,0,"",""
ball,2,10.1,India,MK Pandey,KM Jadhav,Sikandar Raza,0,1,"",""
ball,2,10.2,India,MK Pandey,KM Jadhav,Sikandar Raza,0,0,"",""
ball,2,10.3,India,MK Pandey,KM Jadhav,Sikandar Raza,1,0,"",""
ball,2,10.4,India,KM Jadhav,MK Pandey,Sikandar Raza,6,0,"",""
ball,2,10.5,India,KM Jadhav,MK Pandey,Sikandar Raza,1,0,"",""
ball,2,10.6,India,MK Pandey,KM Jadhav,Sikandar Raza,0,0,"",""
ball,2,10.7,India,MK Pandey,KM Jadhav,Sikandar Raza,1,0,"",""
ball,2,11.1,India,MK Pandey,KM Jadhav,AG Cremer,1,0,"",""
ball,2,11.2,India,KM Jadhav,MK Pandey,AG Cremer,1,0,"",""
ball,2,11.3,India,MK Pandey,KM Jadhav,AG Cremer,1,0,"",""
ball,2,11.4,India,KM Jadhav,MK Pandey,AG Cremer,4,0,"",""
ball,2,11.5,India,KM Jadhav,MK Pandey,AG Cremer,1,0,"",""
ball,2,11.6,India,MK Pandey,KM Jadhav,AG Cremer,0,1,"",""
ball,2,11.7,India,MK Pandey,KM Jadhav,AG Cremer,1,0,"",""
ball,2,12.1,India,MK Pandey,KM Jadhav,T Muzarabani,1,0,"",""
ball,2,12.2,India,KM Jadhav,MK Pandey,T Muzarabani,0,0,bowled,KM Jadhav
ball,2,12.3,India,MS Dhoni,MK Pandey,T Muzarabani,0,0,"",""
ball,2,12.4,India,MS Dhoni,MK Pandey,T Muzarabani,1,0,"",""
ball,2,12.5,India,MK Pandey,MS Dhoni,T Muzarabani,1,0,"",""
ball,2,12.6,India,MS Dhoni,MK Pandey,T Muzarabani,0,0,"",""
ball,2,13.1,India,MK Pandey,MS Dhoni,AG Cremer,0,0,"",""
ball,2,13.2,India,MK Pandey,MS Dhoni,AG Cremer,2,0,"",""
ball,2,13.3,India,MK Pandey,MS Dhoni,AG Cremer,6,0,"",""
ball,2,13.4,India,MK Pandey,MS Dhoni,AG Cremer,6,0,"",""
ball,2,13.5,India,MK Pandey,MS Dhoni,AG Cremer,0,0,"",""
ball,2,13.6,India,MK Pandey,MS Dhoni,AG Cremer,2,0,"",""
ball,2,14.1,India,MS Dhoni,MK Pandey,T Muzarabani,1,0,"",""
ball,2,14.2,India,MK Pandey,MS Dhoni,T Muzarabani,2,0,"",""
ball,2,14.3,India,MK Pandey,MS Dhoni,T Muzarabani,1,0,"",""
ball,2,14.4,India,MS Dhoni,MK Pandey,T Muzarabani,4,0,"",""
ball,2,14.5,India,MS Dhoni,MK Pandey,T Muzarabani,1,0,"",""
ball,2,14.6,India,MK Pandey,MS Dhoni,T Muzarabani,1,0,"",""
ball,2,15.1,India,MK Pandey,MS Dhoni,N Madziva,1,0,"",""
ball,2,15.2,India,MS Dhoni,MK Pandey,N Madziva,0,1,"",""
ball,2,15.3,India,MS Dhoni,MK Pandey,N Madziva,0,1,"",""
ball,2,15.4,India,MS Dhoni,MK Pandey,N Madziva,1,0,"",""
ball,2,15.5,India,MK Pandey,MS Dhoni,N Madziva,4,0,"",""
ball,2,15.6,India,MK Pandey,MS Dhoni,N Madziva,1,0,"",""
ball,2,15.7,India,MS Dhoni,MK Pandey,N Madziva,2,0,"",""
ball,2,15.8,India,MS Dhoni,MK Pandey,N Madziva,1,0,"",""
ball,2,16.1,India,MS Dhoni,MK Pandey,DT Tiripano,1,0,"",""
ball,2,16.2,India,MK Pandey,MS Dhoni,DT Tiripano,2,0,"",""
ball,2,16.3,India,MK Pandey,MS Dhoni,DT Tiripano,2,0,"",""
ball,2,16.4,India,MK Pandey,MS Dhoni,DT Tiripano,0,1,"",""
ball,2,16.5,India,MK Pandey,MS Dhoni,DT Tiripano,0,1,"",""
ball,2,16.6,India,MK Pandey,MS Dhoni,DT Tiripano,0,0,"",""
ball,2,16.7,India,MK Pandey,MS Dhoni,DT Tiripano,0,1,"",""
ball,2,16.8,India,MS Dhoni,MK Pandey,DT Tiripano,0,3,"",""
ball,2,16.9,India,MS Dhoni,MK Pandey,DT Tiripano,1,0,"",""
ball,2,17.1,India,MS Dhoni,MK Pandey,T Muzarabani,1,0,"",""
ball,2,17.2,India,MK Pandey,MS Dhoni,T Muzarabani,0,0,caught,MK Pandey
ball,2,17.3,India,MS Dhoni,AR Patel,T Muzarabani,1,0,"",""
ball,2,17.4,India,AR Patel,MS Dhoni,T Muzarabani,0,0,"",""
ball,2,17.5,India,AR Patel,MS Dhoni,T Muzarabani,6,0,"",""
ball,2,17.6,India,AR Patel,MS Dhoni,T Muzarabani,0,0,"",""
ball,2,18.1,India,MS Dhoni,AR Patel,DT Tiripano,1,0,"",""
ball,2,18.2,India,AR Patel,MS Dhoni,DT Tiripano,0,0,"",""
ball,2,18.3,India,AR Patel,MS Dhoni,DT Tiripano,4,0,"",""
ball,2,18.4,India,AR Patel,MS Dhoni,DT Tiripano,0,0,"",""
ball,2,18.5,India,AR Patel,MS Dhoni,DT Tiripano,2,0,"",""
ball,2,18.6,India,AR Patel,MS Dhoni,DT Tiripano,6,0,"",""
ball,2,19.1,India,MS Dhoni,AR Patel,N Madziva,1,0,"",""
ball,2,19.2,India,AR Patel,MS Dhoni,N Madziva,0,0,caught,AR Patel
ball,2,19.3,India,MS Dhoni,R Dhawan,N Madziva,1,0,"",""
ball,2,19.4,India,R Dhawan,MS Dhoni,N Madziva,0,0,"",""
ball,2,19.5,India,R Dhawan,MS Dhoni,N Madziva,0,1,"",""
ball,2,19.6,India,R Dhawan,MS Dhoni,N Madziva,1,0,"",""
ball,2,19.7,India,MS Dhoni,R Dhawan,N Madziva,1,0,"",""
