version,1.3.0
info,team,New Zealand
info,team,Sri Lanka
info,gender,male
info,season,2006/07
info,date,2006/12/22
info,series,Sri Lanka in New Zealand T20I Series
info,match_number,1
info,venue,Westpac Stadium
info,city,Wellington
info,toss_winner,New Zealand
info,toss_decision,bat
info,player_of_match,ST Jayasuriya
info,umpire,AL Hill
info,umpire,EA Watkin
info,reserve_umpire,RD Anderson
info,tv_umpire,GAV Baxter
info,match_referee,J Srinath
info,winner,Sri Lanka
info,winner_runs,18
info,method,D/L
ball,1,0.1,New Zealand,BB McCullum,SP Fleming,WPUJC Vaas,0,4,"",""
ball,1,0.2,New Zealand,BB McCullum,SP Fleming,WPUJC Vaas,1,0,"",""
ball,1,0.3,New Zealand,SP Fleming,BB McCullum,WPUJC Vaas,0,0,"",""
ball,1,0.4,New Zealand,SP Fleming,BB McCullum,WPUJC Vaas,1,0,"",""
ball,1,0.5,New Zealand,BB McCullum,SP Fleming,WPUJC Vaas,0,0,"",""
ball,1,0.6,New Zealand,BB McCullum,SP Fleming,WPUJC Vaas,6,0,"",""
ball,1,1.1,New Zealand,SP Fleming,BB McCullum,MF Maharoof,4,0,"",""
ball,1,1.2,New Zealand,SP Fleming,BB McCullum,MF Maharoof,4,0,"",""
ball,1,1.3,New Zealand,SP Fleming,BB McCullum,MF Maharoof,4,0,"",""
ball,1,1.4,New Zealand,SP Fleming,BB McCullum,MF Maharoof,1,0,"",""
ball,1,1.5,New Zealand,BB McCullum,SP Fleming,MF Maharoof,4,0,"",""
ball,1,1.6,New Zealand,BB McCullum,SP Fleming,MF Maharoof,0,0,"",""
ball,1,2.1,New Zealand,SP Fleming,BB McCullum,WPUJC Vaas,0,0,"",""
ball,1,2.2,New Zealand,SP Fleming,BB McCullum,WPUJC Vaas,1,0,"",""
ball,1,2.3,New Zealand,BB McCullum,SP Fleming,WPUJC Vaas,0,0,"",""
ball,1,2.4,New Zealand,BB McCullum,SP Fleming,WPUJC Vaas,1,0,"",""
ball,1,2.5,New Zealand,SP Fleming,BB McCullum,WPUJC Vaas,2,0,"",""
ball,1,2.6,New Zealand,SP Fleming,BB McCullum,WPUJC Vaas,0,0,"",""
ball,1,3.1,New Zealand,BB McCullum,SP Fleming,CRD Fernando,4,0,"",""
ball,1,3.2,New Zealand,BB McCullum,SP Fleming,CRD Fernando,1,0,"",""
ball,1,3.3,New Zealand,SP Fleming,BB McCullum,CRD Fernando,4,0,"",""
ball,1,3.4,New Zealand,SP Fleming,BB McCullum,CRD Fernando,0,0,"",""
ball,1,3.5,New Zealand,SP Fleming,BB McCullum,CRD Fernando,1,0,"",""
ball,1,3.6,New Zealand,BB McCullum,SP Fleming,CRD Fernando,6,0,"",""
ball,1,4.1,New Zealand,SP Fleming,BB McCullum,WPUJC Vaas,0,0,"",""
ball,1,4.2,New Zealand,SP Fleming,BB McCullum,WPUJC Vaas,0,0,"",""
ball,1,4.3,New Zealand,SP Fleming,BB McCullum,WPUJC Vaas,2,0,"",""
ball,1,4.4,New Zealand,SP Fleming,BB McCullum,WPUJC Vaas,2,0,"",""
ball,1,4.5,New Zealand,SP Fleming,BB McCullum,WPUJC Vaas,2,0,"",""
ball,1,4.6,New Zealand,SP Fleming,BB McCullum,WPUJC Vaas,4,0,"",""
ball,1,5.1,New Zealand,BB McCullum,SP Fleming,CRD Fernando,1,0,"",""
ball,1,5.2,New Zealand,SP Fleming,BB McCullum,CRD Fernando,4,0,"",""
ball,1,5.3,New Zealand,SP Fleming,BB McCullum,CRD Fernando,1,0,"",""
ball,1,5.4,New Zealand,BB McCullum,SP Fleming,CRD Fernando,0,0,"",""
ball,1,5.5,New Zealand,BB McCullum,SP Fleming,CRD Fernando,0,0,"",""
ball,1,5.6,New Zealand,BB McCullum,SP Fleming,CRD Fernando,1,0,"",""
ball,1,6.1,New Zealand,BB McCullum,SP Fleming,M Muralitharan,6,0,"",""
ball,1,6.2,New Zealand,BB McCullum,SP Fleming,M Muralitharan,0,0,"",""
ball,1,6.3,New Zealand,BB McCullum,SP Fleming,M Muralitharan,6,0,"",""
ball,1,6.4,New Zealand,BB McCullum,SP Fleming,M Muralitharan,1,0,"",""
ball,1,6.5,New Zealand,SP Fleming,BB McCullum,M Muralitharan,1,0,"",""
ball,1,6.6,New Zealand,BB McCullum,SP Fleming,M Muralitharan,0,0,"",""
ball,1,7.1,New Zealand,SP Fleming,BB McCullum,MF Maharoof,0,0,"",""
ball,1,7.2,New Zealand,SP Fleming,BB McCullum,MF Maharoof,0,0,bowled,SP Fleming
ball,1,7.3,New Zealand,JEC Franklin,BB McCullum,MF Maharoof,0,0,"",""
ball,1,7.4,New Zealand,JEC Franklin,BB McCullum,MF Maharoof,1,0,"",""
ball,1,7.5,New Zealand,BB McCullum,JEC Franklin,MF Maharoof,1,0,"",""
ball,1,7.6,New Zealand,JEC Franklin,BB McCullum,MF Maharoof,0,0,"",""
ball,1,8.1,New Zealand,BB McCullum,JEC Franklin,M Muralitharan,0,0,caught,BB McCullum
ball,1,8.2,New Zealand,JEC Franklin,LRPL Taylor,M Muralitharan,0,1,"",""
ball,1,8.3,New Zealand,LRPL Taylor,JEC Franklin,M Muralitharan,1,0,"",""
ball,1,8.4,New Zealand,JEC Franklin,LRPL Taylor,M Muralitharan,0,0,"",""
ball,1,8.5,New Zealand,JEC Franklin,LRPL Taylor,M Muralitharan,4,0,"",""
ball,1,8.6,New Zealand,JEC Franklin,LRPL Taylor,M Muralitharan,0,1,"",""
ball,1,8.7,New Zealand,JEC Franklin,LRPL Taylor,M Muralitharan,1,0,"",""
ball,1,9.1,New Zealand,JEC Franklin,LRPL Taylor,MF Maharoof,0,0,"",""
ball,1,9.2,New Zealand,JEC Franklin,LRPL Taylor,MF Maharoof,4,0,"",""
ball,1,9.3,New Zealand,JEC Franklin,LRPL Taylor,MF Maharoof,0,0,"",""
ball,1,9.4,New Zealand,JEC Franklin,LRPL Taylor,MF Maharoof,6,0,"",""
ball,1,9.5,New Zealand,JEC Franklin,LRPL Taylor,MF Maharoof,1,0,"",""
ball,1,9.6,New Zealand,LRPL Taylor,JEC Franklin,MF Maharoof,0,0,"",""
ball,1,10.1,New Zealand,JEC Franklin,LRPL Taylor,M Muralitharan,0,0,"",""
ball,1,10.2,New Zealand,JEC Franklin,LRPL Taylor,M Muralitharan,1,0,"",""
ball,1,10.3,New Zealand,LRPL Taylor,JEC Franklin,M Muralitharan,0,0,"",""
ball,1,10.4,New Zealand,LRPL Taylor,JEC Franklin,M Muralitharan,0,0,"",""
ball,1,10.5,New Zealand,LRPL Taylor,JEC Franklin,M Muralitharan,1,0,"",""
ball,1,10.6,New Zealand,JEC Franklin,LRPL Taylor,M Muralitharan,0,2,"",""
ball,1,10.7,New Zealand,LRPL Taylor,JEC Franklin,M Muralitharan,1,0,"",""
ball,1,11.1,New Zealand,LRPL Taylor,JEC Franklin,ST Jayasuriya,0,0,"",""
ball,1,11.2,New Zealand,LRPL Taylor,JEC Franklin,ST Jayasuriya,0,0,"",""
ball,1,11.3,New Zealand,LRPL Taylor,JEC Franklin,ST Jayasuriya,1,0,"",""
ball,1,11.4,New Zealand,JEC Franklin,LRPL Taylor,ST Jayasuriya,0,0,lbw,JEC Franklin
ball,1,11.5,New Zealand,NJ Astle,LRPL Taylor,ST Jayasuriya,1,0,"",""
ball,1,11.6,New Zealand,LRPL Taylor,NJ Astle,ST Jayasuriya,0,0,"",""
ball,1,12.1,New Zealand,NJ Astle,LRPL Taylor,CRD Fernando,1,0,"",""
ball,1,12.2,New Zealand,LRPL Taylor,NJ Astle,CRD Fernando,2,0,"",""
ball,1,12.3,New Zealand,LRPL Taylor,NJ Astle,CRD Fernando,4,0,"",""
ball,1,12.4,New Zealand,LRPL Taylor,NJ Astle,CRD Fernando,4,0,"",""
ball,1,12.5,New Zealand,LRPL Taylor,NJ Astle,CRD Fernando,2,0,"",""
ball,1,12.6,New Zealand,LRPL Taylor,NJ Astle,CRD Fernando,0,1,"",""
ball,1,13.1,New Zealand,LRPL Taylor,NJ Astle,ST Jayasuriya,1,0,"",""
ball,1,13.2,New Zealand,NJ Astle,LRPL Taylor,ST Jayasuriya,1,0,"",""
ball,1,13.3,New Zealand,LRPL Taylor,NJ Astle,ST Jayasuriya,3,0,"",""
ball,1,13.4,New Zealand,NJ Astle,LRPL Taylor,ST Jayasuriya,1,0,"",""
ball,1,13.5,New Zealand,LRPL Taylor,NJ Astle,ST Jayasuriya,1,0,"",""
ball,1,13.6,New Zealand,NJ Astle,LRPL Taylor,ST Jayasuriya,1,0,"",""
ball,1,14.1,New Zealand,NJ Astle,LRPL Taylor,M Muralitharan,1,0,"",""
ball,1,14.2,New Zealand,LRPL Taylor,NJ Astle,M Muralitharan,0,0,"",""
ball,1,14.3,New Zealand,LRPL Taylor,NJ Astle,M Muralitharan,0,0,"",""
ball,1,14.4,New Zealand,LRPL Taylor,NJ Astle,M Muralitharan,0,0,lbw,LRPL Taylor
ball,1,14.5,New Zealand,JAH Marshall,NJ Astle,M Muralitharan,0,0,"",""
ball,1,14.6,New Zealand,JAH Marshall,NJ Astle,M Muralitharan,0,1,"",""
ball,1,15.1,New Zealand,JAH Marshall,NJ Astle,ST Jayasuriya,1,0,"",""
ball,1,15.2,New Zealand,NJ Astle,JAH Marshall,ST Jayasuriya,0,0,"",""
ball,1,15.3,New Zealand,NJ Astle,JAH Marshall,ST Jayasuriya,0,1,"",""
ball,1,15.4,New Zealand,NJ Astle,JAH Marshall,ST Jayasuriya,1,0,"",""
ball,1,15.5,New Zealand,JAH Marshall,NJ Astle,ST Jayasuriya,0,0,caught,JAH Marshall
ball,1,15.6,New Zealand,PD McGlashan,NJ Astle,ST Jayasuriya,0,0,"",""
ball,1,15.7,New Zealand,PD McGlashan,NJ Astle,ST Jayasuriya,0,0,"",""
ball,1,16.1,New Zealand,NJ Astle,PD McGlashan,DPMD Jayawardene,1,0,"",""
ball,1,16.2,New Zealand,PD McGlashan,NJ Astle,DPMD Jayawardene,1,0,"",""
ball,1,16.3,New Zealand,NJ Astle,PD McGlashan,DPMD Jayawardene,4,0,"",""
ball,1,16.4,New Zealand,NJ Astle,PD McGlashan,DPMD Jayawardene,1,0,"",""
ball,1,16.5,New Zealand,PD McGlashan,NJ Astle,DPMD Jayawardene,0,0,"",""
ball,1,16.6,New Zealand,PD McGlashan,NJ Astle,DPMD Jayawardene,1,0,"",""
ball,1,17.1,New Zealand,PD McGlashan,NJ Astle,ST Jayasuriya,1,0,"",""
ball,1,17.2,New Zealand,NJ Astle,PD McGlashan,ST Jayasuriya,6,0,"",""
ball,1,17.3,New Zealand,NJ Astle,PD McGlashan,ST Jayasuriya,0,0,bowled,NJ Astle
ball,1,17.4,New Zealand,AR Adams,PD McGlashan,ST Jayasuriya,1,0,"",""
ball,1,17.5,New Zealand,PD McGlashan,AR Adams,ST Jayasuriya,0,0,"",""
ball,1,17.6,New Zealand,PD McGlashan,AR Adams,ST Jayasuriya,0,1,"",""
ball,1,18.1,New Zealand,PD McGlashan,AR Adams,LPC Silva,1,0,"",""
ball,1,18.2,New Zealand,AR Adams,PD McGlashan,LPC Silva,1,0,"",""
ball,1,18.3,New Zealand,PD McGlashan,AR Adams,LPC Silva,0,0,"",""
ball,1,18.4,New Zealand,PD McGlashan,AR Adams,LPC Silva,1,0,"",""
ball,1,18.5,New Zealand,AR Adams,PD McGlashan,LPC Silva,1,0,"",""
ball,1,18.6,New Zealand,PD McGlashan,AR Adams,LPC Silva,0,0,stumped,PD McGlashan
ball,1,19.1,New Zealand,AR Adams,SE Bond,WPUJC Vaas,2,0,"",""
ball,1,19.2,New Zealand,AR Adams,SE Bond,WPUJC Vaas,1,0,"",""
ball,1,19.3,New Zealand,SE Bond,AR Adams,WPUJC Vaas,0,0,"",""
ball,1,19.4,New Zealand,SE Bond,AR Adams,WPUJC Vaas,0,0,bowled,SE Bond
ball,1,19.5,New Zealand,MR Gillespie,AR Adams,WPUJC Vaas,2,0,"",""
ball,1,19.6,New Zealand,MR Gillespie,AR Adams,WPUJC Vaas,1,0,"",""
ball,2,0.1,Sri Lanka,WU Tharanga,ST Jayasuriya,SE Bond,0,0,"",""
ball,2,0.2,Sri Lanka,WU Tharanga,ST Jayasuriya,SE Bond,0,1,"",""
ball,2,0.3,Sri Lanka,ST Jayasuriya,WU Tharanga,SE Bond,4,0,"",""
ball,2,0.4,Sri Lanka,ST Jayasuriya,WU Tharanga,SE Bond,4,0,"",""
ball,2,0.5,Sri Lanka,ST Jayasuriya,WU Tharanga,SE Bond,0,0,"",""
ball,2,0.6,Sri Lanka,ST Jayasuriya,WU Tharanga,SE Bond,0,0,"",""
ball,2,1.1,Sri Lanka,WU Tharanga,ST Jayasuriya,JEC Franklin,0,0,"",""
ball,2,1.2,Sri Lanka,WU Tharanga,ST Jayasuriya,JEC Franklin,1,0,"",""
ball,2,1.3,Sri Lanka,ST Jayasuriya,WU Tharanga,JEC Franklin,0,1,"",""
ball,2,1.4,Sri Lanka,ST Jayasuriya,WU Tharanga,JEC Franklin,4,0,"",""
ball,2,1.5,Sri Lanka,ST Jayasuriya,WU Tharanga,JEC Franklin,4,0,"",""
ball,2,1.6,Sri Lanka,ST Jayasuriya,WU Tharanga,JEC Franklin,4,0,"",""
ball,2,1.7,Sri Lanka,ST Jayasuriya,WU Tharanga,JEC Franklin,0,0,"",""
ball,2,2.1,Sri Lanka,WU Tharanga,ST Jayasuriya,SE Bond,1,0,"",""
ball,2,2.2,Sri Lanka,ST Jayasuriya,WU Tharanga,SE Bond,0,0,"",""
ball,2,2.3,Sri Lanka,ST Jayasuriya,WU Tharanga,SE Bond,0,1,"",""
ball,2,2.4,Sri Lanka,ST Jayasuriya,WU Tharanga,SE Bond,0,0,"",""
ball,2,2.5,Sri Lanka,ST Jayasuriya,WU Tharanga,SE Bond,1,0,"",""
ball,2,2.6,Sri Lanka,WU Tharanga,ST Jayasuriya,SE Bond,1,0,"",""
ball,2,2.7,Sri Lanka,ST Jayasuriya,WU Tharanga,SE Bond,4,0,"",""
ball,2,3.1,Sri Lanka,WU Tharanga,ST Jayasuriya,JEC Franklin,2,0,"",""
ball,2,3.2,Sri Lanka,WU Tharanga,ST Jayasuriya,JEC Franklin,0,0,"",""
ball,2,3.3,Sri Lanka,WU Tharanga,ST Jayasuriya,JEC Franklin,1,0,"",""
ball,2,3.4,Sri Lanka,ST Jayasuriya,WU Tharanga,JEC Franklin,2,0,"",""
ball,2,3.5,Sri Lanka,ST Jayasuriya,WU Tharanga,JEC Franklin,0,0,"",""
ball,2,3.6,Sri Lanka,ST Jayasuriya,WU Tharanga,JEC Franklin,0,0,"",""
ball,2,4.1,Sri Lanka,WU Tharanga,ST Jayasuriya,SE Bond,0,0,caught,WU Tharanga
ball,2,4.2,Sri Lanka,DPMD Jayawardene,ST Jayasuriya,SE Bond,1,0,"",""
ball,2,4.3,Sri Lanka,ST Jayasuriya,DPMD Jayawardene,SE Bond,1,0,"",""
ball,2,4.4,Sri Lanka,DPMD Jayawardene,ST Jayasuriya,SE Bond,1,0,"",""
ball,2,4.5,Sri Lanka,ST Jayasuriya,DPMD Jayawardene,SE Bond,4,0,"",""
ball,2,4.6,Sri Lanka,ST Jayasuriya,DPMD Jayawardene,SE Bond,1,0,"",""
ball,2,5.1,Sri Lanka,ST Jayasuriya,DPMD Jayawardene,AR Adams,0,0,"",""
ball,2,5.2,Sri Lanka,ST Jayasuriya,DPMD Jayawardene,AR Adams,4,0,"",""
ball,2,5.3,Sri Lanka,ST Jayasuriya,DPMD Jayawardene,AR Adams,6,0,"",""
ball,2,5.4,Sri Lanka,ST Jayasuriya,DPMD Jayawardene,AR Adams,4,0,"",""
ball,2,5.5,Sri Lanka,ST Jayasuriya,DPMD Jayawardene,AR Adams,4,0,"",""
