version,1.3.0
info,team,Australia
info,team,Zimbabwe
info,gender,male
info,season,2007/08
info,date,2007/09/12
info,competition,ICC World Twenty20
info,match_number,4
info,venue,Newlands
info,city,Cape Town
info,neutralvenue,true
info,toss_winner,Australia
info,toss_decision,bat
info,player_of_match,BRM Taylor
info,umpire,Asad Rauf
info,umpire,AL Hill
info,reserve_umpire,M Erasmus
info,tv_umpire,IL Howell
info,match_referee,RS Madugalle
info,winner,Zimbabwe
info,winner_wickets,5
ball,1,0.1,Australia,AC Gilchrist,ML Hayden,E Chigumbura,2,0,"",""
ball,1,0.2,Australia,AC Gilchrist,ML Hayden,E Chigumbura,1,0,"",""
ball,1,0.3,Australia,ML Hayden,AC Gilchrist,E Chigumbura,4,0,"",""
ball,1,0.4,Australia,ML Hayden,AC Gilchrist,E Chigumbura,0,0,caught,ML Hayden
ball,1,0.5,Australia,RT Ponting,AC Gilchrist,E Chigumbura,0,0,"",""
ball,1,0.6,Australia,RT Ponting,AC Gilchrist,E Chigumbura,0,0,"",""
ball,1,1.1,Australia,AC Gilchrist,RT Ponting,GB Brent,0,0,"",""
ball,1,1.2,Australia,AC Gilchrist,RT Ponting,GB Brent,0,1,"",""
ball,1,1.3,Australia,AC Gilchrist,RT Ponting,GB Brent,0,1,"",""
ball,1,1.4,Australia,AC Gilchrist,RT Ponting,GB Brent,0,0,"",""
ball,1,1.5,Australia,AC Gilchrist,RT Ponting,GB Brent,1,0,"",""
ball,1,1.6,Australia,RT Ponting,AC Gilchrist,GB Brent,0,0,"",""
ball,1,1.7,Australia,RT Ponting,AC Gilchrist,GB Brent,0,0,"",""
ball,1,1.8,Australia,RT Ponting,AC Gilchrist,GB Brent,1,0,"",""
ball,1,2.1,Australia,RT Ponting,AC Gilchrist,E Chigumbura,1,0,"",""
ball,1,2.2,Australia,AC Gilchrist,RT Ponting,E Chigumbura,0,0,caught,AC Gilchrist
ball,1,2.3,Australia,RT Ponting,A Symonds,E Chigumbura,0,0,"",""
ball,1,2.4,Australia,RT Ponting,A Symonds,E Chigumbura,0,0,"",""
ball,1,2.5,Australia,RT Ponting,A Symonds,E Chigumbura,0,0,"",""
ball,1,2.6,Australia,RT Ponting,A Symonds,E Chigumbura,2,0,"",""
ball,1,3.1,Australia,A Symonds,RT Ponting,GB Brent,1,0,"",""
ball,1,3.2,Australia,RT Ponting,A Symonds,GB Brent,0,0,"",""
ball,1,3.3,Australia,RT Ponting,A Symonds,GB Brent,4,0,"",""
ball,1,3.4,Australia,RT Ponting,A Symonds,GB Brent,0,0,"",""
ball,1,3.5,Australia,RT Ponting,A Symonds,GB Brent,0,0,"",""
ball,1,3.6,Australia,RT Ponting,A Symonds,GB Brent,0,0,caught,RT Ponting
ball,1,4.1,Australia,MEK Hussey,A Symonds,T Mupariwa,0,0,"",""
ball,1,4.2,Australia,MEK Hussey,A Symonds,T Mupariwa,0,1,"",""
ball,1,4.3,Australia,MEK Hussey,A Symonds,T Mupariwa,0,0,"",""
ball,1,4.4,Australia,MEK Hussey,A Symonds,T Mupariwa,0,0,"",""
ball,1,4.5,Australia,MEK Hussey,A Symonds,T Mupariwa,0,0,"",""
ball,1,4.6,Australia,MEK Hussey,A Symonds,T Mupariwa,0,0,"",""
ball,1,4.7,Australia,MEK Hussey,A Symonds,T Mupariwa,1,0,"",""
ball,1,5.1,Australia,MEK Hussey,A Symonds,GB Brent,0,0,"",""
ball,1,5.2,Australia,MEK Hussey,A Symonds,GB Brent,0,0,"",""
ball,1,5.3,Australia,MEK Hussey,A Symonds,GB Brent,0,0,"",""
ball,1,5.4,Australia,MEK Hussey,A Symonds,GB Brent,1,0,"",""
ball,1,5.5,Australia,A Symonds,MEK Hussey,GB Brent,0,0,"",""
ball,1,5.6,Australia,A Symonds,MEK Hussey,GB Brent,0,0,"",""
ball,1,6.1,Australia,MEK Hussey,A Symonds,T Mupariwa,1,0,"",""
ball,1,6.2,Australia,A Symonds,MEK Hussey,T Mupariwa,2,0,"",""
ball,1,6.3,Australia,A Symonds,MEK Hussey,T Mupariwa,0,0,"",""
ball,1,6.4,Australia,A Symonds,MEK Hussey,T Mupariwa,1,0,"",""
ball,1,6.5,Australia,MEK Hussey,A Symonds,T Mupariwa,1,0,"",""
ball,1,6.6,Australia,A Symonds,MEK Hussey,T Mupariwa,0,1,"",""
ball,1,6.7,Australia,A Symonds,MEK Hussey,T Mupariwa,4,0,"",""
ball,1,7.1,Australia,MEK Hussey,A Symonds,CJ Chibhabha,0,0,"",""
ball,1,7.2,Australia,MEK Hussey,A Symonds,CJ Chibhabha,0,0,"",""
ball,1,7.3,Australia,MEK Hussey,A Symonds,CJ Chibhabha,0,0,"",""
ball,1,7.4,Australia,MEK Hussey,A Symonds,CJ Chibhabha,1,0,"",""
ball,1,7.5,Australia,A Symonds,MEK Hussey,CJ Chibhabha,0,0,"",""
ball,1,7.6,Australia,A Symonds,MEK Hussey,CJ Chibhabha,4,0,"",""
ball,1,8.1,Australia,MEK Hussey,A Symonds,P Utseya,4,0,"",""
ball,1,8.2,Australia,MEK Hussey,A Symonds,P Utseya,0,0,"",""
ball,1,8.3,Australia,MEK Hussey,A Symonds,P Utseya,1,0,"",""
ball,1,8.4,Australia,A Symonds,MEK Hussey,P Utseya,1,0,"",""
ball,1,8.5,Australia,MEK Hussey,A Symonds,P Utseya,2,0,"",""
ball,1,8.6,Australia,MEK Hussey,A Symonds,P Utseya,3,0,"",""
ball,1,9.1,Australia,MEK Hussey,A Symonds,CJ Chibhabha,0,0,"",""
ball,1,9.2,Australia,MEK Hussey,A Symonds,CJ Chibhabha,0,0,run out,MEK Hussey
ball,1,9.3,Australia,BJ Hodge,A Symonds,CJ Chibhabha,0,0,"",""
ball,1,9.4,Australia,BJ Hodge,A Symonds,CJ Chibhabha,1,0,"",""
ball,1,9.5,Australia,A Symonds,BJ Hodge,CJ Chibhabha,0,1,"",""
ball,1,9.6,Australia,A Symonds,BJ Hodge,CJ Chibhabha,1,0,"",""
ball,1,9.7,Australia,BJ Hodge,A Symonds,CJ Chibhabha,0,0,"",""
ball,1,10.1,Australia,A Symonds,BJ Hodge,P Utseya,0,0,"",""
ball,1,10.2,Australia,A Symonds,BJ Hodge,P Utseya,4,0,"",""
ball,1,10.3,Australia,A Symonds,BJ Hodge,P Utseya,2,0,"",""
ball,1,10.4,Australia,A Symonds,BJ Hodge,P Utseya,1,0,"",""
ball,1,10.5,Australia,BJ Hodge,A Symonds,P Utseya,0,0,"",""
ball,1,10.6,Australia,BJ Hodge,A Symonds,P Utseya,2,0,"",""
ball,1,11.1,Australia,A Symonds,BJ Hodge,CJ Chibhabha,4,0,"",""
ball,1,11.2,Australia,A Symonds,BJ Hodge,CJ Chibhabha,2,0,"",""
ball,1,11.3,Australia,A Symonds,BJ Hodge,CJ Chibhabha,0,0,"",""
ball,1,11.4,Australia,A Symonds,BJ Hodge,CJ Chibhabha,1,0,"",""
ball,1,11.5,Australia,BJ Hodge,A Symonds,CJ Chibhabha,1,0,"",""
ball,1,11.6,Australia,A Symonds,BJ Hodge,CJ Chibhabha,1,0,"",""
ball,1,12.1,Australia,A Symonds,BJ Hodge,T Taibu,0,1,"",""
ball,1,12.2,Australia,BJ Hodge,A Symonds,T Taibu,4,0,"",""
ball,1,12.3,Australia,BJ Hodge,A Symonds,T Taibu,1,0,"",""
ball,1,12.4,Australia,A Symonds,BJ Hodge,T Taibu,2,0,"",""
ball,1,12.5,Australia,A Symonds,BJ Hodge,T Taibu,1,0,"",""
ball,1,12.6,Australia,BJ Hodge,A Symonds,T Taibu,0,0,"",""
ball,1,13.1,Australia,A Symonds,BJ Hodge,H Masakadza,1,0,"",""
ball,1,13.2,Australia,BJ Hodge,A Symonds,H Masakadza,6,0,"",""
ball,1,13.3,Australia,BJ Hodge,A Symonds,H Masakadza,1,0,"",""
ball,1,13.4,Australia,A Symonds,BJ Hodge,H Masakadza,0,0,stumped,A Symonds
ball,1,13.5,Australia,BJ Haddin,BJ Hodge,H Masakadza,0,0,"",""
ball,1,13.6,Australia,BJ Haddin,BJ Hodge,H Masakadza,1,0,"",""
ball,1,14.1,Australia,BJ Haddin,BJ Hodge,P Utseya,0,0,"",""
ball,1,14.2,Australia,BJ Haddin,BJ Hodge,P Utseya,0,0,"",""
ball,1,14.3,Australia,BJ Haddin,BJ Hodge,P Utseya,1,0,"",""
ball,1,14.4,Australia,BJ Hodge,BJ Haddin,P Utseya,1,0,"",""
ball,1,14.5,Australia,BJ Haddin,BJ Hodge,P Utseya,0,0,"",""
ball,1,14.6,Australia,BJ Haddin,BJ Hodge,P Utseya,1,0,"",""
ball,1,15.1,Australia,BJ Haddin,BJ Hodge,T Mupariwa,0,1,"",""
ball,1,15.2,Australia,BJ Haddin,BJ Hodge,T Mupariwa,0,0,"",""
ball,1,15.3,Australia,BJ Haddin,BJ Hodge,T Mupariwa,0,0,"",""
ball,1,15.4,Australia,BJ Haddin,BJ Hodge,T Mupariwa,1,0,"",""
ball,1,15.5,Australia,BJ Hodge,BJ Haddin,T Mupariwa,6,0,"",""
ball,1,15.6,Australia,BJ Hodge,BJ Haddin,T Mupariwa,1,0,"",""
ball,1,15.7,Australia,BJ Haddin,BJ Hodge,T Mupariwa,2,0,"",""
ball,1,16.1,Australia,BJ Hodge,BJ Haddin,P Utseya,1,0,"",""
ball,1,16.2,Australia,BJ Haddin,BJ Hodge,P Utseya,0,0,caught,BJ Haddin
ball,1,16.3,Australia,BJ Hodge,B Lee,P Utseya,2,0,"",""
ball,1,16.4,Australia,BJ Hodge,B Lee,P Utseya,1,0,"",""
ball,1,16.5,Australia,B Lee,BJ Hodge,P Utseya,1,0,"",""
ball,1,16.6,Australia,BJ Hodge,B Lee,P Utseya,0,0,"",""
ball,1,17.1,Australia,B Lee,BJ Hodge,T Taibu,1,0,"",""
ball,1,17.2,Australia,BJ Hodge,B Lee,T Taibu,1,0,"",""
ball,1,17.3,Australia,B Lee,BJ Hodge,T Taibu,0,0,"",""
ball,1,17.4,Australia,B Lee,BJ Hodge,T Taibu,4,0,"",""
ball,1,17.5,Australia,B Lee,BJ Hodge,T Taibu,6,0,"",""
ball,1,17.6,Australia,B Lee,BJ Hodge,T Taibu,1,0,"",""
ball,1,18.1,Australia,B Lee,BJ Hodge,GB Brent,0,0,bowled,B Lee
ball,1,18.2,Australia,MG Johnson,BJ Hodge,GB Brent,1,0,"",""
ball,1,18.3,Australia,BJ Hodge,MG Johnson,GB Brent,1,0,"",""
ball,1,18.4,Australia,MG Johnson,BJ Hodge,GB Brent,0,0,"",""
ball,1,18.5,Australia,MG Johnson,BJ Hodge,GB Brent,4,0,"",""
ball,1,18.6,Australia,MG Johnson,BJ Hodge,GB Brent,3,0,"",""
ball,1,19.1,Australia,MG Johnson,BJ Hodge,E Chigumbura,1,0,"",""
ball,1,19.2,Australia,BJ Hodge,MG Johnson,E Chigumbura,4,0,"",""
ball,1,19.3,Australia,BJ Hodge,MG Johnson,E Chigumbura,1,0,run out,MG Johnson
ball,1,19.4,Australia,NW Bracken,BJ Hodge,E Chigumbura,2,0,"",""
ball,1,19.5,Australia,NW Bracken,BJ Hodge,E Chigumbura,2,0,"",""
ball,1,19.6,Australia,NW Bracken,BJ Hodge,E Chigumbura,0,0,caught,NW Bracken
ball,2,0.1,Zimbabwe,V Sibanda,BRM Taylor,B Lee,0,1,"",""
ball,2,0.2,Zimbabwe,V Sibanda,BRM Taylor,B Lee,0,1,"",""
ball,2,0.3,Zimbabwe,V Sibanda,BRM Taylor,B Lee,0,0,"",""
ball,2,0.4,Zimbabwe,V Sibanda,BRM Taylor,B Lee,0,0,"",""
ball,2,0.5,Zimbabwe,V Sibanda,BRM Taylor,B Lee,1,0,"",""
ball,2,0.6,Zimbabwe,BRM Taylor,V Sibanda,B Lee,1,0,"",""
ball,2,0.7,Zimbabwe,V Sibanda,BRM Taylor,B Lee,4,0,"",""
ball,2,0.8,Zimbabwe,V Sibanda,BRM Taylor,B Lee,0,0,"",""
ball,2,1.1,Zimbabwe,BRM Taylor,V Sibanda,NW Bracken,0,0,"",""
ball,2,1.2,Zimbabwe,BRM Taylor,V Sibanda,NW Bracken,0,0,"",""
ball,2,1.3,Zimbabwe,BRM Taylor,V Sibanda,NW Bracken,1,0,"",""
ball,2,1.4,Zimbabwe,V Sibanda,BRM Taylor,NW Bracken,0,0,"",""
ball,2,1.5,Zimbabwe,V Sibanda,BRM Taylor,NW Bracken,0,0,"",""
ball,2,1.6,Zimbabwe,V Sibanda,BRM Taylor,NW Bracken,4,0,"",""
ball,2,2.1,Zimbabwe,BRM Taylor,V Sibanda,B Lee,0,0,"",""
ball,2,2.2,Zimbabwe,BRM Taylor,V Sibanda,B Lee,1,0,"",""
ball,2,2.3,Zimbabwe,V Sibanda,BRM Taylor,B Lee,2,0,"",""
ball,2,2.4,Zimbabwe,V Sibanda,BRM Taylor,B Lee,4,0,"",""
ball,2,2.5,Zimbabwe,V Sibanda,BRM Taylor,B Lee,4,0,"",""
ball,2,2.6,Zimbabwe,V Sibanda,BRM Taylor,B Lee,0,0,"",""
ball,2,3.1,Zimbabwe,BRM Taylor,V Sibanda,NW Bracken,2,0,"",""
ball,2,3.2,Zimbabwe,BRM Taylor,V Sibanda,NW Bracken,1,0,"",""
ball,2,3.3,Zimbabwe,V Sibanda,BRM Taylor,NW Bracken,4,0,"",""
ball,2,3.4,Zimbabwe,V Sibanda,BRM Taylor,NW Bracken,0,0,"",""
ball,2,3.5,Zimbabwe,V Sibanda,BRM Taylor,NW Bracken,0,0,caught,V Sibanda
ball,2,3.6,Zimbabwe,CJ Chibhabha,BRM Taylor,NW Bracken,0,0,"",""
ball,2,4.1,Zimbabwe,BRM Taylor,CJ Chibhabha,SR Clark,1,0,"",""
ball,2,4.2,Zimbabwe,CJ Chibhabha,BRM Taylor,SR Clark,2,0,"",""
ball,2,4.3,Zimbabwe,CJ Chibhabha,BRM Taylor,SR Clark,0,0,"",""
ball,2,4.4,Zimbabwe,CJ Chibhabha,BRM Taylor,SR Clark,0,0,"",""
ball,2,4.5,Zimbabwe,CJ Chibhabha,BRM Taylor,SR Clark,0,0,"",""
ball,2,4.6,Zimbabwe,CJ Chibhabha,BRM Taylor,SR Clark,4,0,"",""
ball,2,5.1,Zimbabwe,BRM Taylor,CJ Chibhabha,MG Johnson,1,0,"",""
ball,2,5.2,Zimbabwe,CJ Chibhabha,BRM Taylor,MG Johnson,0,0,"",""
ball,2,5.3,Zimbabwe,CJ Chibhabha,BRM Taylor,MG Johnson,4,0,"",""
ball,2,5.4,Zimbabwe,CJ Chibhabha,BRM Taylor,MG Johnson,0,0,"",""
ball,2,5.5,Zimbabwe,CJ Chibhabha,BRM Taylor,MG Johnson,4,0,"",""
ball,2,5.6,Zimbabwe,CJ Chibhabha,BRM Taylor,MG Johnson,0,0,"",""
ball,2,6.1,Zimbabwe,BRM Taylor,CJ Chibhabha,SR Clark,1,0,"",""
ball,2,6.2,Zimbabwe,CJ Chibhabha,BRM Taylor,SR Clark,1,0,"",""
ball,2,6.3,Zimbabwe,BRM Taylor,CJ Chibhabha,SR Clark,4,0,"",""
ball,2,6.4,Zimbabwe,BRM Taylor,CJ Chibhabha,SR Clark,1,0,"",""
ball,2,6.5,Zimbabwe,CJ Chibhabha,BRM Taylor,SR Clark,0,0,"",""
ball,2,6.6,Zimbabwe,CJ Chibhabha,BRM Taylor,SR Clark,0,0,caught,CJ Chibhabha
ball,2,7.1,Zimbabwe,T Taibu,BRM Taylor,MG Johnson,0,0,"",""
ball,2,7.2,Zimbabwe,T Taibu,BRM Taylor,MG Johnson,0,0,"",""
ball,2,7.3,Zimbabwe,T Taibu,BRM Taylor,MG Johnson,0,0,"",""
ball,2,7.4,Zimbabwe,T Taibu,BRM Taylor,MG Johnson,0,1,"",""
ball,2,7.5,Zimbabwe,T Taibu,BRM Taylor,MG Johnson,0,0,"",""
ball,2,7.6,Zimbabwe,T Taibu,BRM Taylor,MG Johnson,0,0,"",""
ball,2,7.7,Zimbabwe,T Taibu,BRM Taylor,MG Johnson,0,0,caught,T Taibu
ball,2,8.1,Zimbabwe,BRM Taylor,S Matsikenyeri,SR Clark,1,0,"",""
ball,2,8.2,Zimbabwe,S Matsikenyeri,BRM Taylor,SR Clark,0,0,"",""
ball,2,8.3,Zimbabwe,S Matsikenyeri,BRM Taylor,SR Clark,1,0,"",""
ball,2,8.4,Zimbabwe,BRM Taylor,S Matsikenyeri,SR Clark,0,0,"",""
ball,2,8.5,Zimbabwe,BRM Taylor,S Matsikenyeri,SR Clark,1,0,"",""
ball,2,8.6,Zimbabwe,S Matsikenyeri,BRM Taylor,SR Clark,0,0,"",""
ball,2,9.1,Zimbabwe,BRM Taylor,S Matsikenyeri,MG Johnson,1,0,"",""
ball,2,9.2,Zimbabwe,S Matsikenyeri,BRM Taylor,MG Johnson,0,0,"",""
ball,2,9.3,Zimbabwe,S Matsikenyeri,BRM Taylor,MG Johnson,1,0,"",""
ball,2,9.4,Zimbabwe,BRM Taylor,S Matsikenyeri,MG Johnson,0,0,"",""
ball,2,9.5,Zimbabwe,BRM Taylor,S Matsikenyeri,MG Johnson,4,0,"",""
ball,2,9.6,Zimbabwe,BRM Taylor,S Matsikenyeri,MG Johnson,2,0,"",""
ball,2,10.1,Zimbabwe,S Matsikenyeri,BRM Taylor,SR Clark,1,0,"",""
ball,2,10.2,Zimbabwe,BRM Taylor,S Matsikenyeri,SR Clark,2,0,"",""
ball,2,10.3,Zimbabwe,BRM Taylor,S Matsikenyeri,SR Clark,1,0,"",""
ball,2,10.4,Zimbabwe,S Matsikenyeri,BRM Taylor,SR Clark,0,0,"",""
ball,2,10.5,Zimbabwe,S Matsikenyeri,BRM Taylor,SR Clark,0,0,caught,S Matsikenyeri
ball,2,10.6,Zimbabwe,BRM Taylor,H Masakadza,SR Clark,1,0,"",""
ball,2,11.1,Zimbabwe,BRM Taylor,H Masakadza,A Symonds,1,0,"",""
ball,2,11.2,Zimbabwe,H Masakadza,BRM Taylor,A Symonds,1,0,"",""
ball,2,11.3,Zimbabwe,BRM Taylor,H Masakadza,A Symonds,1,0,"",""
ball,2,11.4,Zimbabwe,H Masakadza,BRM Taylor,A Symonds,0,0,"",""
ball,2,11.5,Zimbabwe,H Masakadza,BRM Taylor,A Symonds,0,0,"",""
ball,2,11.6,Zimbabwe,H Masakadza,BRM Taylor,A Symonds,1,0,"",""
ball,2,12.1,Zimbabwe,H Masakadza,BRM Taylor,BJ Hodge,1,0,"",""
ball,2,12.2,Zimbabwe,BRM Taylor,H Masakadza,BJ Hodge,0,0,"",""
ball,2,12.3,Zimbabwe,BRM Taylor,H Masakadza,BJ Hodge,0,0,"",""
ball,2,12.4,Zimbabwe,BRM Taylor,H Masakadza,BJ Hodge,0,0,"",""
ball,2,12.5,Zimbabwe,BRM Taylor,H Masakadza,BJ Hodge,0,0,"",""
ball,2,12.6,Zimbabwe,BRM Taylor,H Masakadza,BJ Hodge,4,0,"",""
ball,2,13.1,Zimbabwe,H Masakadza,BRM Taylor,A Symonds,0,0,"",""
ball,2,13.2,Zimbabwe,H Masakadza,BRM Taylor,A Symonds,1,0,"",""
ball,2,13.3,Zimbabwe,BRM Taylor,H Masakadza,A Symonds,1,0,"",""
ball,2,13.4,Zimbabwe,H Masakadza,BRM Taylor,A Symonds,0,0,"",""
ball,2,13.5,Zimbabwe,H Masakadza,BRM Taylor,A Symonds,4,0,"",""
ball,2,13.6,Zimbabwe,H Masakadza,BRM Taylor,A Symonds,1,0,"",""
ball,2,14.1,Zimbabwe,H Masakadza,BRM Taylor,BJ Hodge,1,0,"",""
ball,2,14.2,Zimbabwe,BRM Taylor,H Masakadza,BJ Hodge,6,0,"",""
ball,2,14.3,Zimbabwe,BRM Taylor,H Masakadza,BJ Hodge,0,0,"",""
ball,2,14.4,Zimbabwe,BRM Taylor,H Masakadza,BJ Hodge,1,0,"",""
ball,2,14.5,Zimbabwe,H Masakadza,BRM Taylor,BJ Hodge,1,0,"",""
ball,2,14.6,Zimbabwe,BRM Taylor,H Masakadza,BJ Hodge,6,0,"",""
ball,2,15.1,Zimbabwe,H Masakadza,BRM Taylor,MG Johnson,0,0,"",""
ball,2,15.2,Zimbabwe,H Masakadza,BRM Taylor,MG Johnson,1,0,"",""
ball,2,15.3,Zimbabwe,BRM Taylor,H Masakadza,MG Johnson,1,0,"",""
ball,2,15.4,Zimbabwe,H Masakadza,BRM Taylor,MG Johnson,2,0,"",""
ball,2,15.5,Zimbabwe,H Masakadza,BRM Taylor,MG Johnson,4,0,"",""
ball,2,15.6,Zimbabwe,H Masakadza,BRM Taylor,MG Johnson,0,0,"",""
ball,2,16.1,Zimbabwe,BRM Taylor,H Masakadza,B Lee,1,0,"",""
ball,2,16.2,Zimbabwe,H Masakadza,BRM Taylor,B Lee,1,0,"",""
ball,2,16.3,Zimbabwe,BRM Taylor,H Masakadza,B Lee,1,0,"",""
ball,2,16.4,Zimbabwe,H Masakadza,BRM Taylor,B Lee,0,0,"",""
ball,2,16.5,Zimbabwe,H Masakadza,BRM Taylor,B Lee,2,0,"",""
ball,2,16.6,Zimbabwe,H Masakadza,BRM Taylor,B Lee,1,0,"",""
ball,2,17.1,Zimbabwe,H Masakadza,BRM Taylor,NW Bracken,1,0,"",""
ball,2,17.2,Zimbabwe,BRM Taylor,H Masakadza,NW Bracken,1,0,"",""
ball,2,17.3,Zimbabwe,H Masakadza,BRM Taylor,NW Bracken,2,0,"",""
ball,2,17.4,Zimbabwe,H Masakadza,BRM Taylor,NW Bracken,0,0,"",""
ball,2,17.5,Zimbabwe,H Masakadza,BRM Taylor,NW Bracken,0,0,"",""
ball,2,17.6,Zimbabwe,H Masakadza,BRM Taylor,NW Bracken,1,0,"",""
ball,2,18.1,Zimbabwe,H Masakadza,BRM Taylor,B Lee,1,0,"",""
ball,2,18.2,Zimbabwe,BRM Taylor,H Masakadza,B Lee,1,0,"",""
ball,2,18.3,Zimbabwe,H Masakadza,BRM Taylor,B Lee,0,0,lbw,H Masakadza
ball,2,18.4,Zimbabwe,E Chigumbura,BRM Taylor,B Lee,1,0,"",""
ball,2,18.5,Zimbabwe,BRM Taylor,E Chigumbura,B Lee,2,0,"",""
ball,2,18.6,Zimbabwe,BRM Taylor,E Chigumbura,B Lee,1,0,"",""
ball,2,19.1,Zimbabwe,BRM Taylor,E Chigumbura,NW Bracken,4,0,"",""
ball,2,19.2,Zimbabwe,BRM Taylor,E Chigumbura,NW Bracken,1,0,"",""
ball,2,19.3,Zimbabwe,E Chigumbura,BRM Taylor,NW Bracken,2,0,"",""
ball,2,19.4,Zimbabwe,E Chigumbura,BRM Taylor,NW Bracken,1,0,"",""
ball,2,19.5,Zimbabwe,BRM Taylor,E Chigumbura,NW Bracken,0,4,"",""
