version,1.3.0
info,team,Australia
info,team,West Indies
info,gender,male
info,season,2009
info,date,2009/06/06
info,competition,ICC World Twenty20
info,match_number,3
info,venue,Kennington Oval
info,city,London
info,neutralvenue,true
info,toss_winner,Australia
info,toss_decision,bat
info,player_of_match,CH Gayle
info,umpire,Aleem Dar
info,umpire,Asad Rauf
info,reserve_umpire,RJ Tucker
info,tv_umpire,MR Benson
info,match_referee,RS Madugalle
info,winner,West Indies
info,winner_wickets,7
ball,1,0.1,Australia,SR Watson,DA Warner,JE Taylor,0,0,"",""
ball,1,0.2,Australia,SR Watson,DA Warner,JE Taylor,0,0,"",""
ball,1,0.3,Australia,SR Watson,DA Warner,JE Taylor,0,1,"",""
ball,1,0.4,Australia,SR Watson,DA Warner,JE Taylor,0,0,caught,SR Watson
ball,1,0.5,Australia,RT Ponting,DA Warner,JE Taylor,0,1,"",""
ball,1,0.6,Australia,RT Ponting,DA Warner,JE Taylor,0,1,"",""
ball,1,0.7,Australia,RT Ponting,DA Warner,JE Taylor,0,0,lbw,RT Ponting
ball,1,0.8,Australia,MJ Clarke,DA Warner,JE Taylor,0,0,"",""
ball,1,0.9,Australia,MJ Clarke,DA Warner,JE Taylor,0,0,"",""
ball,1,1.1,Australia,DA Warner,MJ Clarke,FH Edwards,0,0,"",""
ball,1,1.2,Australia,DA Warner,MJ Clarke,FH Edwards,0,0,"",""
ball,1,1.3,Australia,DA Warner,MJ Clarke,FH Edwards,0,0,"",""
ball,1,1.4,Australia,DA Warner,MJ Clarke,FH Edwards,1,1,"",""
ball,1,1.5,Australia,MJ Clarke,DA Warner,FH Edwards,1,0,"",""
ball,1,1.6,Australia,DA Warner,MJ Clarke,FH Edwards,0,0,"",""
ball,1,1.7,Australia,DA Warner,MJ Clarke,FH Edwards,0,0,"",""
ball,1,2.1,Australia,MJ Clarke,DA Warner,JE Taylor,1,0,"",""
ball,1,2.2,Australia,DA Warner,MJ Clarke,JE Taylor,0,0,"",""
ball,1,2.3,Australia,DA Warner,MJ Clarke,JE Taylor,0,0,"",""
ball,1,2.4,Australia,DA Warner,MJ Clarke,JE Taylor,4,0,"",""
ball,1,2.5,Australia,DA Warner,MJ Clarke,JE Taylor,0,0,"",""
ball,1,2.6,Australia,DA Warner,MJ Clarke,JE Taylor,4,0,"",""
ball,1,3.1,Australia,MJ Clarke,DA Warner,FH Edwards,0,0,"",""
ball,1,3.2,Australia,MJ Clarke,DA Warner,FH Edwards,0,0,"",""
ball,1,3.3,Australia,MJ Clarke,DA Warner,FH Edwards,0,0,caught,MJ Clarke
ball,1,3.4,Australia,DA Warner,BJ Haddin,FH Edwards,6,0,"",""
ball,1,3.5,Australia,DA Warner,BJ Haddin,FH Edwards,0,0,"",""
ball,1,3.6,Australia,DA Warner,BJ Haddin,FH Edwards,1,0,"",""
ball,1,4.1,Australia,DA Warner,BJ Haddin,DJ Bravo,0,0,"",""
ball,1,4.2,Australia,DA Warner,BJ Haddin,DJ Bravo,4,0,"",""
ball,1,4.3,Australia,DA Warner,BJ Haddin,DJ Bravo,0,0,"",""
ball,1,4.4,Australia,DA Warner,BJ Haddin,DJ Bravo,0,0,"",""
ball,1,4.5,Australia,DA Warner,BJ Haddin,DJ Bravo,1,0,"",""
ball,1,4.6,Australia,BJ Haddin,DA Warner,DJ Bravo,0,0,"",""
ball,1,5.1,Australia,DA Warner,BJ Haddin,FH Edwards,1,0,"",""
ball,1,5.2,Australia,BJ Haddin,DA Warner,FH Edwards,4,0,"",""
ball,1,5.3,Australia,BJ Haddin,DA Warner,FH Edwards,0,0,"",""
ball,1,5.4,Australia,BJ Haddin,DA Warner,FH Edwards,1,0,"",""
ball,1,5.5,Australia,DA Warner,BJ Haddin,FH Edwards,2,0,"",""
ball,1,5.6,Australia,DA Warner,BJ Haddin,FH Edwards,0,0,"",""
ball,1,6.1,Australia,BJ Haddin,DA Warner,SJ Benn,0,0,"",""
ball,1,6.2,Australia,BJ Haddin,DA Warner,SJ Benn,0,0,"",""
ball,1,6.3,Australia,BJ Haddin,DA Warner,SJ Benn,1,0,"",""
ball,1,6.4,Australia,DA Warner,BJ Haddin,SJ Benn,1,0,"",""
ball,1,6.5,Australia,BJ Haddin,DA Warner,SJ Benn,0,1,"",""
ball,1,6.6,Australia,BJ Haddin,DA Warner,SJ Benn,1,0,"",""
ball,1,6.7,Australia,DA Warner,BJ Haddin,SJ Benn,1,0,"",""
ball,1,7.1,Australia,DA Warner,BJ Haddin,DJ Bravo,4,0,"",""
ball,1,7.2,Australia,DA Warner,BJ Haddin,DJ Bravo,2,0,"",""
ball,1,7.3,Australia,DA Warner,BJ Haddin,DJ Bravo,1,0,"",""
ball,1,7.4,Australia,BJ Haddin,DA Warner,DJ Bravo,1,0,"",""
ball,1,7.5,Australia,DA Warner,BJ Haddin,DJ Bravo,1,0,"",""
ball,1,7.6,Australia,BJ Haddin,DA Warner,DJ Bravo,1,0,"",""
ball,1,8.1,Australia,BJ Haddin,DA Warner,SJ Benn,2,0,"",""
ball,1,8.2,Australia,BJ Haddin,DA Warner,SJ Benn,1,0,"",""
ball,1,8.3,Australia,DA Warner,BJ Haddin,SJ Benn,0,0,"",""
ball,1,8.4,Australia,DA Warner,BJ Haddin,SJ Benn,1,0,"",""
ball,1,8.5,Australia,BJ Haddin,DA Warner,SJ Benn,0,0,"",""
ball,1,8.6,Australia,BJ Haddin,DA Warner,SJ Benn,1,0,"",""
ball,1,9.1,Australia,BJ Haddin,DA Warner,CH Gayle,0,0,"",""
ball,1,9.2,Australia,BJ Haddin,DA Warner,CH Gayle,1,0,"",""
ball,1,9.3,Australia,DA Warner,BJ Haddin,CH Gayle,4,0,"",""
ball,1,9.4,Australia,DA Warner,BJ Haddin,CH Gayle,0,0,"",""
ball,1,9.5,Australia,DA Warner,BJ Haddin,CH Gayle,2,0,"",""
ball,1,9.6,Australia,DA Warner,BJ Haddin,CH Gayle,1,0,"",""
ball,1,10.1,Australia,DA Warner,BJ Haddin,SJ Benn,2,0,"",""
ball,1,10.2,Australia,DA Warner,BJ Haddin,SJ Benn,2,0,"",""
ball,1,10.3,Australia,DA Warner,BJ Haddin,SJ Benn,0,0,"",""
ball,1,10.4,Australia,DA Warner,BJ Haddin,SJ Benn,0,1,"",""
ball,1,10.5,Australia,BJ Haddin,DA Warner,SJ Benn,6,0,"",""
ball,1,10.6,Australia,BJ Haddin,DA Warner,SJ Benn,4,0,"",""
ball,1,11.1,Australia,DA Warner,BJ Haddin,KA Pollard,2,0,"",""
ball,1,11.2,Australia,DA Warner,BJ Haddin,KA Pollard,1,0,"",""
ball,1,11.3,Australia,BJ Haddin,DA Warner,KA Pollard,0,0,caught,BJ Haddin
ball,1,11.4,Australia,DA Warner,DJ Hussey,KA Pollard,0,0,"",""
ball,1,11.5,Australia,DA Warner,DJ Hussey,KA Pollard,1,0,"",""
ball,1,11.6,Australia,DJ Hussey,DA Warner,KA Pollard,1,0,"",""
ball,1,12.1,Australia,DJ Hussey,DA Warner,CH Gayle,1,0,"",""
ball,1,12.2,Australia,DA Warner,DJ Hussey,CH Gayle,1,0,"",""
ball,1,12.3,Australia,DJ Hussey,DA Warner,CH Gayle,1,0,"",""
ball,1,12.4,Australia,DA Warner,DJ Hussey,CH Gayle,0,0,"",""
ball,1,12.5,Australia,DA Warner,DJ Hussey,CH Gayle,2,0,"",""
ball,1,12.6,Australia,DA Warner,DJ Hussey,CH Gayle,0,0,"",""
ball,1,13.1,Australia,DJ Hussey,DA Warner,KA Pollard,1,0,"",""
ball,1,13.2,Australia,DA Warner,DJ Hussey,KA Pollard,4,0,"",""
ball,1,13.3,Australia,DA Warner,DJ Hussey,KA Pollard,1,0,"",""
ball,1,13.4,Australia,DJ Hussey,DA Warner,KA Pollard,6,0,"",""
ball,1,13.5,Australia,DJ Hussey,DA Warner,KA Pollard,0,0,"",""
ball,1,13.6,Australia,DJ Hussey,DA Warner,KA Pollard,0,0,"",""
ball,1,14.1,Australia,DA Warner,DJ Hussey,SJ Benn,3,0,"",""
ball,1,14.2,Australia,DJ Hussey,DA Warner,SJ Benn,0,0,"",""
ball,1,14.3,Australia,DJ Hussey,DA Warner,SJ Benn,6,0,"",""
ball,1,14.4,Australia,DJ Hussey,DA Warner,SJ Benn,1,0,"",""
ball,1,14.5,Australia,DA Warner,DJ Hussey,SJ Benn,0,0,"",""
ball,1,14.6,Australia,DA Warner,DJ Hussey,SJ Benn,1,0,"",""
ball,1,15.1,Australia,DA Warner,DJ Hussey,DJ Bravo,1,0,"",""
ball,1,15.2,Australia,DJ Hussey,DA Warner,DJ Bravo,1,0,"",""
ball,1,15.3,Australia,DA Warner,DJ Hussey,DJ Bravo,0,0,caught,DA Warner
ball,1,15.4,Australia,MEK Hussey,DJ Hussey,DJ Bravo,0,1,"",""
ball,1,15.5,Australia,MEK Hussey,DJ Hussey,DJ Bravo,0,1,"",""
ball,1,15.6,Australia,MEK Hussey,DJ Hussey,DJ Bravo,4,0,"",""
ball,1,15.7,Australia,MEK Hussey,DJ Hussey,DJ Bravo,0,0,"",""
ball,1,15.8,Australia,MEK Hussey,DJ Hussey,DJ Bravo,0,1,"",""
ball,1,16.1,Australia,MEK Hussey,DJ Hussey,JE Taylor,1,0,"",""
ball,1,16.2,Australia,DJ Hussey,MEK Hussey,JE Taylor,0,0,"",""
ball,1,16.3,Australia,DJ Hussey,MEK Hussey,JE Taylor,6,0,"",""
ball,1,16.4,Australia,DJ Hussey,MEK Hussey,JE Taylor,1,0,"",""
ball,1,16.5,Australia,MEK Hussey,DJ Hussey,JE Taylor,2,0,"",""
ball,1,16.6,Australia,MEK Hussey,DJ Hussey,JE Taylor,0,1,"",""
ball,1,16.7,Australia,MEK Hussey,DJ Hussey,JE Taylor,1,0,"",""
ball,1,17.1,Australia,MEK Hussey,DJ Hussey,DJ Bravo,0,4,"",""
ball,1,17.2,Australia,MEK Hussey,DJ Hussey,DJ Bravo,4,0,"",""
ball,1,17.3,Australia,MEK Hussey,DJ Hussey,DJ Bravo,1,0,"",""
ball,1,17.4,Australia,DJ Hussey,MEK Hussey,DJ Bravo,2,0,"",""
ball,1,17.5,Australia,DJ Hussey,MEK Hussey,DJ Bravo,0,0,caught,DJ Hussey
ball,1,17.6,Australia,MG Johnson,MEK Hussey,DJ Bravo,1,0,"",""
ball,1,18.1,Australia,MG Johnson,MEK Hussey,JE Taylor,1,0,"",""
ball,1,18.2,Australia,MEK Hussey,MG Johnson,JE Taylor,1,0,"",""
ball,1,18.3,Australia,MG Johnson,MEK Hussey,JE Taylor,2,0,"",""
ball,1,18.4,Australia,MG Johnson,MEK Hussey,JE Taylor,0,0,"",""
ball,1,18.5,Australia,MG Johnson,MEK Hussey,JE Taylor,4,0,"",""
ball,1,18.6,Australia,MG Johnson,MEK Hussey,JE Taylor,1,0,"",""
ball,1,19.1,Australia,MG Johnson,MEK Hussey,FH Edwards,0,0,caught,MG Johnson
ball,1,19.2,Australia,MEK Hussey,B Lee,FH Edwards,1,0,"",""
ball,1,19.3,Australia,B Lee,MEK Hussey,FH Edwards,1,0,"",""
ball,1,19.4,Australia,MEK Hussey,B Lee,FH Edwards,2,0,"",""
ball,1,19.5,Australia,MEK Hussey,B Lee,FH Edwards,6,1,"",""
ball,1,19.6,Australia,MEK Hussey,B Lee,FH Edwards,4,0,"",""
ball,1,19.7,Australia,MEK Hussey,B Lee,FH Edwards,1,0,"",""
ball,2,0.1,West Indies,CH Gayle,ADS Fletcher,B Lee,4,0,"",""
ball,2,0.2,West Indies,CH Gayle,ADS Fletcher,B Lee,0,0,"",""
ball,2,0.3,West Indies,CH Gayle,ADS Fletcher,B Lee,4,0,"",""
ball,2,0.4,West Indies,CH Gayle,ADS Fletcher,B Lee,1,0,"",""
ball,2,0.5,West Indies,ADS Fletcher,CH Gayle,B Lee,0,0,"",""
ball,2,0.6,West Indies,ADS Fletcher,CH Gayle,B Lee,1,0,"",""
ball,2,1.1,West Indies,ADS Fletcher,CH Gayle,MG Johnson,4,0,"",""
ball,2,1.2,West Indies,ADS Fletcher,CH Gayle,MG Johnson,6,0,"",""
ball,2,1.3,West Indies,ADS Fletcher,CH Gayle,MG Johnson,0,1,"",""
ball,2,1.4,West Indies,ADS Fletcher,CH Gayle,MG Johnson,0,0,"",""
ball,2,1.5,West Indies,ADS Fletcher,CH Gayle,MG Johnson,1,0,"",""
ball,2,1.6,West Indies,CH Gayle,ADS Fletcher,MG Johnson,0,0,"",""
ball,2,1.7,West Indies,CH Gayle,ADS Fletcher,MG Johnson,0,0,"",""
ball,2,2.1,West Indies,ADS Fletcher,CH Gayle,B Lee,4,0,"",""
ball,2,2.2,West Indies,ADS Fletcher,CH Gayle,B Lee,1,0,"",""
ball,2,2.3,West Indies,CH Gayle,ADS Fletcher,B Lee,0,0,"",""
ball,2,2.4,West Indies,CH Gayle,ADS Fletcher,B Lee,3,1,"",""
ball,2,2.5,West Indies,ADS Fletcher,CH Gayle,B Lee,1,0,"",""
ball,2,2.6,West Indies,CH Gayle,ADS Fletcher,B Lee,0,0,"",""
ball,2,2.7,West Indies,CH Gayle,ADS Fletcher,B Lee,4,0,"",""
ball,2,3.1,West Indies,ADS Fletcher,CH Gayle,MG Johnson,0,0,"",""
ball,2,3.2,West Indies,ADS Fletcher,CH Gayle,MG Johnson,4,0,"",""
ball,2,3.3,West Indies,ADS Fletcher,CH Gayle,MG Johnson,2,0,"",""
ball,2,3.4,West Indies,ADS Fletcher,CH Gayle,MG Johnson,1,0,"",""
ball,2,3.5,West Indies,CH Gayle,ADS Fletcher,MG Johnson,1,0,"",""
ball,2,3.6,West Indies,ADS Fletcher,CH Gayle,MG Johnson,0,0,"",""
ball,2,4.1,West Indies,CH Gayle,ADS Fletcher,B Lee,6,0,"",""
ball,2,4.2,West Indies,CH Gayle,ADS Fletcher,B Lee,0,0,"",""
ball,2,4.3,West Indies,CH Gayle,ADS Fletcher,B Lee,6,0,"",""
ball,2,4.4,West Indies,CH Gayle,ADS Fletcher,B Lee,0,0,"",""
ball,2,4.5,West Indies,CH Gayle,ADS Fletcher,B Lee,4,1,"",""
ball,2,4.6,West Indies,CH Gayle,ADS Fletcher,B Lee,4,0,"",""
ball,2,4.7,West Indies,CH Gayle,ADS Fletcher,B Lee,6,0,"",""
ball,2,5.1,West Indies,ADS Fletcher,CH Gayle,NW Bracken,4,0,"",""
ball,2,5.2,West Indies,ADS Fletcher,CH Gayle,NW Bracken,1,0,"",""
ball,2,5.3,West Indies,CH Gayle,ADS Fletcher,NW Bracken,0,0,"",""
ball,2,5.4,West Indies,CH Gayle,ADS Fletcher,NW Bracken,1,0,"",""
ball,2,5.5,West Indies,ADS Fletcher,CH Gayle,NW Bracken,1,0,"",""
ball,2,5.6,West Indies,CH Gayle,ADS Fletcher,NW Bracken,0,1,"",""
ball,2,5.7,West Indies,CH Gayle,ADS Fletcher,NW Bracken,4,0,"",""
ball,2,6.1,West Indies,ADS Fletcher,CH Gayle,JR Hopes,1,0,"",""
ball,2,6.2,West Indies,CH Gayle,ADS Fletcher,JR Hopes,0,1,"",""
ball,2,6.3,West Indies,CH Gayle,ADS Fletcher,JR Hopes,0,1,"",""
ball,2,6.4,West Indies,CH Gayle,ADS Fletcher,JR Hopes,1,0,"",""
ball,2,6.5,West Indies,ADS Fletcher,CH Gayle,JR Hopes,2,0,"",""
ball,2,6.6,West Indies,ADS Fletcher,CH Gayle,JR Hopes,1,0,"",""
ball,2,6.7,West Indies,CH Gayle,ADS Fletcher,JR Hopes,1,0,"",""
ball,2,6.8,West Indies,ADS Fletcher,CH Gayle,JR Hopes,1,0,"",""
ball,2,7.1,West Indies,ADS Fletcher,CH Gayle,NW Bracken,1,0,"",""
ball,2,7.2,West Indies,CH Gayle,ADS Fletcher,NW Bracken,0,0,"",""
ball,2,7.3,West Indies,CH Gayle,ADS Fletcher,NW Bracken,1,0,"",""
ball,2,7.4,West Indies,ADS Fletcher,CH Gayle,NW Bracken,4,0,"",""
ball,2,7.5,West Indies,ADS Fletcher,CH Gayle,NW Bracken,1,0,"",""
ball,2,7.6,West Indies,CH Gayle,ADS Fletcher,NW Bracken,2,0,"",""
ball,2,8.1,West Indies,ADS Fletcher,CH Gayle,JR Hopes,1,0,"",""
ball,2,8.2,West Indies,CH Gayle,ADS Fletcher,JR Hopes,1,0,"",""
ball,2,8.3,West Indies,ADS Fletcher,CH Gayle,JR Hopes,1,0,"",""
ball,2,8.4,West Indies,CH Gayle,ADS Fletcher,JR Hopes,0,0,"",""
ball,2,8.5,West Indies,CH Gayle,ADS Fletcher,JR Hopes,0,0,"",""
ball,2,8.6,West Indies,CH Gayle,ADS Fletcher,JR Hopes,1,0,"",""
ball,2,9.1,West Indies,CH Gayle,ADS Fletcher,DJ Hussey,6,0,"",""
ball,2,9.2,West Indies,CH Gayle,ADS Fletcher,DJ Hussey,0,0,"",""
ball,2,9.3,West Indies,CH Gayle,ADS Fletcher,DJ Hussey,0,0,"",""
ball,2,9.4,West Indies,CH Gayle,ADS Fletcher,DJ Hussey,6,0,"",""
ball,2,9.5,West Indies,CH Gayle,ADS Fletcher,DJ Hussey,2,0,"",""
ball,2,9.6,West Indies,CH Gayle,ADS Fletcher,DJ Hussey,0,1,"",""
ball,2,9.7,West Indies,CH Gayle,ADS Fletcher,DJ Hussey,1,0,"",""
ball,2,10.1,West Indies,CH Gayle,ADS Fletcher,SR Watson,1,0,"",""
ball,2,10.2,West Indies,ADS Fletcher,CH Gayle,SR Watson,0,0,"",""
ball,2,10.3,West Indies,ADS Fletcher,CH Gayle,SR Watson,1,0,"",""
ball,2,10.4,West Indies,CH Gayle,ADS Fletcher,SR Watson,1,0,"",""
ball,2,10.5,West Indies,ADS Fletcher,CH Gayle,SR Watson,4,0,"",""
ball,2,10.6,West Indies,ADS Fletcher,CH Gayle,SR Watson,0,0,"",""
ball,2,11.1,West Indies,CH Gayle,ADS Fletcher,MG Johnson,0,1,"",""
ball,2,11.2,West Indies,ADS Fletcher,CH Gayle,MG Johnson,4,0,"",""
ball,2,11.3,West Indies,ADS Fletcher,CH Gayle,MG Johnson,0,0,caught,ADS Fletcher
ball,2,11.4,West Indies,CH Gayle,XM Marshall,MG Johnson,1,0,"",""
ball,2,11.5,West Indies,XM Marshall,CH Gayle,MG Johnson,1,0,"",""
ball,2,11.6,West Indies,CH Gayle,XM Marshall,MG Johnson,0,0,"",""
ball,2,12.1,West Indies,XM Marshall,CH Gayle,SR Watson,1,0,"",""
ball,2,12.2,West Indies,CH Gayle,XM Marshall,SR Watson,0,0,"",""
ball,2,12.3,West Indies,CH Gayle,XM Marshall,SR Watson,1,0,"",""
ball,2,12.4,West Indies,XM Marshall,CH Gayle,SR Watson,0,0,"",""
ball,2,12.5,West Indies,XM Marshall,CH Gayle,SR Watson,0,1,"",""
ball,2,12.6,West Indies,XM Marshall,CH Gayle,SR Watson,1,0,"",""
ball,2,12.7,West Indies,CH Gayle,XM Marshall,SR Watson,2,0,"",""
ball,2,13.1,West Indies,XM Marshall,CH Gayle,MJ Clarke,1,0,"",""
ball,2,13.2,West Indies,CH Gayle,XM Marshall,MJ Clarke,1,0,"",""
ball,2,13.3,West Indies,XM Marshall,CH Gayle,MJ Clarke,1,0,"",""
ball,2,13.4,West Indies,CH Gayle,XM Marshall,MJ Clarke,6,0,"",""
ball,2,13.5,West Indies,CH Gayle,XM Marshall,MJ Clarke,1,0,"",""
ball,2,13.6,West Indies,XM Marshall,CH Gayle,MJ Clarke,2,0,"",""
ball,2,14.1,West Indies,CH Gayle,XM Marshall,B Lee,2,0,"",""
ball,2,14.2,West Indies,CH Gayle,XM Marshall,B Lee,2,0,"",""
ball,2,14.3,West Indies,CH Gayle,XM Marshall,B Lee,0,0,caught,CH Gayle
ball,2,14.4,West Indies,XM Marshall,S Chanderpaul,B Lee,0,0,"",""
ball,2,14.5,West Indies,XM Marshall,S Chanderpaul,B Lee,1,0,"",""
ball,2,14.6,West Indies,S Chanderpaul,XM Marshall,B Lee,0,4,"",""
ball,2,15.1,West Indies,XM Marshall,S Chanderpaul,MG Johnson,0,0,"",""
ball,2,15.2,West Indies,XM Marshall,S Chanderpaul,MG Johnson,0,0,"",""
ball,2,15.3,West Indies,XM Marshall,S Chanderpaul,MG Johnson,0,0,caught,XM Marshall
ball,2,15.4,West Indies,RR Sarwan,S Chanderpaul,MG Johnson,4,0,"",""
ball,2,15.5,West Indies,RR Sarwan,S Chanderpaul,MG Johnson,0,1,"",""
ball,2,15.6,West Indies,RR Sarwan,S Chanderpaul,MG Johnson,0,1,"",""
ball,2,15.7,West Indies,RR Sarwan,S Chanderpaul,MG Johnson,4,0,"",""
