version,1.3.0
info,team,Sri Lanka
info,team,India
info,gender,male
info,season,2008/09
info,date,2009/02/10
info,venue,R Premadasa Stadium
info,city,Colombo
info,toss_winner,Sri Lanka
info,toss_decision,bat
info,player_of_match,YK Pathan
info,umpire,MG Silva
info,umpire,TH Wijewardene
info,reserve_umpire,RD Kottahachchi
info,tv_umpire,HDPK Dharmasena
info,match_referee,BC Broad
info,winner,India
info,winner_wickets,3
ball,1,0.1,Sri Lanka,TM Dilshan,ST Jayasuriya,Z Khan,0,0,"",""
ball,1,0.2,Sri Lanka,TM Dilshan,ST Jayasuriya,Z Khan,0,0,"",""
ball,1,0.3,Sri Lanka,TM Dilshan,ST Jayasuriya,Z Khan,0,0,"",""
ball,1,0.4,Sri Lanka,TM Dilshan,ST Jayasuriya,Z Khan,0,1,"",""
ball,1,0.5,Sri Lanka,ST Jayasuriya,TM Dilshan,Z Khan,1,0,"",""
ball,1,0.6,Sri Lanka,TM Dilshan,ST Jayasuriya,Z Khan,1,0,"",""
ball,1,1.1,Sri Lanka,TM Dilshan,ST Jayasuriya,I Sharma,0,0,"",""
ball,1,1.2,Sri Lanka,TM Dilshan,ST Jayasuriya,I Sharma,0,0,"",""
ball,1,1.3,Sri Lanka,TM Dilshan,ST Jayasuriya,I Sharma,0,4,"",""
ball,1,1.4,Sri Lanka,TM Dilshan,ST Jayasuriya,I Sharma,0,1,"",""
ball,1,1.5,Sri Lanka,ST Jayasuriya,TM Dilshan,I Sharma,0,1,"",""
ball,1,1.6,Sri Lanka,ST Jayasuriya,TM Dilshan,I Sharma,1,0,"",""
ball,1,1.7,Sri Lanka,TM Dilshan,ST Jayasuriya,I Sharma,0,1,"",""
ball,1,2.1,Sri Lanka,TM Dilshan,ST Jayasuriya,Z Khan,4,0,"",""
ball,1,2.2,Sri Lanka,TM Dilshan,ST Jayasuriya,Z Khan,1,0,"",""
ball,1,2.3,Sri Lanka,ST Jayasuriya,TM Dilshan,Z Khan,4,0,"",""
ball,1,2.4,Sri Lanka,ST Jayasuriya,TM Dilshan,Z Khan,0,0,"",""
ball,1,2.5,Sri Lanka,ST Jayasuriya,TM Dilshan,Z Khan,0,0,"",""
ball,1,2.6,Sri Lanka,ST Jayasuriya,TM Dilshan,Z Khan,0,0,"",""
ball,1,3.1,Sri Lanka,TM Dilshan,ST Jayasuriya,I Sharma,1,0,"",""
ball,1,3.2,Sri Lanka,ST Jayasuriya,TM Dilshan,I Sharma,4,0,"",""
ball,1,3.3,Sri Lanka,ST Jayasuriya,TM Dilshan,I Sharma,6,0,"",""
ball,1,3.4,Sri Lanka,ST Jayasuriya,TM Dilshan,I Sharma,0,0,"",""
ball,1,3.5,Sri Lanka,ST Jayasuriya,TM Dilshan,I Sharma,6,0,"",""
ball,1,3.6,Sri Lanka,ST Jayasuriya,TM Dilshan,I Sharma,1,0,"",""
ball,1,4.1,Sri Lanka,ST Jayasuriya,TM Dilshan,Z Khan,2,0,"",""
ball,1,4.2,Sri Lanka,ST Jayasuriya,TM Dilshan,Z Khan,4,0,"",""
ball,1,4.3,Sri Lanka,ST Jayasuriya,TM Dilshan,Z Khan,1,0,"",""
ball,1,4.4,Sri Lanka,TM Dilshan,ST Jayasuriya,Z Khan,4,0,"",""
ball,1,4.5,Sri Lanka,TM Dilshan,ST Jayasuriya,Z Khan,4,0,"",""
ball,1,4.6,Sri Lanka,TM Dilshan,ST Jayasuriya,Z Khan,0,0,"",""
ball,1,5.1,Sri Lanka,ST Jayasuriya,TM Dilshan,IK Pathan,1,0,"",""
ball,1,5.2,Sri Lanka,TM Dilshan,ST Jayasuriya,IK Pathan,2,0,"",""
ball,1,5.3,Sri Lanka,TM Dilshan,ST Jayasuriya,IK Pathan,1,0,"",""
ball,1,5.4,Sri Lanka,ST Jayasuriya,TM Dilshan,IK Pathan,2,0,"",""
ball,1,5.5,Sri Lanka,ST Jayasuriya,TM Dilshan,IK Pathan,0,0,caught,ST Jayasuriya
ball,1,5.6,Sri Lanka,J Mubarak,TM Dilshan,IK Pathan,0,0,"",""
ball,1,6.1,Sri Lanka,TM Dilshan,J Mubarak,YK Pathan,0,1,"",""
ball,1,6.2,Sri Lanka,J Mubarak,TM Dilshan,YK Pathan,1,0,"",""
ball,1,6.3,Sri Lanka,TM Dilshan,J Mubarak,YK Pathan,1,0,"",""
ball,1,6.4,Sri Lanka,J Mubarak,TM Dilshan,YK Pathan,0,0,"",""
ball,1,6.5,Sri Lanka,J Mubarak,TM Dilshan,YK Pathan,0,0,"",""
ball,1,6.6,Sri Lanka,J Mubarak,TM Dilshan,YK Pathan,1,0,"",""
ball,1,7.1,Sri Lanka,J Mubarak,TM Dilshan,RA Jadeja,1,0,"",""
ball,1,7.2,Sri Lanka,TM Dilshan,J Mubarak,RA Jadeja,0,0,"",""
ball,1,7.3,Sri Lanka,TM Dilshan,J Mubarak,RA Jadeja,1,0,"",""
ball,1,7.4,Sri Lanka,J Mubarak,TM Dilshan,RA Jadeja,0,0,"",""
ball,1,7.5,Sri Lanka,J Mubarak,TM Dilshan,RA Jadeja,0,0,"",""
ball,1,7.6,Sri Lanka,J Mubarak,TM Dilshan,RA Jadeja,1,0,"",""
ball,1,8.1,Sri Lanka,J Mubarak,TM Dilshan,YK Pathan,0,0,"",""
ball,1,8.2,Sri Lanka,J Mubarak,TM Dilshan,YK Pathan,2,0,"",""
ball,1,8.3,Sri Lanka,J Mubarak,TM Dilshan,YK Pathan,4,0,"",""
ball,1,8.4,Sri Lanka,J Mubarak,TM Dilshan,YK Pathan,0,1,"",""
ball,1,8.5,Sri Lanka,TM Dilshan,J Mubarak,YK Pathan,1,0,"",""
ball,1,8.6,Sri Lanka,J Mubarak,TM Dilshan,YK Pathan,0,0,"",""
ball,1,9.1,Sri Lanka,TM Dilshan,J Mubarak,RA Jadeja,1,0,"",""
ball,1,9.2,Sri Lanka,J Mubarak,TM Dilshan,RA Jadeja,1,0,"",""
ball,1,9.3,Sri Lanka,TM Dilshan,J Mubarak,RA Jadeja,1,0,"",""
ball,1,9.4,Sri Lanka,J Mubarak,TM Dilshan,RA Jadeja,0,0,"",""
ball,1,9.5,Sri Lanka,J Mubarak,TM Dilshan,RA Jadeja,1,0,"",""
ball,1,9.6,Sri Lanka,TM Dilshan,J Mubarak,RA Jadeja,1,0,"",""
ball,1,10.1,Sri Lanka,TM Dilshan,J Mubarak,IK Pathan,0,0,"",""
ball,1,10.2,Sri Lanka,TM Dilshan,J Mubarak,IK Pathan,1,0,"",""
ball,1,10.3,Sri Lanka,J Mubarak,TM Dilshan,IK Pathan,1,0,"",""
ball,1,10.4,Sri Lanka,TM Dilshan,J Mubarak,IK Pathan,0,0,"",""
ball,1,10.5,Sri Lanka,TM Dilshan,J Mubarak,IK Pathan,4,0,"",""
ball,1,10.6,Sri Lanka,TM Dilshan,J Mubarak,IK Pathan,1,0,"",""
ball,1,11.1,Sri Lanka,TM Dilshan,J Mubarak,YK Pathan,1,0,"",""
ball,1,11.2,Sri Lanka,J Mubarak,TM Dilshan,YK Pathan,0,0,caught and bowled,J Mubarak
ball,1,11.3,Sri Lanka,CK Kapugedera,TM Dilshan,YK Pathan,0,0,"",""
ball,1,11.4,Sri Lanka,CK Kapugedera,TM Dilshan,YK Pathan,0,0,"",""
ball,1,11.5,Sri Lanka,CK Kapugedera,TM Dilshan,YK Pathan,1,0,"",""
ball,1,11.6,Sri Lanka,TM Dilshan,CK Kapugedera,YK Pathan,1,0,"",""
ball,1,12.1,Sri Lanka,TM Dilshan,CK Kapugedera,RA Jadeja,1,0,"",""
ball,1,12.2,Sri Lanka,CK Kapugedera,TM Dilshan,RA Jadeja,2,0,"",""
ball,1,12.3,Sri Lanka,CK Kapugedera,TM Dilshan,RA Jadeja,4,0,"",""
ball,1,12.4,Sri Lanka,CK Kapugedera,TM Dilshan,RA Jadeja,1,0,"",""
ball,1,12.5,Sri Lanka,TM Dilshan,CK Kapugedera,RA Jadeja,1,0,"",""
ball,1,12.6,Sri Lanka,CK Kapugedera,TM Dilshan,RA Jadeja,4,0,"",""
ball,1,13.1,Sri Lanka,TM Dilshan,CK Kapugedera,YK Pathan,1,0,"",""
ball,1,13.2,Sri Lanka,CK Kapugedera,TM Dilshan,YK Pathan,4,0,"",""
ball,1,13.3,Sri Lanka,CK Kapugedera,TM Dilshan,YK Pathan,0,0,caught,CK Kapugedera
ball,1,13.4,Sri Lanka,TM Dilshan,LPC Silva,YK Pathan,1,0,"",""
ball,1,13.5,Sri Lanka,LPC Silva,TM Dilshan,YK Pathan,0,1,"",""
ball,1,13.6,Sri Lanka,TM Dilshan,LPC Silva,YK Pathan,4,0,"",""
ball,1,14.1,Sri Lanka,LPC Silva,TM Dilshan,RA Jadeja,0,2,"",""
ball,1,14.2,Sri Lanka,TM Dilshan,LPC Silva,RA Jadeja,2,0,"",""
ball,1,14.3,Sri Lanka,TM Dilshan,LPC Silva,RA Jadeja,2,0,"",""
ball,1,14.4,Sri Lanka,TM Dilshan,LPC Silva,RA Jadeja,1,0,"",""
ball,1,14.5,Sri Lanka,LPC Silva,TM Dilshan,RA Jadeja,0,0,"",""
ball,1,14.6,Sri Lanka,LPC Silva,TM Dilshan,RA Jadeja,0,0,"",""
ball,1,14.7,Sri Lanka,LPC Silva,TM Dilshan,RA Jadeja,1,0,"",""
ball,1,15.1,Sri Lanka,LPC Silva,TM Dilshan,IK Pathan,0,0,"",""
ball,1,15.2,Sri Lanka,LPC Silva,TM Dilshan,IK Pathan,0,1,"",""
ball,1,15.3,Sri Lanka,TM Dilshan,LPC Silva,IK Pathan,0,1,"",""
ball,1,15.4,Sri Lanka,TM Dilshan,LPC Silva,IK Pathan,1,0,"",""
ball,1,15.5,Sri Lanka,LPC Silva,TM Dilshan,IK Pathan,6,0,"",""
ball,1,15.6,Sri Lanka,LPC Silva,TM Dilshan,IK Pathan,0,0,"",""
ball,1,15.7,Sri Lanka,LPC Silva,TM Dilshan,IK Pathan,0,1,"",""
ball,1,15.8,Sri Lanka,LPC Silva,TM Dilshan,IK Pathan,4,0,"",""
ball,1,16.1,Sri Lanka,TM Dilshan,LPC Silva,I Sharma,0,1,"",""
ball,1,16.2,Sri Lanka,TM Dilshan,LPC Silva,I Sharma,1,0,"",""
ball,1,16.3,Sri Lanka,LPC Silva,TM Dilshan,I Sharma,1,0,"",""
ball,1,16.4,Sri Lanka,TM Dilshan,LPC Silva,I Sharma,4,0,"",""
ball,1,16.5,Sri Lanka,TM Dilshan,LPC Silva,I Sharma,4,0,"",""
ball,1,16.6,Sri Lanka,TM Dilshan,LPC Silva,I Sharma,6,0,"",""
ball,1,16.7,Sri Lanka,TM Dilshan,LPC Silva,I Sharma,0,0,caught,TM Dilshan
ball,1,17.1,Sri Lanka,K Weeraratne,LPC Silva,Z Khan,1,0,"",""
ball,1,17.2,Sri Lanka,LPC Silva,K Weeraratne,Z Khan,4,0,"",""
ball,1,17.3,Sri Lanka,LPC Silva,K Weeraratne,Z Khan,1,0,"",""
ball,1,17.4,Sri Lanka,K Weeraratne,LPC Silva,Z Khan,0,0,"",""
ball,1,17.5,Sri Lanka,K Weeraratne,LPC Silva,Z Khan,2,0,"",""
ball,1,17.6,Sri Lanka,K Weeraratne,LPC Silva,Z Khan,0,0,"",""
ball,1,18.1,Sri Lanka,LPC Silva,K Weeraratne,IK Pathan,1,0,"",""
ball,1,18.2,Sri Lanka,K Weeraratne,LPC Silva,IK Pathan,4,0,"",""
ball,1,18.3,Sri Lanka,K Weeraratne,LPC Silva,IK Pathan,0,0,"",""
ball,1,18.4,Sri Lanka,K Weeraratne,LPC Silva,IK Pathan,1,0,"",""
ball,1,18.5,Sri Lanka,LPC Silva,K Weeraratne,IK Pathan,2,0,"",""
ball,1,18.6,Sri Lanka,LPC Silva,K Weeraratne,IK Pathan,0,0,"",""
ball,1,19.1,Sri Lanka,K Weeraratne,LPC Silva,I Sharma,1,0,"",""
ball,1,19.2,Sri Lanka,LPC Silva,K Weeraratne,I Sharma,1,0,"",""
ball,1,19.3,Sri Lanka,K Weeraratne,LPC Silva,I Sharma,0,0,"",""
ball,1,19.4,Sri Lanka,K Weeraratne,LPC Silva,I Sharma,1,0,"",""
ball,1,19.5,Sri Lanka,LPC Silva,K Weeraratne,I Sharma,0,0,"",""
ball,1,19.6,Sri Lanka,LPC Silva,K Weeraratne,I Sharma,0,0,"",""
ball,2,0.1,India,G Gambhir,V Sehwag,SL Malinga,4,0,"",""
ball,2,0.2,India,G Gambhir,V Sehwag,SL Malinga,4,0,"",""
ball,2,0.3,India,G Gambhir,V Sehwag,SL Malinga,1,0,"",""
ball,2,0.4,India,V Sehwag,G Gambhir,SL Malinga,1,0,"",""
ball,2,0.5,India,G Gambhir,V Sehwag,SL Malinga,4,0,"",""
ball,2,0.6,India,G Gambhir,V Sehwag,SL Malinga,0,0,run out,V Sehwag
ball,2,1.1,India,G Gambhir,SK Raina,T Thushara,0,0,caught,G Gambhir
ball,2,1.2,India,Yuvraj Singh,SK Raina,T Thushara,4,0,"",""
ball,2,1.3,India,Yuvraj Singh,SK Raina,T Thushara,0,0,"",""
ball,2,1.4,India,Yuvraj Singh,SK Raina,T Thushara,1,0,"",""
ball,2,1.5,India,SK Raina,Yuvraj Singh,T Thushara,0,1,"",""
ball,2,1.6,India,SK Raina,Yuvraj Singh,T Thushara,0,0,"",""
ball,2,1.7,India,SK Raina,Yuvraj Singh,T Thushara,0,0,"",""
ball,2,2.1,India,Yuvraj Singh,SK Raina,SL Malinga,4,0,"",""
ball,2,2.2,India,Yuvraj Singh,SK Raina,SL Malinga,0,0,"",""
ball,2,2.3,India,Yuvraj Singh,SK Raina,SL Malinga,0,0,"",""
ball,2,2.4,India,Yuvraj Singh,SK Raina,SL Malinga,0,1,"",""
ball,2,2.5,India,Yuvraj Singh,SK Raina,SL Malinga,1,0,"",""
ball,2,2.6,India,SK Raina,Yuvraj Singh,SL Malinga,0,1,"",""
ball,2,2.7,India,SK Raina,Yuvraj Singh,SL Malinga,0,0,"",""
ball,2,2.8,India,SK Raina,Yuvraj Singh,SL Malinga,0,0,"",""
ball,2,3.1,India,Yuvraj Singh,SK Raina,T Thushara,6,0,"",""
ball,2,3.2,India,Yuvraj Singh,SK Raina,T Thushara,1,0,"",""
ball,2,3.3,India,SK Raina,Yuvraj Singh,T Thushara,0,0,"",""
ball,2,3.4,India,SK Raina,Yuvraj Singh,T Thushara,4,0,"",""
ball,2,3.5,India,SK Raina,Yuvraj Singh,T Thushara,0,0,"",""
ball,2,3.6,India,SK Raina,Yuvraj Singh,T Thushara,0,0,"",""
ball,2,4.1,India,Yuvraj Singh,SK Raina,CRD Fernando,0,1,"",""
ball,2,4.2,India,Yuvraj Singh,SK Raina,CRD Fernando,0,1,"",""
ball,2,4.3,India,Yuvraj Singh,SK Raina,CRD Fernando,0,0,"",""
ball,2,4.4,India,Yuvraj Singh,SK Raina,CRD Fernando,0,1,"",""
ball,2,4.5,India,SK Raina,Yuvraj Singh,CRD Fernando,4,0,"",""
ball,2,4.6,India,SK Raina,Yuvraj Singh,CRD Fernando,1,0,"",""
ball,2,4.7,India,Yuvraj Singh,SK Raina,CRD Fernando,0,0,"",""
ball,2,4.8,India,Yuvraj Singh,SK Raina,CRD Fernando,0,0,"",""
ball,2,5.1,India,SK Raina,Yuvraj Singh,T Thushara,1,0,"",""
ball,2,5.2,India,Yuvraj Singh,SK Raina,T Thushara,1,0,"",""
ball,2,5.3,India,SK Raina,Yuvraj Singh,T Thushara,0,1,"",""
ball,2,5.4,India,SK Raina,Yuvraj Singh,T Thushara,0,1,"",""
ball,2,5.5,India,SK Raina,Yuvraj Singh,T Thushara,4,0,"",""
ball,2,5.6,India,SK Raina,Yuvraj Singh,T Thushara,0,1,"",""
ball,2,5.7,India,Yuvraj Singh,SK Raina,T Thushara,2,0,"",""
ball,2,5.8,India,Yuvraj Singh,SK Raina,T Thushara,0,0,"",""
ball,2,6.1,India,SK Raina,Yuvraj Singh,CRD Fernando,1,0,"",""
ball,2,6.2,India,Yuvraj Singh,SK Raina,CRD Fernando,1,0,"",""
ball,2,6.3,India,SK Raina,Yuvraj Singh,CRD Fernando,0,0,"",""
ball,2,6.4,India,SK Raina,Yuvraj Singh,CRD Fernando,4,0,"",""
ball,2,6.5,India,SK Raina,Yuvraj Singh,CRD Fernando,0,1,"",""
ball,2,6.6,India,SK Raina,Yuvraj Singh,CRD Fernando,1,0,"",""
ball,2,6.7,India,Yuvraj Singh,SK Raina,CRD Fernando,4,0,"",""
ball,2,7.1,India,SK Raina,Yuvraj Singh,K Weeraratne,0,0,"",""
ball,2,7.2,India,SK Raina,Yuvraj Singh,K Weeraratne,1,0,"",""
ball,2,7.3,India,Yuvraj Singh,SK Raina,K Weeraratne,6,0,"",""
ball,2,7.4,India,Yuvraj Singh,SK Raina,K Weeraratne,1,0,"",""
ball,2,7.5,India,SK Raina,Yuvraj Singh,K Weeraratne,4,0,"",""
ball,2,7.6,India,SK Raina,Yuvraj Singh,K Weeraratne,0,0,"",""
ball,2,8.1,India,Yuvraj Singh,SK Raina,J Mubarak,0,0,caught,Yuvraj Singh
ball,2,8.2,India,MS Dhoni,SK Raina,J Mubarak,1,0,"",""
ball,2,8.3,India,SK Raina,MS Dhoni,J Mubarak,1,0,"",""
ball,2,8.4,India,MS Dhoni,SK Raina,J Mubarak,4,0,"",""
ball,2,8.5,India,MS Dhoni,SK Raina,J Mubarak,1,0,"",""
ball,2,8.6,India,SK Raina,MS Dhoni,J Mubarak,2,0,"",""
ball,2,9.1,India,MS Dhoni,SK Raina,HMCM Bandara,1,0,"",""
ball,2,9.2,India,SK Raina,MS Dhoni,HMCM Bandara,0,0,"",""
ball,2,9.3,India,SK Raina,MS Dhoni,HMCM Bandara,6,0,"",""
ball,2,9.4,India,SK Raina,MS Dhoni,HMCM Bandara,1,0,"",""
ball,2,9.5,India,MS Dhoni,SK Raina,HMCM Bandara,1,0,"",""
ball,2,9.6,India,SK Raina,MS Dhoni,HMCM Bandara,0,0,caught,SK Raina
ball,2,10.1,India,RG Sharma,MS Dhoni,ST Jayasuriya,0,0,"",""
ball,2,10.2,India,RG Sharma,MS Dhoni,ST Jayasuriya,1,0,"",""
ball,2,10.3,India,MS Dhoni,RG Sharma,ST Jayasuriya,0,0,"",""
ball,2,10.4,India,MS Dhoni,RG Sharma,ST Jayasuriya,0,0,"",""
ball,2,10.5,India,MS Dhoni,RG Sharma,ST Jayasuriya,1,0,"",""
ball,2,10.6,India,RG Sharma,MS Dhoni,ST Jayasuriya,0,0,"",""
ball,2,11.1,India,MS Dhoni,RG Sharma,HMCM Bandara,1,0,"",""
ball,2,11.2,India,RG Sharma,MS Dhoni,HMCM Bandara,0,0,"",""
ball,2,11.3,India,RG Sharma,MS Dhoni,HMCM Bandara,0,1,"",""
ball,2,11.4,India,RG Sharma,MS Dhoni,HMCM Bandara,0,0,"",""
ball,2,11.5,India,RG Sharma,MS Dhoni,HMCM Bandara,1,0,"",""
ball,2,11.6,India,MS Dhoni,RG Sharma,HMCM Bandara,0,0,"",""
ball,2,11.7,India,MS Dhoni,RG Sharma,HMCM Bandara,1,0,"",""
ball,2,12.1,India,MS Dhoni,RG Sharma,ST Jayasuriya,0,0,"",""
ball,2,12.2,India,MS Dhoni,RG Sharma,ST Jayasuriya,1,0,"",""
ball,2,12.3,India,RG Sharma,MS Dhoni,ST Jayasuriya,0,0,"",""
ball,2,12.4,India,RG Sharma,MS Dhoni,ST Jayasuriya,1,0,"",""
ball,2,12.5,India,MS Dhoni,RG Sharma,ST Jayasuriya,0,0,"",""
ball,2,12.6,India,MS Dhoni,RG Sharma,ST Jayasuriya,1,0,"",""
ball,2,13.1,India,MS Dhoni,RG Sharma,HMCM Bandara,0,0,"",""
ball,2,13.2,India,MS Dhoni,RG Sharma,HMCM Bandara,0,0,bowled,MS Dhoni
ball,2,13.3,India,RA Jadeja,RG Sharma,HMCM Bandara,0,0,"",""
ball,2,13.4,India,RA Jadeja,RG Sharma,HMCM Bandara,1,0,"",""
ball,2,13.5,India,RG Sharma,RA Jadeja,HMCM Bandara,1,0,"",""
ball,2,13.6,India,RA Jadeja,RG Sharma,HMCM Bandara,0,0,"",""
ball,2,14.1,India,RG Sharma,RA Jadeja,ST Jayasuriya,0,0,"",""
ball,2,14.2,India,RG Sharma,RA Jadeja,ST Jayasuriya,0,0,caught,RG Sharma
ball,2,14.3,India,RA Jadeja,YK Pathan,ST Jayasuriya,1,0,"",""
ball,2,14.4,India,YK Pathan,RA Jadeja,ST Jayasuriya,1,0,"",""
ball,2,14.5,India,RA Jadeja,YK Pathan,ST Jayasuriya,2,0,"",""
ball,2,14.6,India,RA Jadeja,YK Pathan,ST Jayasuriya,1,0,"",""
ball,2,15.1,India,RA Jadeja,YK Pathan,HMCM Bandara,0,0,bowled,RA Jadeja
ball,2,15.2,India,IK Pathan,YK Pathan,HMCM Bandara,1,0,"",""
ball,2,15.3,India,YK Pathan,IK Pathan,HMCM Bandara,4,0,"",""
ball,2,15.4,India,YK Pathan,IK Pathan,HMCM Bandara,6,0,"",""
ball,2,15.5,India,YK Pathan,IK Pathan,HMCM Bandara,0,0,"",""
ball,2,15.6,India,YK Pathan,IK Pathan,HMCM Bandara,6,0,"",""
ball,2,16.1,India,IK Pathan,YK Pathan,CRD Fernando,1,0,"",""
ball,2,16.2,India,YK Pathan,IK Pathan,CRD Fernando,0,5,"",""
ball,2,16.3,India,YK Pathan,IK Pathan,CRD Fernando,1,0,"",""
ball,2,16.4,India,IK Pathan,YK Pathan,CRD Fernando,1,0,"",""
ball,2,16.5,India,YK Pathan,IK Pathan,CRD Fernando,1,0,"",""
ball,2,16.6,India,IK Pathan,YK Pathan,CRD Fernando,2,0,"",""
ball,2,16.7,India,IK Pathan,YK Pathan,CRD Fernando,1,0,"",""
ball,2,17.1,India,IK Pathan,YK Pathan,SL Malinga,0,0,"",""
ball,2,17.2,India,IK Pathan,YK Pathan,SL Malinga,2,0,"",""
ball,2,17.3,India,IK Pathan,YK Pathan,SL Malinga,1,0,"",""
ball,2,17.4,India,YK Pathan,IK Pathan,SL Malinga,1,0,"",""
ball,2,17.5,India,IK Pathan,YK Pathan,SL Malinga,4,0,"",""
ball,2,17.6,India,IK Pathan,YK Pathan,SL Malinga,2,0,"",""
ball,2,18.1,India,YK Pathan,IK Pathan,CRD Fernando,1,0,"",""
ball,2,18.2,India,IK Pathan,YK Pathan,CRD Fernando,0,0,"",""
ball,2,18.3,India,IK Pathan,YK Pathan,CRD Fernando,6,0,"",""
ball,2,18.4,India,IK Pathan,YK Pathan,CRD Fernando,2,0,"",""
ball,2,18.5,India,IK Pathan,YK Pathan,CRD Fernando,4,0,"",""
ball,2,18.6,India,IK Pathan,YK Pathan,CRD Fernando,0,0,"",""
ball,2,19.1,India,YK Pathan,IK Pathan,SL Malinga,1,0,"",""
ball,2,19.2,India,IK Pathan,YK Pathan,SL Malinga,6,0,"",""
