version,1.3.0
info,team,Pakistan
info,team,South Africa
info,gender,male
info,season,2010
info,date,2010/05/10
info,competition,ICC World Twenty20
info,match_number,21
info,venue,"Beausejour Stadium, Gros Islet"
info,city,St Lucia
info,neutralvenue,true
info,toss_winner,Pakistan
info,toss_decision,bat
info,player_of_match,Umar Akmal
info,umpire,BR Doctrove
info,umpire,IJ Gould
info,reserve_umpire,SJA Taufel
info,tv_umpire,BF Bowden
info,match_referee,AG Hurst
info,winner,Pakistan
info,winner_runs,11
ball,1,0.1,Pakistan,Kamran Akmal,Salman Butt,JA Morkel,0,0,"",""
ball,1,0.2,Pakistan,Kamran Akmal,Salman Butt,JA Morkel,4,0,"",""
ball,1,0.3,Pakistan,Kamran Akmal,Salman Butt,JA Morkel,0,0,"",""
ball,1,0.4,Pakistan,Kamran Akmal,Salman Butt,JA Morkel,0,0,"",""
ball,1,0.5,Pakistan,Kamran Akmal,Salman Butt,JA Morkel,0,0,"",""
ball,1,0.6,Pakistan,Kamran Akmal,Salman Butt,JA Morkel,0,0,"",""
ball,1,1.1,Pakistan,Salman Butt,Kamran Akmal,DW Steyn,2,0,"",""
ball,1,1.2,Pakistan,Salman Butt,Kamran Akmal,DW Steyn,0,0,"",""
ball,1,1.3,Pakistan,Salman Butt,Kamran Akmal,DW Steyn,0,0,"",""
ball,1,1.4,Pakistan,Salman Butt,Kamran Akmal,DW Steyn,0,0,caught,Salman Butt
ball,1,1.5,Pakistan,Kamran Akmal,Khalid Latif,DW Steyn,0,1,"",""
ball,1,1.6,Pakistan,Kamran Akmal,Khalid Latif,DW Steyn,0,0,"",""
ball,1,1.7,Pakistan,Kamran Akmal,Khalid Latif,DW Steyn,0,0,"",""
ball,1,2.1,Pakistan,Khalid Latif,Kamran Akmal,CK Langeveldt,0,0,"",""
ball,1,2.2,Pakistan,Khalid Latif,Kamran Akmal,CK Langeveldt,0,0,"",""
ball,1,2.3,Pakistan,Khalid Latif,Kamran Akmal,CK Langeveldt,2,0,"",""
ball,1,2.4,Pakistan,Khalid Latif,Kamran Akmal,CK Langeveldt,0,0,"",""
ball,1,2.5,Pakistan,Khalid Latif,Kamran Akmal,CK Langeveldt,1,0,"",""
ball,1,2.6,Pakistan,Kamran Akmal,Khalid Latif,CK Langeveldt,0,0,"",""
ball,1,3.1,Pakistan,Khalid Latif,Kamran Akmal,JH Kallis,4,0,"",""
ball,1,3.2,Pakistan,Khalid Latif,Kamran Akmal,JH Kallis,0,0,"",""
ball,1,3.3,Pakistan,Khalid Latif,Kamran Akmal,JH Kallis,0,0,"",""
ball,1,3.4,Pakistan,Khalid Latif,Kamran Akmal,JH Kallis,0,0,caught,Khalid Latif
ball,1,3.5,Pakistan,Kamran Akmal,Mohammad Hafeez,JH Kallis,2,0,"",""
ball,1,3.6,Pakistan,Kamran Akmal,Mohammad Hafeez,JH Kallis,0,0,"",""
ball,1,4.1,Pakistan,Mohammad Hafeez,Kamran Akmal,CK Langeveldt,0,0,"",""
ball,1,4.2,Pakistan,Mohammad Hafeez,Kamran Akmal,CK Langeveldt,1,0,"",""
ball,1,4.3,Pakistan,Kamran Akmal,Mohammad Hafeez,CK Langeveldt,1,0,"",""
ball,1,4.4,Pakistan,Mohammad Hafeez,Kamran Akmal,CK Langeveldt,0,0,"",""
ball,1,4.5,Pakistan,Mohammad Hafeez,Kamran Akmal,CK Langeveldt,0,0,"",""
ball,1,4.6,Pakistan,Mohammad Hafeez,Kamran Akmal,CK Langeveldt,0,0,lbw,Mohammad Hafeez
ball,1,5.1,Pakistan,Kamran Akmal,Umar Akmal,JH Kallis,0,0,"",""
ball,1,5.2,Pakistan,Kamran Akmal,Umar Akmal,JH Kallis,0,0,"",""
ball,1,5.3,Pakistan,Kamran Akmal,Umar Akmal,JH Kallis,0,0,"",""
ball,1,5.4,Pakistan,Kamran Akmal,Umar Akmal,JH Kallis,1,0,"",""
ball,1,5.5,Pakistan,Umar Akmal,Kamran Akmal,JH Kallis,0,0,"",""
ball,1,5.6,Pakistan,Umar Akmal,Kamran Akmal,JH Kallis,0,0,"",""
ball,1,6.1,Pakistan,Kamran Akmal,Umar Akmal,J Botha,1,0,"",""
ball,1,6.2,Pakistan,Umar Akmal,Kamran Akmal,J Botha,1,0,"",""
ball,1,6.3,Pakistan,Kamran Akmal,Umar Akmal,J Botha,0,0,"",""
ball,1,6.4,Pakistan,Kamran Akmal,Umar Akmal,J Botha,0,0,"",""
ball,1,6.5,Pakistan,Kamran Akmal,Umar Akmal,J Botha,0,1,"",""
ball,1,6.6,Pakistan,Kamran Akmal,Umar Akmal,J Botha,1,0,"",""
ball,1,6.7,Pakistan,Umar Akmal,Kamran Akmal,J Botha,0,0,"",""
ball,1,7.1,Pakistan,Kamran Akmal,Umar Akmal,RE van der Merwe,1,0,"",""
ball,1,7.2,Pakistan,Umar Akmal,Kamran Akmal,RE van der Merwe,1,0,"",""
ball,1,7.3,Pakistan,Kamran Akmal,Umar Akmal,RE van der Merwe,4,0,"",""
ball,1,7.4,Pakistan,Kamran Akmal,Umar Akmal,RE van der Merwe,1,0,"",""
ball,1,7.5,Pakistan,Umar Akmal,Kamran Akmal,RE van der Merwe,6,0,"",""
ball,1,7.6,Pakistan,Umar Akmal,Kamran Akmal,RE van der Merwe,1,0,"",""
ball,1,8.1,Pakistan,Umar Akmal,Kamran Akmal,J Botha,0,1,"",""
ball,1,8.2,Pakistan,Umar Akmal,Kamran Akmal,J Botha,1,0,"",""
ball,1,8.3,Pakistan,Kamran Akmal,Umar Akmal,J Botha,4,0,"",""
ball,1,8.4,Pakistan,Kamran Akmal,Umar Akmal,J Botha,2,0,"",""
ball,1,8.5,Pakistan,Kamran Akmal,Umar Akmal,J Botha,0,0,"",""
ball,1,8.6,Pakistan,Kamran Akmal,Umar Akmal,J Botha,1,0,"",""
ball,1,8.7,Pakistan,Umar Akmal,Kamran Akmal,J Botha,0,0,"",""
ball,1,9.1,Pakistan,Kamran Akmal,Umar Akmal,JA Morkel,1,0,"",""
ball,1,9.2,Pakistan,Umar Akmal,Kamran Akmal,JA Morkel,1,0,"",""
ball,1,9.3,Pakistan,Kamran Akmal,Umar Akmal,JA Morkel,0,0,"",""
ball,1,9.4,Pakistan,Kamran Akmal,Umar Akmal,JA Morkel,1,0,"",""
ball,1,9.5,Pakistan,Umar Akmal,Kamran Akmal,JA Morkel,0,0,"",""
ball,1,9.6,Pakistan,Umar Akmal,Kamran Akmal,JA Morkel,1,0,"",""
ball,1,10.1,Pakistan,Umar Akmal,Kamran Akmal,RE van der Merwe,6,0,"",""
ball,1,10.2,Pakistan,Umar Akmal,Kamran Akmal,RE van der Merwe,0,0,"",""
ball,1,10.3,Pakistan,Umar Akmal,Kamran Akmal,RE van der Merwe,1,0,"",""
ball,1,10.4,Pakistan,Kamran Akmal,Umar Akmal,RE van der Merwe,6,0,"",""
ball,1,10.5,Pakistan,Kamran Akmal,Umar Akmal,RE van der Merwe,6,0,"",""
ball,1,10.6,Pakistan,Kamran Akmal,Umar Akmal,RE van der Merwe,0,0,caught,Kamran Akmal
ball,1,11.1,Pakistan,Umar Akmal,Shahid Afridi,DW Steyn,2,0,"",""
ball,1,11.2,Pakistan,Umar Akmal,Shahid Afridi,DW Steyn,0,0,"",""
ball,1,11.3,Pakistan,Umar Akmal,Shahid Afridi,DW Steyn,1,0,"",""
ball,1,11.4,Pakistan,Shahid Afridi,Umar Akmal,DW Steyn,0,0,"",""
ball,1,11.5,Pakistan,Shahid Afridi,Umar Akmal,DW Steyn,0,0,"",""
ball,1,11.6,Pakistan,Shahid Afridi,Umar Akmal,DW Steyn,1,0,"",""
ball,1,12.1,Pakistan,Shahid Afridi,Umar Akmal,JH Kallis,4,0,"",""
ball,1,12.2,Pakistan,Shahid Afridi,Umar Akmal,JH Kallis,4,0,"",""
ball,1,12.3,Pakistan,Shahid Afridi,Umar Akmal,JH Kallis,1,0,"",""
ball,1,12.4,Pakistan,Umar Akmal,Shahid Afridi,JH Kallis,0,0,"",""
ball,1,12.5,Pakistan,Umar Akmal,Shahid Afridi,JH Kallis,4,0,"",""
ball,1,12.6,Pakistan,Umar Akmal,Shahid Afridi,JH Kallis,0,0,"",""
ball,1,13.1,Pakistan,Shahid Afridi,Umar Akmal,JA Morkel,1,0,"",""
ball,1,13.2,Pakistan,Umar Akmal,Shahid Afridi,JA Morkel,6,0,"",""
ball,1,13.3,Pakistan,Umar Akmal,Shahid Afridi,JA Morkel,1,0,"",""
ball,1,13.4,Pakistan,Shahid Afridi,Umar Akmal,JA Morkel,6,0,"",""
ball,1,13.5,Pakistan,Shahid Afridi,Umar Akmal,JA Morkel,0,1,"",""
ball,1,13.6,Pakistan,Umar Akmal,Shahid Afridi,JA Morkel,1,0,"",""
ball,1,14.1,Pakistan,Umar Akmal,Shahid Afridi,JH Kallis,1,0,"",""
ball,1,14.2,Pakistan,Shahid Afridi,Umar Akmal,JH Kallis,1,0,"",""
ball,1,14.3,Pakistan,Umar Akmal,Shahid Afridi,JH Kallis,1,0,"",""
ball,1,14.4,Pakistan,Shahid Afridi,Umar Akmal,JH Kallis,1,0,"",""
ball,1,14.5,Pakistan,Umar Akmal,Shahid Afridi,JH Kallis,2,0,"",""
ball,1,14.6,Pakistan,Umar Akmal,Shahid Afridi,JH Kallis,2,0,"",""
ball,1,15.1,Pakistan,Shahid Afridi,Umar Akmal,DW Steyn,0,0,"",""
ball,1,15.2,Pakistan,Shahid Afridi,Umar Akmal,DW Steyn,1,0,"",""
ball,1,15.3,Pakistan,Umar Akmal,Shahid Afridi,DW Steyn,4,0,"",""
ball,1,15.4,Pakistan,Umar Akmal,Shahid Afridi,DW Steyn,1,0,"",""
ball,1,15.5,Pakistan,Shahid Afridi,Umar Akmal,DW Steyn,4,0,"",""
ball,1,15.6,Pakistan,Shahid Afridi,Umar Akmal,DW Steyn,4,0,"",""
ball,1,16.1,Pakistan,Umar Akmal,Shahid Afridi,CK Langeveldt,6,0,"",""
ball,1,16.2,Pakistan,Umar Akmal,Shahid Afridi,CK Langeveldt,0,0,"",""
ball,1,16.3,Pakistan,Umar Akmal,Shahid Afridi,CK Langeveldt,0,0,caught,Umar Akmal
ball,1,16.4,Pakistan,Shahid Afridi,Abdul Razzaq,CK Langeveldt,2,0,"",""
ball,1,16.5,Pakistan,Shahid Afridi,Abdul Razzaq,CK Langeveldt,0,0,"",""
ball,1,16.6,Pakistan,Shahid Afridi,Abdul Razzaq,CK Langeveldt,0,0,bowled,Shahid Afridi
ball,1,17.1,Pakistan,Abdul Razzaq,Misbah-ul-Haq,JA Morkel,1,0,"",""
ball,1,17.2,Pakistan,Misbah-ul-Haq,Abdul Razzaq,JA Morkel,0,0,"",""
ball,1,17.3,Pakistan,Misbah-ul-Haq,Abdul Razzaq,JA Morkel,1,0,"",""
ball,1,17.4,Pakistan,Abdul Razzaq,Misbah-ul-Haq,JA Morkel,1,0,"",""
ball,1,17.5,Pakistan,Misbah-ul-Haq,Abdul Razzaq,JA Morkel,1,0,"",""
ball,1,17.6,Pakistan,Abdul Razzaq,Misbah-ul-Haq,JA Morkel,1,0,"",""
ball,1,18.1,Pakistan,Abdul Razzaq,Misbah-ul-Haq,DW Steyn,0,0,"",""
ball,1,18.2,Pakistan,Abdul Razzaq,Misbah-ul-Haq,DW Steyn,1,0,"",""
ball,1,18.3,Pakistan,Misbah-ul-Haq,Abdul Razzaq,DW Steyn,1,0,"",""
ball,1,18.4,Pakistan,Abdul Razzaq,Misbah-ul-Haq,DW Steyn,2,0,"",""
ball,1,18.5,Pakistan,Abdul Razzaq,Misbah-ul-Haq,DW Steyn,1,0,"",""
ball,1,18.6,Pakistan,Misbah-ul-Haq,Abdul Razzaq,DW Steyn,0,0,"",""
ball,1,19.1,Pakistan,Abdul Razzaq,Misbah-ul-Haq,CK Langeveldt,1,0,"",""
ball,1,19.2,Pakistan,Misbah-ul-Haq,Abdul Razzaq,CK Langeveldt,0,0,"",""
ball,1,19.3,Pakistan,Misbah-ul-Haq,Abdul Razzaq,CK Langeveldt,0,0,caught,Misbah-ul-Haq
ball,1,19.4,Pakistan,Abdul Razzaq,Abdur Rehman,CK Langeveldt,2,0,"",""
ball,1,19.5,Pakistan,Abdul Razzaq,Abdur Rehman,CK Langeveldt,1,0,"",""
ball,1,19.6,Pakistan,Abdur Rehman,Abdul Razzaq,CK Langeveldt,2,0,"",""
ball,2,0.1,South Africa,HH Gibbs,GC Smith,Abdul Razzaq,0,0,"",""
ball,2,0.2,South Africa,HH Gibbs,GC Smith,Abdul Razzaq,1,0,"",""
ball,2,0.3,South Africa,GC Smith,HH Gibbs,Abdul Razzaq,0,0,"",""
ball,2,0.4,South Africa,GC Smith,HH Gibbs,Abdul Razzaq,1,0,"",""
ball,2,0.5,South Africa,HH Gibbs,GC Smith,Abdul Razzaq,0,0,"",""
ball,2,0.6,South Africa,HH Gibbs,GC Smith,Abdul Razzaq,0,0,"",""
ball,2,1.1,South Africa,GC Smith,HH Gibbs,Mohammad Amir,2,0,"",""
ball,2,1.2,South Africa,GC Smith,HH Gibbs,Mohammad Amir,0,0,"",""
ball,2,1.3,South Africa,GC Smith,HH Gibbs,Mohammad Amir,4,0,"",""
ball,2,1.4,South Africa,GC Smith,HH Gibbs,Mohammad Amir,1,0,"",""
ball,2,1.5,South Africa,HH Gibbs,GC Smith,Mohammad Amir,0,0,"",""
ball,2,1.6,South Africa,HH Gibbs,GC Smith,Mohammad Amir,1,0,"",""
ball,2,2.1,South Africa,HH Gibbs,GC Smith,Abdul Razzaq,0,0,"",""
ball,2,2.2,South Africa,HH Gibbs,GC Smith,Abdul Razzaq,1,0,"",""
ball,2,2.3,South Africa,GC Smith,HH Gibbs,Abdul Razzaq,1,0,"",""
ball,2,2.4,South Africa,HH Gibbs,GC Smith,Abdul Razzaq,0,0,caught,HH Gibbs
ball,2,2.5,South Africa,JH Kallis,GC Smith,Abdul Razzaq,0,0,"",""
ball,2,2.6,South Africa,JH Kallis,GC Smith,Abdul Razzaq,4,0,"",""
ball,2,3.1,South Africa,GC Smith,JH Kallis,Mohammad Amir,1,0,"",""
ball,2,3.2,South Africa,JH Kallis,GC Smith,Mohammad Amir,0,0,"",""
ball,2,3.3,South Africa,JH Kallis,GC Smith,Mohammad Amir,1,0,"",""
ball,2,3.4,South Africa,GC Smith,JH Kallis,Mohammad Amir,0,0,"",""
ball,2,3.5,South Africa,GC Smith,JH Kallis,Mohammad Amir,1,0,"",""
ball,2,3.6,South Africa,JH Kallis,GC Smith,Mohammad Amir,1,0,"",""
ball,2,4.1,South Africa,JH Kallis,GC Smith,Abdur Rehman,1,0,"",""
ball,2,4.2,South Africa,GC Smith,JH Kallis,Abdur Rehman,2,0,"",""
ball,2,4.3,South Africa,GC Smith,JH Kallis,Abdur Rehman,0,0,"",""
ball,2,4.4,South Africa,GC Smith,JH Kallis,Abdur Rehman,0,0,caught,GC Smith
ball,2,4.5,South Africa,JH Kallis,AB de Villiers,Abdur Rehman,1,0,"",""
ball,2,4.6,South Africa,AB de Villiers,JH Kallis,Abdur Rehman,0,0,"",""
ball,2,5.1,South Africa,JH Kallis,AB de Villiers,Abdul Razzaq,0,0,"",""
ball,2,5.2,South Africa,JH Kallis,AB de Villiers,Abdul Razzaq,1,0,"",""
ball,2,5.3,South Africa,AB de Villiers,JH Kallis,Abdul Razzaq,1,0,"",""
ball,2,5.4,South Africa,JH Kallis,AB de Villiers,Abdul Razzaq,1,0,"",""
ball,2,5.5,South Africa,AB de Villiers,JH Kallis,Abdul Razzaq,1,0,"",""
ball,2,5.6,South Africa,JH Kallis,AB de Villiers,Abdul Razzaq,4,0,"",""
ball,2,6.1,South Africa,AB de Villiers,JH Kallis,Mohammad Hafeez,0,0,"",""
ball,2,6.2,South Africa,AB de Villiers,JH Kallis,Mohammad Hafeez,1,0,"",""
ball,2,6.3,South Africa,JH Kallis,AB de Villiers,Mohammad Hafeez,1,0,"",""
ball,2,6.4,South Africa,AB de Villiers,JH Kallis,Mohammad Hafeez,1,0,"",""
ball,2,6.5,South Africa,JH Kallis,AB de Villiers,Mohammad Hafeez,1,0,"",""
ball,2,6.6,South Africa,AB de Villiers,JH Kallis,Mohammad Hafeez,1,0,"",""
ball,2,7.1,South Africa,AB de Villiers,JH Kallis,Shahid Afridi,0,0,"",""
ball,2,7.2,South Africa,AB de Villiers,JH Kallis,Shahid Afridi,0,0,"",""
ball,2,7.3,South Africa,AB de Villiers,JH Kallis,Shahid Afridi,1,0,"",""
ball,2,7.4,South Africa,JH Kallis,AB de Villiers,Shahid Afridi,0,0,"",""
ball,2,7.5,South Africa,JH Kallis,AB de Villiers,Shahid Afridi,2,0,"",""
ball,2,7.6,South Africa,JH Kallis,AB de Villiers,Shahid Afridi,1,0,"",""
ball,2,8.1,South Africa,JH Kallis,AB de Villiers,Abdur Rehman,0,0,"",""
ball,2,8.2,South Africa,JH Kallis,AB de Villiers,Abdur Rehman,0,1,"",""
ball,2,8.3,South Africa,JH Kallis,AB de Villiers,Abdur Rehman,1,0,"",""
ball,2,8.4,South Africa,AB de Villiers,JH Kallis,Abdur Rehman,1,0,"",""
ball,2,8.5,South Africa,JH Kallis,AB de Villiers,Abdur Rehman,1,0,"",""
ball,2,8.6,South Africa,AB de Villiers,JH Kallis,Abdur Rehman,0,0,"",""
ball,2,8.7,South Africa,AB de Villiers,JH Kallis,Abdur Rehman,1,0,"",""
ball,2,9.1,South Africa,AB de Villiers,JH Kallis,Shahid Afridi,0,0,"",""
ball,2,9.2,South Africa,AB de Villiers,JH Kallis,Shahid Afridi,1,0,"",""
ball,2,9.3,South Africa,JH Kallis,AB de Villiers,Shahid Afridi,1,0,"",""
ball,2,9.4,South Africa,AB de Villiers,JH Kallis,Shahid Afridi,0,0,"",""
ball,2,9.5,South Africa,AB de Villiers,JH Kallis,Shahid Afridi,0,0,"",""
ball,2,9.6,South Africa,AB de Villiers,JH Kallis,Shahid Afridi,1,0,"",""
ball,2,10.1,South Africa,AB de Villiers,JH Kallis,Saeed Ajmal,2,0,"",""
ball,2,10.2,South Africa,AB de Villiers,JH Kallis,Saeed Ajmal,2,0,"",""
ball,2,10.3,South Africa,AB de Villiers,JH Kallis,Saeed Ajmal,2,0,"",""
ball,2,10.4,South Africa,AB de Villiers,JH Kallis,Saeed Ajmal,1,0,"",""
ball,2,10.5,South Africa,JH Kallis,AB de Villiers,Saeed Ajmal,0,0,caught,JH Kallis
ball,2,10.6,South Africa,AB de Villiers,JP Duminy,Saeed Ajmal,1,0,"",""
ball,2,11.1,South Africa,AB de Villiers,JP Duminy,Shahid Afridi,3,0,"",""
ball,2,11.2,South Africa,JP Duminy,AB de Villiers,Shahid Afridi,1,0,"",""
ball,2,11.3,South Africa,AB de Villiers,JP Duminy,Shahid Afridi,1,0,"",""
ball,2,11.4,South Africa,JP Duminy,AB de Villiers,Shahid Afridi,1,0,"",""
ball,2,11.5,South Africa,AB de Villiers,JP Duminy,Shahid Afridi,1,0,"",""
ball,2,11.6,South Africa,JP Duminy,AB de Villiers,Shahid Afridi,0,1,"",""
ball,2,12.1,South Africa,JP Duminy,AB de Villiers,Abdur Rehman,1,0,"",""
ball,2,12.2,South Africa,AB de Villiers,JP Duminy,Abdur Rehman,0,1,"",""
ball,2,12.3,South Africa,AB de Villiers,JP Duminy,Abdur Rehman,1,0,"",""
ball,2,12.4,South Africa,JP Duminy,AB de Villiers,Abdur Rehman,0,0,caught,JP Duminy
ball,2,12.5,South Africa,AB de Villiers,MV Boucher,Abdur Rehman,1,0,"",""
ball,2,12.6,South Africa,MV Boucher,AB de Villiers,Abdur Rehman,1,0,"",""
ball,2,12.7,South Africa,AB de Villiers,MV Boucher,Abdur Rehman,1,0,"",""
ball,2,13.1,South Africa,AB de Villiers,MV Boucher,Shahid Afridi,1,0,"",""
ball,2,13.2,South Africa,MV Boucher,AB de Villiers,Shahid Afridi,1,0,"",""
ball,2,13.3,South Africa,AB de Villiers,MV Boucher,Shahid Afridi,2,0,"",""
ball,2,13.4,South Africa,AB de Villiers,MV Boucher,Shahid Afridi,2,0,"",""
ball,2,13.5,South Africa,AB de Villiers,MV Boucher,Shahid Afridi,1,0,"",""
ball,2,13.6,South Africa,MV Boucher,AB de Villiers,Shahid Afridi,0,0,"",""
ball,2,14.1,South Africa,AB de Villiers,MV Boucher,Abdur Rehman,2,0,"",""
ball,2,14.2,South Africa,AB de Villiers,MV Boucher,Abdur Rehman,0,0,"",""
ball,2,14.3,South Africa,AB de Villiers,MV Boucher,Abdur Rehman,4,0,"",""
ball,2,14.4,South Africa,AB de Villiers,MV Boucher,Abdur Rehman,6,0,"",""
ball,2,14.5,South Africa,AB de Villiers,MV Boucher,Abdur Rehman,6,0,"",""
ball,2,14.6,South Africa,AB de Villiers,MV Boucher,Abdur Rehman,2,0,"",""
ball,2,15.1,South Africa,MV Boucher,AB de Villiers,Saeed Ajmal,1,0,"",""
ball,2,15.2,South Africa,AB de Villiers,MV Boucher,Saeed Ajmal,1,0,"",""
ball,2,15.3,South Africa,MV Boucher,AB de Villiers,Saeed Ajmal,1,0,"",""
ball,2,15.4,South Africa,AB de Villiers,MV Boucher,Saeed Ajmal,0,0,caught,AB de Villiers
ball,2,15.5,South Africa,MV Boucher,JA Morkel,Saeed Ajmal,0,0,"",""
ball,2,15.6,South Africa,MV Boucher,JA Morkel,Saeed Ajmal,1,0,"",""
ball,2,16.1,South Africa,MV Boucher,JA Morkel,Mohammad Amir,1,0,"",""
ball,2,16.2,South Africa,JA Morkel,MV Boucher,Mohammad Amir,1,0,"",""
ball,2,16.3,South Africa,MV Boucher,JA Morkel,Mohammad Amir,1,0,"",""
ball,2,16.4,South Africa,JA Morkel,MV Boucher,Mohammad Amir,1,0,"",""
ball,2,16.5,South Africa,MV Boucher,JA Morkel,Mohammad Amir,1,0,"",""
ball,2,16.6,South Africa,JA Morkel,MV Boucher,Mohammad Amir,2,0,"",""
ball,2,17.1,South Africa,MV Boucher,JA Morkel,Saeed Ajmal,0,0,"",""
ball,2,17.2,South Africa,MV Boucher,JA Morkel,Saeed Ajmal,4,0,"",""
ball,2,17.3,South Africa,MV Boucher,JA Morkel,Saeed Ajmal,0,0,"",""
ball,2,17.4,South Africa,MV Boucher,JA Morkel,Saeed Ajmal,0,0,lbw,MV Boucher
ball,2,17.5,South Africa,J Botha,JA Morkel,Saeed Ajmal,4,0,"",""
ball,2,17.6,South Africa,J Botha,JA Morkel,Saeed Ajmal,1,0,"",""
ball,2,18.1,South Africa,J Botha,JA Morkel,Mohammad Amir,4,0,"",""
ball,2,18.2,South Africa,J Botha,JA Morkel,Mohammad Amir,1,0,"",""
ball,2,18.3,South Africa,JA Morkel,J Botha,Mohammad Amir,0,0,"",""
ball,2,18.4,South Africa,JA Morkel,J Botha,Mohammad Amir,1,0,"",""
ball,2,18.5,South Africa,J Botha,JA Morkel,Mohammad Amir,4,0,"",""
ball,2,18.6,South Africa,J Botha,JA Morkel,Mohammad Amir,4,0,"",""
ball,2,19.1,South Africa,JA Morkel,J Botha,Saeed Ajmal,1,0,"",""
ball,2,19.2,South Africa,J Botha,JA Morkel,Saeed Ajmal,1,0,"",""
ball,2,19.3,South Africa,JA Morkel,J Botha,Saeed Ajmal,1,0,"",""
ball,2,19.4,South Africa,J Botha,JA Morkel,Saeed Ajmal,0,0,stumped,J Botha
ball,2,19.5,South Africa,RE van der Merwe,JA Morkel,Saeed Ajmal,2,0,"",""
ball,2,19.6,South Africa,RE van der Merwe,JA Morkel,Saeed Ajmal,0,0,"",""
