version,1.3.0
info,team,Australia
info,team,Sri Lanka
info,gender,male
info,season,2010/11
info,date,2010/10/31
info,venue,Western Australia Cricket Association Ground
info,city,Perth
info,toss_winner,Australia
info,toss_decision,bat
info,player_of_match,S Randiv
info,umpire,BNJ Oxenford
info,umpire,PR Reiffel
info,reserve_umpire,NR Johnstone
info,tv_umpire,SD Fry
info,match_referee,BC Broad
info,winner,Sri Lanka
info,winner_wickets,7
ball,1,0.1,Australia,DA Warner,MJ Clarke,CRD Fernando,0,0,"",""
ball,1,0.2,Australia,DA Warner,MJ Clarke,CRD Fernando,1,0,"",""
ball,1,0.3,Australia,MJ Clarke,DA Warner,CRD Fernando,0,0,"",""
ball,1,0.4,Australia,MJ Clarke,DA Warner,CRD Fernando,1,0,"",""
ball,1,0.5,Australia,DA Warner,MJ Clarke,CRD Fernando,0,0,"",""
ball,1,0.6,Australia,DA Warner,MJ Clarke,CRD Fernando,0,0,"",""
ball,1,1.1,Australia,MJ Clarke,DA Warner,SL Malinga,0,0,"",""
ball,1,1.2,Australia,MJ Clarke,DA Warner,SL Malinga,0,1,"",""
ball,1,1.3,Australia,MJ Clarke,DA Warner,SL Malinga,1,0,"",""
ball,1,1.4,Australia,DA Warner,MJ Clarke,SL Malinga,0,1,"",""
ball,1,1.5,Australia,DA Warner,MJ Clarke,SL Malinga,0,0,"",""
ball,1,1.6,Australia,DA Warner,MJ Clarke,SL Malinga,0,0,"",""
ball,1,1.7,Australia,DA Warner,MJ Clarke,SL Malinga,1,0,"",""
ball,1,1.8,Australia,MJ Clarke,DA Warner,SL Malinga,1,0,"",""
ball,1,2.1,Australia,MJ Clarke,DA Warner,CRD Fernando,0,0,"",""
ball,1,2.2,Australia,MJ Clarke,DA Warner,CRD Fernando,0,0,"",""
ball,1,2.3,Australia,MJ Clarke,DA Warner,CRD Fernando,4,0,"",""
ball,1,2.4,Australia,MJ Clarke,DA Warner,CRD Fernando,0,0,"",""
ball,1,2.5,Australia,MJ Clarke,DA Warner,CRD Fernando,1,0,"",""
ball,1,2.6,Australia,DA Warner,MJ Clarke,CRD Fernando,0,0,caught,DA Warner
ball,1,3.1,Australia,SR Watson,MJ Clarke,M Muralitharan,1,0,"",""
ball,1,3.2,Australia,MJ Clarke,SR Watson,M Muralitharan,6,0,"",""
ball,1,3.3,Australia,MJ Clarke,SR Watson,M Muralitharan,0,0,"",""
ball,1,3.4,Australia,MJ Clarke,SR Watson,M Muralitharan,0,0,"",""
ball,1,3.5,Australia,MJ Clarke,SR Watson,M Muralitharan,1,0,"",""
ball,1,3.6,Australia,SR Watson,MJ Clarke,M Muralitharan,0,0,"",""
ball,1,4.1,Australia,MJ Clarke,SR Watson,NLTC Perera,0,0,"",""
ball,1,4.2,Australia,MJ Clarke,SR Watson,NLTC Perera,0,0,"",""
ball,1,4.3,Australia,MJ Clarke,SR Watson,NLTC Perera,1,0,"",""
ball,1,4.4,Australia,SR Watson,MJ Clarke,NLTC Perera,0,0,"",""
ball,1,4.5,Australia,SR Watson,MJ Clarke,NLTC Perera,1,0,"",""
ball,1,4.6,Australia,MJ Clarke,SR Watson,NLTC Perera,0,0,caught,MJ Clarke
ball,1,5.1,Australia,DJ Hussey,SR Watson,M Muralitharan,0,0,"",""
ball,1,5.2,Australia,DJ Hussey,SR Watson,M Muralitharan,0,0,"",""
ball,1,5.3,Australia,DJ Hussey,SR Watson,M Muralitharan,3,0,"",""
ball,1,5.4,Australia,SR Watson,DJ Hussey,M Muralitharan,1,0,"",""
ball,1,5.5,Australia,DJ Hussey,SR Watson,M Muralitharan,0,0,"",""
ball,1,5.6,Australia,DJ Hussey,SR Watson,M Muralitharan,1,0,"",""
ball,1,6.1,Australia,DJ Hussey,SR Watson,NLTC Perera,0,0,"",""
ball,1,6.2,Australia,DJ Hussey,SR Watson,NLTC Perera,1,0,"",""
ball,1,6.3,Australia,SR Watson,DJ Hussey,NLTC Perera,1,0,"",""
ball,1,6.4,Australia,DJ Hussey,SR Watson,NLTC Perera,1,0,"",""
ball,1,6.5,Australia,SR Watson,DJ Hussey,NLTC Perera,0,0,caught,SR Watson
ball,1,6.6,Australia,DJ Hussey,CL White,NLTC Perera,1,0,"",""
ball,1,7.1,Australia,DJ Hussey,CL White,S Randiv,0,0,caught,DJ Hussey
ball,1,7.2,Australia,BJ Haddin,CL White,S Randiv,1,0,"",""
ball,1,7.3,Australia,CL White,BJ Haddin,S Randiv,1,0,"",""
ball,1,7.4,Australia,BJ Haddin,CL White,S Randiv,0,0,"",""
ball,1,7.5,Australia,BJ Haddin,CL White,S Randiv,1,0,"",""
ball,1,7.6,Australia,CL White,BJ Haddin,S Randiv,1,0,"",""
ball,1,8.1,Australia,CL White,BJ Haddin,NLTC Perera,0,0,"",""
ball,1,8.2,Australia,CL White,BJ Haddin,NLTC Perera,1,0,"",""
ball,1,8.3,Australia,BJ Haddin,CL White,NLTC Perera,0,0,"",""
ball,1,8.4,Australia,BJ Haddin,CL White,NLTC Perera,1,0,"",""
ball,1,8.5,Australia,CL White,BJ Haddin,NLTC Perera,1,0,"",""
ball,1,8.6,Australia,BJ Haddin,CL White,NLTC Perera,0,0,"",""
ball,1,9.1,Australia,CL White,BJ Haddin,S Randiv,1,0,"",""
ball,1,9.2,Australia,BJ Haddin,CL White,S Randiv,0,0,"",""
ball,1,9.3,Australia,BJ Haddin,CL White,S Randiv,1,0,"",""
ball,1,9.4,Australia,CL White,BJ Haddin,S Randiv,2,0,"",""
ball,1,9.5,Australia,CL White,BJ Haddin,S Randiv,0,0,"",""
ball,1,9.6,Australia,CL White,BJ Haddin,S Randiv,1,0,"",""
ball,1,10.1,Australia,CL White,BJ Haddin,SL Malinga,0,0,caught,CL White
ball,1,10.2,Australia,SPD Smith,BJ Haddin,SL Malinga,0,0,"",""
ball,1,10.3,Australia,SPD Smith,BJ Haddin,SL Malinga,0,0,"",""
ball,1,10.4,Australia,SPD Smith,BJ Haddin,SL Malinga,0,0,"",""
ball,1,10.5,Australia,SPD Smith,BJ Haddin,SL Malinga,1,0,"",""
ball,1,10.6,Australia,BJ Haddin,SPD Smith,SL Malinga,0,0,"",""
ball,1,11.1,Australia,SPD Smith,BJ Haddin,S Randiv,1,0,"",""
ball,1,11.2,Australia,BJ Haddin,SPD Smith,S Randiv,0,0,"",""
ball,1,11.3,Australia,BJ Haddin,SPD Smith,S Randiv,1,0,"",""
ball,1,11.4,Australia,SPD Smith,BJ Haddin,S Randiv,1,0,"",""
ball,1,11.5,Australia,BJ Haddin,SPD Smith,S Randiv,4,0,"",""
ball,1,11.6,Australia,BJ Haddin,SPD Smith,S Randiv,2,0,"",""
ball,1,12.1,Australia,SPD Smith,BJ Haddin,NLTC Perera,2,0,"",""
ball,1,12.2,Australia,SPD Smith,BJ Haddin,NLTC Perera,1,0,"",""
ball,1,12.3,Australia,BJ Haddin,SPD Smith,NLTC Perera,1,0,"",""
ball,1,12.4,Australia,SPD Smith,BJ Haddin,NLTC Perera,6,0,"",""
ball,1,12.5,Australia,SPD Smith,BJ Haddin,NLTC Perera,1,0,"",""
ball,1,12.6,Australia,BJ Haddin,SPD Smith,NLTC Perera,2,0,"",""
ball,1,13.1,Australia,SPD Smith,BJ Haddin,M Muralitharan,1,0,"",""
ball,1,13.2,Australia,BJ Haddin,SPD Smith,M Muralitharan,0,1,"",""
ball,1,13.3,Australia,BJ Haddin,SPD Smith,M Muralitharan,4,0,"",""
ball,1,13.4,Australia,BJ Haddin,SPD Smith,M Muralitharan,0,0,"",""
ball,1,13.5,Australia,BJ Haddin,SPD Smith,M Muralitharan,0,0,"",""
ball,1,13.6,Australia,BJ Haddin,SPD Smith,M Muralitharan,4,0,"",""
ball,1,13.7,Australia,BJ Haddin,SPD Smith,M Muralitharan,0,0,"",""
ball,1,14.1,Australia,SPD Smith,BJ Haddin,CRD Fernando,1,0,"",""
ball,1,14.2,Australia,BJ Haddin,SPD Smith,CRD Fernando,6,0,"",""
ball,1,14.3,Australia,BJ Haddin,SPD Smith,CRD Fernando,0,0,"",""
ball,1,14.4,Australia,BJ Haddin,SPD Smith,CRD Fernando,0,0,"",""
ball,1,14.5,Australia,BJ Haddin,SPD Smith,CRD Fernando,1,0,"",""
ball,1,14.6,Australia,SPD Smith,BJ Haddin,CRD Fernando,1,0,"",""
ball,1,15.1,Australia,SPD Smith,BJ Haddin,M Muralitharan,1,0,"",""
ball,1,15.2,Australia,BJ Haddin,SPD Smith,M Muralitharan,1,0,"",""
ball,1,15.3,Australia,SPD Smith,BJ Haddin,M Muralitharan,0,0,"",""
ball,1,15.4,Australia,SPD Smith,BJ Haddin,M Muralitharan,4,0,"",""
ball,1,15.5,Australia,SPD Smith,BJ Haddin,M Muralitharan,1,0,"",""
ball,1,15.6,Australia,BJ Haddin,SPD Smith,M Muralitharan,1,0,"",""
ball,1,16.1,Australia,BJ Haddin,SPD Smith,SL Malinga,2,0,"",""
ball,1,16.2,Australia,BJ Haddin,SPD Smith,SL Malinga,1,0,"",""
ball,1,16.3,Australia,SPD Smith,BJ Haddin,SL Malinga,4,0,"",""
ball,1,16.4,Australia,SPD Smith,BJ Haddin,SL Malinga,1,0,"",""
ball,1,16.5,Australia,BJ Haddin,SPD Smith,SL Malinga,1,0,"",""
ball,1,16.6,Australia,SPD Smith,BJ Haddin,SL Malinga,1,0,"",""
ball,1,17.1,Australia,SPD Smith,BJ Haddin,S Randiv,2,0,"",""
ball,1,17.2,Australia,SPD Smith,BJ Haddin,S Randiv,4,0,"",""
ball,1,17.3,Australia,SPD Smith,BJ Haddin,S Randiv,0,0,stumped,SPD Smith
ball,1,17.4,Australia,JW Hastings,BJ Haddin,S Randiv,1,0,"",""
ball,1,17.5,Australia,BJ Haddin,JW Hastings,S Randiv,0,0,caught,BJ Haddin
ball,1,17.6,Australia,CJ McKay,JW Hastings,S Randiv,0,0,"",""
ball,1,18.1,Australia,JW Hastings,CJ McKay,SL Malinga,0,1,"",""
ball,1,18.2,Australia,JW Hastings,CJ McKay,SL Malinga,1,0,"",""
ball,1,18.3,Australia,CJ McKay,JW Hastings,SL Malinga,0,0,"",""
ball,1,18.4,Australia,CJ McKay,JW Hastings,SL Malinga,0,1,"",""
ball,1,18.5,Australia,CJ McKay,JW Hastings,SL Malinga,1,0,"",""
ball,1,18.6,Australia,JW Hastings,CJ McKay,SL Malinga,1,0,"",""
ball,1,18.7,Australia,CJ McKay,JW Hastings,SL Malinga,0,0,"",""
ball,1,18.8,Australia,CJ McKay,JW Hastings,SL Malinga,0,1,"",""
ball,1,18.9,Australia,CJ McKay,JW Hastings,SL Malinga,4,0,"",""
ball,1,19.1,Australia,JW Hastings,CJ McKay,CRD Fernando,2,0,"",""
ball,1,19.2,Australia,JW Hastings,CJ McKay,CRD Fernando,1,0,"",""
ball,1,19.3,Australia,CJ McKay,JW Hastings,CRD Fernando,1,0,"",""
ball,1,19.4,Australia,JW Hastings,CJ McKay,CRD Fernando,4,0,"",""
ball,1,19.5,Australia,JW Hastings,CJ McKay,CRD Fernando,4,0,"",""
ball,1,19.6,Australia,JW Hastings,CJ McKay,CRD Fernando,1,0,run out,JW Hastings
ball,2,0.1,Sri Lanka,DPMD Jayawardene,TM Dilshan,CJ McKay,0,0,"",""
ball,2,0.2,Sri Lanka,DPMD Jayawardene,TM Dilshan,CJ McKay,0,0,"",""
ball,2,0.3,Sri Lanka,DPMD Jayawardene,TM Dilshan,CJ McKay,0,0,"",""
ball,2,0.4,Sri Lanka,DPMD Jayawardene,TM Dilshan,CJ McKay,0,0,"",""
ball,2,0.5,Sri Lanka,DPMD Jayawardene,TM Dilshan,CJ McKay,0,1,"",""
ball,2,0.6,Sri Lanka,DPMD Jayawardene,TM Dilshan,CJ McKay,1,0,"",""
ball,2,0.7,Sri Lanka,TM Dilshan,DPMD Jayawardene,CJ McKay,0,0,"",""
ball,2,1.1,Sri Lanka,DPMD Jayawardene,TM Dilshan,DP Nannes,0,0,"",""
ball,2,1.2,Sri Lanka,DPMD Jayawardene,TM Dilshan,DP Nannes,4,0,"",""
ball,2,1.3,Sri Lanka,DPMD Jayawardene,TM Dilshan,DP Nannes,1,0,"",""
ball,2,1.4,Sri Lanka,TM Dilshan,DPMD Jayawardene,DP Nannes,4,0,"",""
ball,2,1.5,Sri Lanka,TM Dilshan,DPMD Jayawardene,DP Nannes,0,0,"",""
ball,2,1.6,Sri Lanka,TM Dilshan,DPMD Jayawardene,DP Nannes,4,0,"",""
ball,2,2.1,Sri Lanka,DPMD Jayawardene,TM Dilshan,CJ McKay,4,0,"",""
ball,2,2.2,Sri Lanka,DPMD Jayawardene,TM Dilshan,CJ McKay,4,0,"",""
ball,2,2.3,Sri Lanka,DPMD Jayawardene,TM Dilshan,CJ McKay,1,0,"",""
ball,2,2.4,Sri Lanka,TM Dilshan,DPMD Jayawardene,CJ McKay,0,1,"",""
ball,2,2.5,Sri Lanka,TM Dilshan,DPMD Jayawardene,CJ McKay,1,0,"",""
ball,2,2.6,Sri Lanka,DPMD Jayawardene,TM Dilshan,CJ McKay,1,0,"",""
ball,2,2.7,Sri Lanka,TM Dilshan,DPMD Jayawardene,CJ McKay,0,0,"",""
ball,2,3.1,Sri Lanka,DPMD Jayawardene,TM Dilshan,PM Siddle,4,0,"",""
ball,2,3.2,Sri Lanka,DPMD Jayawardene,TM Dilshan,PM Siddle,4,0,"",""
ball,2,3.3,Sri Lanka,DPMD Jayawardene,TM Dilshan,PM Siddle,0,0,"",""
ball,2,3.4,Sri Lanka,DPMD Jayawardene,TM Dilshan,PM Siddle,0,0,caught,DPMD Jayawardene
ball,2,3.5,Sri Lanka,LD Chandimal,TM Dilshan,PM Siddle,0,0,"",""
ball,2,3.6,Sri Lanka,LD Chandimal,TM Dilshan,PM Siddle,2,0,"",""
ball,2,4.1,Sri Lanka,TM Dilshan,LD Chandimal,DP Nannes,4,0,"",""
ball,2,4.2,Sri Lanka,TM Dilshan,LD Chandimal,DP Nannes,0,0,"",""
ball,2,4.3,Sri Lanka,TM Dilshan,LD Chandimal,DP Nannes,1,0,"",""
ball,2,4.4,Sri Lanka,LD Chandimal,TM Dilshan,DP Nannes,0,0,lbw,LD Chandimal
ball,2,4.5,Sri Lanka,KC Sangakkara,TM Dilshan,DP Nannes,1,0,"",""
ball,2,4.6,Sri Lanka,TM Dilshan,KC Sangakkara,DP Nannes,2,0,"",""
ball,2,5.1,Sri Lanka,KC Sangakkara,TM Dilshan,PM Siddle,0,0,"",""
ball,2,5.2,Sri Lanka,KC Sangakkara,TM Dilshan,PM Siddle,0,2,"",""
ball,2,5.3,Sri Lanka,KC Sangakkara,TM Dilshan,PM Siddle,1,0,"",""
ball,2,5.4,Sri Lanka,TM Dilshan,KC Sangakkara,PM Siddle,4,0,"",""
ball,2,5.5,Sri Lanka,TM Dilshan,KC Sangakkara,PM Siddle,1,0,"",""
ball,2,5.6,Sri Lanka,KC Sangakkara,TM Dilshan,PM Siddle,4,0,"",""
ball,2,6.1,Sri Lanka,TM Dilshan,KC Sangakkara,JW Hastings,1,0,"",""
ball,2,6.2,Sri Lanka,KC Sangakkara,TM Dilshan,JW Hastings,0,0,"",""
ball,2,6.3,Sri Lanka,KC Sangakkara,TM Dilshan,JW Hastings,0,0,"",""
ball,2,6.4,Sri Lanka,KC Sangakkara,TM Dilshan,JW Hastings,0,0,"",""
ball,2,6.5,Sri Lanka,KC Sangakkara,TM Dilshan,JW Hastings,1,0,"",""
ball,2,6.6,Sri Lanka,TM Dilshan,KC Sangakkara,JW Hastings,0,0,"",""
ball,2,7.1,Sri Lanka,KC Sangakkara,TM Dilshan,PM Siddle,2,0,"",""
ball,2,7.2,Sri Lanka,KC Sangakkara,TM Dilshan,PM Siddle,1,0,"",""
ball,2,7.3,Sri Lanka,TM Dilshan,KC Sangakkara,PM Siddle,0,0,"",""
ball,2,7.4,Sri Lanka,TM Dilshan,KC Sangakkara,PM Siddle,0,0,"",""
ball,2,7.5,Sri Lanka,TM Dilshan,KC Sangakkara,PM Siddle,1,0,"",""
ball,2,7.6,Sri Lanka,KC Sangakkara,TM Dilshan,PM Siddle,1,0,"",""
ball,2,8.1,Sri Lanka,KC Sangakkara,TM Dilshan,JW Hastings,0,1,"",""
ball,2,8.2,Sri Lanka,KC Sangakkara,TM Dilshan,JW Hastings,1,0,"",""
ball,2,8.3,Sri Lanka,TM Dilshan,KC Sangakkara,JW Hastings,0,0,"",""
ball,2,8.4,Sri Lanka,TM Dilshan,KC Sangakkara,JW Hastings,1,0,"",""
ball,2,8.5,Sri Lanka,KC Sangakkara,TM Dilshan,JW Hastings,0,0,"",""
ball,2,8.6,Sri Lanka,KC Sangakkara,TM Dilshan,JW Hastings,1,0,"",""
ball,2,8.7,Sri Lanka,TM Dilshan,KC Sangakkara,JW Hastings,0,0,"",""
ball,2,9.1,Sri Lanka,KC Sangakkara,TM Dilshan,CJ McKay,1,0,"",""
ball,2,9.2,Sri Lanka,TM Dilshan,KC Sangakkara,CJ McKay,0,0,"",""
ball,2,9.3,Sri Lanka,TM Dilshan,KC Sangakkara,CJ McKay,1,0,"",""
ball,2,9.4,Sri Lanka,KC Sangakkara,TM Dilshan,CJ McKay,2,0,"",""
ball,2,9.5,Sri Lanka,KC Sangakkara,TM Dilshan,CJ McKay,1,0,"",""
ball,2,9.6,Sri Lanka,TM Dilshan,KC Sangakkara,CJ McKay,0,0,"",""
ball,2,10.1,Sri Lanka,KC Sangakkara,TM Dilshan,SPD Smith,0,0,"",""
ball,2,10.2,Sri Lanka,KC Sangakkara,TM Dilshan,SPD Smith,4,0,"",""
ball,2,10.3,Sri Lanka,KC Sangakkara,TM Dilshan,SPD Smith,1,0,"",""
ball,2,10.4,Sri Lanka,TM Dilshan,KC Sangakkara,SPD Smith,4,0,"",""
ball,2,10.5,Sri Lanka,TM Dilshan,KC Sangakkara,SPD Smith,1,0,"",""
ball,2,10.6,Sri Lanka,KC Sangakkara,TM Dilshan,SPD Smith,0,0,"",""
ball,2,11.1,Sri Lanka,TM Dilshan,KC Sangakkara,DP Nannes,2,0,"",""
ball,2,11.2,Sri Lanka,TM Dilshan,KC Sangakkara,DP Nannes,1,0,"",""
ball,2,11.3,Sri Lanka,KC Sangakkara,TM Dilshan,DP Nannes,2,0,"",""
ball,2,11.4,Sri Lanka,KC Sangakkara,TM Dilshan,DP Nannes,0,0,"",""
ball,2,11.5,Sri Lanka,KC Sangakkara,TM Dilshan,DP Nannes,0,0,"",""
ball,2,11.6,Sri Lanka,KC Sangakkara,TM Dilshan,DP Nannes,0,1,"",""
ball,2,11.7,Sri Lanka,KC Sangakkara,TM Dilshan,DP Nannes,1,0,"",""
ball,2,12.1,Sri Lanka,KC Sangakkara,TM Dilshan,JW Hastings,4,0,"",""
ball,2,12.2,Sri Lanka,KC Sangakkara,TM Dilshan,JW Hastings,0,1,"",""
ball,2,12.3,Sri Lanka,TM Dilshan,KC Sangakkara,JW Hastings,2,0,"",""
ball,2,12.4,Sri Lanka,TM Dilshan,KC Sangakkara,JW Hastings,4,0,"",""
ball,2,12.5,Sri Lanka,TM Dilshan,KC Sangakkara,JW Hastings,2,0,"",""
ball,2,12.6,Sri Lanka,TM Dilshan,KC Sangakkara,JW Hastings,0,0,"",""
ball,2,13.1,Sri Lanka,KC Sangakkara,TM Dilshan,PM Siddle,4,0,"",""
ball,2,13.2,Sri Lanka,KC Sangakkara,TM Dilshan,PM Siddle,0,0,"",""
ball,2,13.3,Sri Lanka,KC Sangakkara,TM Dilshan,PM Siddle,4,0,"",""
ball,2,13.4,Sri Lanka,KC Sangakkara,TM Dilshan,PM Siddle,0,0,"",""
ball,2,13.5,Sri Lanka,KC Sangakkara,TM Dilshan,PM Siddle,1,0,"",""
ball,2,13.6,Sri Lanka,TM Dilshan,KC Sangakkara,PM Siddle,0,0,"",""
ball,2,14.1,Sri Lanka,KC Sangakkara,TM Dilshan,SPD Smith,1,0,"",""
ball,2,14.2,Sri Lanka,TM Dilshan,KC Sangakkara,SPD Smith,0,0,stumped,TM Dilshan
ball,2,14.3,Sri Lanka,NLTC Perera,KC Sangakkara,SPD Smith,1,0,"",""
ball,2,14.4,Sri Lanka,KC Sangakkara,NLTC Perera,SPD Smith,0,0,"",""
ball,2,14.5,Sri Lanka,KC Sangakkara,NLTC Perera,SPD Smith,4,0,"",""
ball,2,14.6,Sri Lanka,KC Sangakkara,NLTC Perera,SPD Smith,1,0,"",""
ball,2,15.1,Sri Lanka,KC Sangakkara,NLTC Perera,CJ McKay,0,0,"",""
ball,2,15.2,Sri Lanka,KC Sangakkara,NLTC Perera,CJ McKay,0,0,"",""
ball,2,15.3,Sri Lanka,KC Sangakkara,NLTC Perera,CJ McKay,0,0,"",""
ball,2,15.4,Sri Lanka,KC Sangakkara,NLTC Perera,CJ McKay,0,0,"",""
ball,2,15.5,Sri Lanka,KC Sangakkara,NLTC Perera,CJ McKay,0,0,"",""
ball,2,15.6,Sri Lanka,KC Sangakkara,NLTC Perera,CJ McKay,0,0,"",""
ball,2,16.1,Sri Lanka,NLTC Perera,KC Sangakkara,SPD Smith,6,0,"",""
ball,2,16.2,Sri Lanka,NLTC Perera,KC Sangakkara,SPD Smith,4,0,"",""
ball,2,16.3,Sri Lanka,NLTC Perera,KC Sangakkara,SPD Smith,6,0,"",""
