version,1.3.0
info,team,Australia
info,team,India
info,gender,male
info,season,2011/12
info,date,2012/02/01
info,series,India in Australia T20I Series
info,match_number,1
info,venue,Stadium Australia
info,city,Sydney
info,toss_winner,India
info,toss_decision,field
info,player_of_match,MS Wade
info,umpire,BNJ Oxenford
info,umpire,PR Reiffel
info,reserve_umpire,SJ Nogajski
info,tv_umpire,SD Fry
info,match_referee,AJ Pycroft
info,winner,Australia
info,winner_runs,31
ball,1,0.1,Australia,DA Warner,MS Wade,R Ashwin,0,0,"",""
ball,1,0.2,Australia,DA Warner,MS Wade,R Ashwin,0,0,"",""
ball,1,0.3,Australia,DA Warner,MS Wade,R Ashwin,0,0,"",""
ball,1,0.4,Australia,DA Warner,MS Wade,R Ashwin,1,0,"",""
ball,1,0.5,Australia,MS Wade,DA Warner,R Ashwin,0,0,"",""
ball,1,0.6,Australia,MS Wade,DA Warner,R Ashwin,1,0,"",""
ball,1,1.1,Australia,MS Wade,DA Warner,P Kumar,1,0,"",""
ball,1,1.2,Australia,DA Warner,MS Wade,P Kumar,0,0,"",""
ball,1,1.3,Australia,DA Warner,MS Wade,P Kumar,1,0,"",""
ball,1,1.4,Australia,MS Wade,DA Warner,P Kumar,4,0,"",""
ball,1,1.5,Australia,MS Wade,DA Warner,P Kumar,0,0,"",""
ball,1,1.6,Australia,MS Wade,DA Warner,P Kumar,1,0,"",""
ball,1,2.1,Australia,MS Wade,DA Warner,R Ashwin,1,0,"",""
ball,1,2.2,Australia,DA Warner,MS Wade,R Ashwin,0,0,"",""
ball,1,2.3,Australia,DA Warner,MS Wade,R Ashwin,6,0,"",""
ball,1,2.4,Australia,DA Warner,MS Wade,R Ashwin,4,0,"",""
ball,1,2.5,Australia,DA Warner,MS Wade,R Ashwin,6,0,"",""
ball,1,2.6,Australia,DA Warner,MS Wade,R Ashwin,2,0,"",""
ball,1,3.1,Australia,MS Wade,DA Warner,R Vinay Kumar,3,0,"",""
ball,1,3.2,Australia,DA Warner,MS Wade,R Vinay Kumar,2,0,"",""
ball,1,3.3,Australia,DA Warner,MS Wade,R Vinay Kumar,3,0,"",""
ball,1,3.4,Australia,MS Wade,DA Warner,R Vinay Kumar,0,1,"",""
ball,1,3.5,Australia,MS Wade,DA Warner,R Vinay Kumar,1,0,"",""
ball,1,3.6,Australia,DA Warner,MS Wade,R Vinay Kumar,0,0,caught,DA Warner
ball,1,3.7,Australia,MS Wade,TR Birt,R Vinay Kumar,1,0,"",""
ball,1,4.1,Australia,MS Wade,TR Birt,P Kumar,2,0,"",""
ball,1,4.2,Australia,MS Wade,TR Birt,P Kumar,0,0,"",""
ball,1,4.3,Australia,MS Wade,TR Birt,P Kumar,3,0,"",""
ball,1,4.4,Australia,TR Birt,MS Wade,P Kumar,0,0,"",""
ball,1,4.5,Australia,TR Birt,MS Wade,P Kumar,1,0,"",""
ball,1,4.6,Australia,MS Wade,TR Birt,P Kumar,3,0,"",""
ball,1,5.1,Australia,MS Wade,TR Birt,R Vinay Kumar,1,0,"",""
ball,1,5.2,Australia,TR Birt,MS Wade,R Vinay Kumar,0,0,"",""
ball,1,5.3,Australia,TR Birt,MS Wade,R Vinay Kumar,0,0,"",""
ball,1,5.4,Australia,TR Birt,MS Wade,R Vinay Kumar,0,0,"",""
ball,1,5.5,Australia,TR Birt,MS Wade,R Vinay Kumar,6,0,"",""
ball,1,5.6,Australia,TR Birt,MS Wade,R Vinay Kumar,0,0,"",""
ball,1,6.1,Australia,MS Wade,TR Birt,SK Raina,0,0,"",""
ball,1,6.2,Australia,MS Wade,TR Birt,SK Raina,1,0,"",""
ball,1,6.3,Australia,TR Birt,MS Wade,SK Raina,0,0,"",""
ball,1,6.4,Australia,TR Birt,MS Wade,SK Raina,0,0,"",""
ball,1,6.5,Australia,TR Birt,MS Wade,SK Raina,1,0,"",""
ball,1,6.6,Australia,MS Wade,TR Birt,SK Raina,1,0,"",""
ball,1,7.1,Australia,MS Wade,TR Birt,R Ashwin,6,0,"",""
ball,1,7.2,Australia,MS Wade,TR Birt,R Ashwin,1,0,"",""
ball,1,7.3,Australia,TR Birt,MS Wade,R Ashwin,0,0,"",""
ball,1,7.4,Australia,TR Birt,MS Wade,R Ashwin,0,0,"",""
ball,1,7.5,Australia,TR Birt,MS Wade,R Ashwin,0,0,"",""
ball,1,7.6,Australia,TR Birt,MS Wade,R Ashwin,1,0,"",""
ball,1,8.1,Australia,TR Birt,MS Wade,R Sharma,0,0,"",""
ball,1,8.2,Australia,TR Birt,MS Wade,R Sharma,4,0,"",""
ball,1,8.3,Australia,TR Birt,MS Wade,R Sharma,2,0,"",""
ball,1,8.4,Australia,TR Birt,MS Wade,R Sharma,0,0,"",""
ball,1,8.5,Australia,TR Birt,MS Wade,RG Sharma,1,0,"",""
ball,1,8.6,Australia,MS Wade,TR Birt,RG Sharma,1,0,"",""
ball,1,9.1,Australia,MS Wade,TR Birt,R Ashwin,1,0,"",""
ball,1,9.2,Australia,TR Birt,MS Wade,R Ashwin,1,0,"",""
ball,1,9.3,Australia,MS Wade,TR Birt,R Ashwin,2,0,"",""
ball,1,9.4,Australia,MS Wade,TR Birt,R Ashwin,0,0,"",""
ball,1,9.5,Australia,MS Wade,TR Birt,R Ashwin,1,0,"",""
ball,1,9.6,Australia,TR Birt,MS Wade,R Ashwin,0,0,caught,TR Birt
ball,1,10.1,Australia,MS Wade,DJ Hussey,RA Jadeja,1,0,"",""
ball,1,10.2,Australia,DJ Hussey,MS Wade,RA Jadeja,1,0,"",""
ball,1,10.3,Australia,MS Wade,DJ Hussey,RA Jadeja,4,0,"",""
ball,1,10.4,Australia,MS Wade,DJ Hussey,RA Jadeja,0,0,"",""
ball,1,10.5,Australia,MS Wade,DJ Hussey,RA Jadeja,0,0,"",""
ball,1,10.6,Australia,MS Wade,DJ Hussey,RA Jadeja,0,0,"",""
ball,1,11.1,Australia,DJ Hussey,MS Wade,R Sharma,0,0,"",""
ball,1,11.2,Australia,DJ Hussey,MS Wade,R Sharma,0,0,"",""
ball,1,11.3,Australia,DJ Hussey,MS Wade,R Sharma,0,0,"",""
ball,1,11.4,Australia,DJ Hussey,MS Wade,R Sharma,0,1,"",""
ball,1,11.5,Australia,DJ Hussey,MS Wade,R Sharma,1,0,"",""
ball,1,11.6,Australia,MS Wade,DJ Hussey,R Sharma,1,0,"",""
ball,1,11.7,Australia,DJ Hussey,MS Wade,R Sharma,0,0,"",""
ball,1,12.1,Australia,MS Wade,DJ Hussey,RA Jadeja,1,0,"",""
ball,1,12.2,Australia,DJ Hussey,MS Wade,RA Jadeja,1,0,"",""
ball,1,12.3,Australia,MS Wade,DJ Hussey,RA Jadeja,4,0,"",""
ball,1,12.4,Australia,MS Wade,DJ Hussey,RA Jadeja,6,0,"",""
ball,1,12.5,Australia,MS Wade,DJ Hussey,RA Jadeja,4,0,"",""
ball,1,12.6,Australia,MS Wade,DJ Hussey,RA Jadeja,1,0,"",""
ball,1,13.1,Australia,MS Wade,DJ Hussey,P Kumar,4,0,"",""
ball,1,13.2,Australia,MS Wade,DJ Hussey,P Kumar,1,0,"",""
ball,1,13.3,Australia,DJ Hussey,MS Wade,P Kumar,4,0,"",""
ball,1,13.4,Australia,DJ Hussey,MS Wade,P Kumar,2,0,"",""
ball,1,13.5,Australia,DJ Hussey,MS Wade,P Kumar,1,0,"",""
ball,1,13.6,Australia,MS Wade,DJ Hussey,P Kumar,6,0,"",""
ball,1,14.1,Australia,DJ Hussey,MS Wade,R Sharma,1,0,"",""
ball,1,14.2,Australia,MS Wade,DJ Hussey,R Sharma,0,0,"",""
ball,1,14.3,Australia,MS Wade,DJ Hussey,R Sharma,1,0,"",""
ball,1,14.4,Australia,DJ Hussey,MS Wade,R Sharma,6,0,"",""
ball,1,14.5,Australia,DJ Hussey,MS Wade,R Sharma,0,0,"",""
ball,1,14.6,Australia,DJ Hussey,MS Wade,R Sharma,1,0,"",""
ball,1,15.1,Australia,DJ Hussey,MS Wade,SK Raina,0,0,"",""
ball,1,15.2,Australia,DJ Hussey,MS Wade,SK Raina,1,0,"",""
ball,1,15.3,Australia,MS Wade,DJ Hussey,SK Raina,2,0,"",""
ball,1,15.4,Australia,MS Wade,DJ Hussey,SK Raina,0,0,bowled,MS Wade
ball,1,15.5,Australia,GJ Bailey,DJ Hussey,SK Raina,1,0,"",""
ball,1,15.6,Australia,DJ Hussey,GJ Bailey,SK Raina,1,0,"",""
ball,1,16.1,Australia,DJ Hussey,GJ Bailey,R Vinay Kumar,1,0,"",""
ball,1,16.2,Australia,GJ Bailey,DJ Hussey,R Vinay Kumar,1,0,"",""
ball,1,16.3,Australia,DJ Hussey,GJ Bailey,R Vinay Kumar,1,0,"",""
ball,1,16.4,Australia,GJ Bailey,DJ Hussey,R Vinay Kumar,0,0,"",""
ball,1,16.5,Australia,GJ Bailey,DJ Hussey,R Vinay Kumar,1,0,"",""
ball,1,16.6,Australia,DJ Hussey,GJ Bailey,R Vinay Kumar,1,0,"",""
ball,1,17.1,Australia,DJ Hussey,GJ Bailey,SK Raina,2,0,"",""
ball,1,17.2,Australia,DJ Hussey,GJ Bailey,SK Raina,6,0,"",""
ball,1,17.3,Australia,DJ Hussey,GJ Bailey,SK Raina,1,0,"",""
ball,1,17.4,Australia,GJ Bailey,DJ Hussey,SK Raina,4,0,"",""
ball,1,17.5,Australia,GJ Bailey,DJ Hussey,SK Raina,1,0,"",""
ball,1,17.6,Australia,DJ Hussey,GJ Bailey,SK Raina,0,0,"",""
ball,1,18.1,Australia,GJ Bailey,DJ Hussey,R Vinay Kumar,1,0,"",""
ball,1,18.2,Australia,DJ Hussey,GJ Bailey,R Vinay Kumar,1,0,"",""
ball,1,18.3,Australia,GJ Bailey,DJ Hussey,R Vinay Kumar,1,0,"",""
ball,1,18.4,Australia,DJ Hussey,GJ Bailey,R Vinay Kumar,1,0,"",""
ball,1,18.5,Australia,GJ Bailey,DJ Hussey,R Vinay Kumar,1,0,"",""
ball,1,18.6,Australia,DJ Hussey,GJ Bailey,R Vinay Kumar,0,0,"",""
ball,1,19.1,Australia,GJ Bailey,DJ Hussey,R Sharma,0,0,"",""
ball,1,19.2,Australia,GJ Bailey,DJ Hussey,R Sharma,1,0,"",""
ball,1,19.3,Australia,DJ Hussey,GJ Bailey,R Sharma,6,0,"",""
ball,1,19.4,Australia,DJ Hussey,GJ Bailey,R Sharma,2,0,"",""
ball,1,19.5,Australia,DJ Hussey,GJ Bailey,R Sharma,0,0,bowled,DJ Hussey
ball,1,19.6,Australia,MR Marsh,GJ Bailey,R Sharma,0,1,"",""
ball,2,0.1,India,G Gambhir,V Sehwag,B Lee,0,2,"",""
ball,2,0.2,India,V Sehwag,G Gambhir,B Lee,0,0,"",""
ball,2,0.3,India,V Sehwag,G Gambhir,B Lee,4,0,"",""
ball,2,0.4,India,V Sehwag,G Gambhir,B Lee,0,0,caught,V Sehwag
ball,2,0.5,India,V Kohli,G Gambhir,B Lee,1,0,"",""
ball,2,0.6,India,G Gambhir,V Kohli,B Lee,4,0,"",""
ball,2,0.7,India,G Gambhir,V Kohli,B Lee,0,1,"",""
ball,2,1.1,India,G Gambhir,V Kohli,XJ Doherty,0,0,"",""
ball,2,1.2,India,G Gambhir,V Kohli,XJ Doherty,2,0,"",""
ball,2,1.3,India,G Gambhir,V Kohli,XJ Doherty,1,0,"",""
ball,2,1.4,India,V Kohli,G Gambhir,XJ Doherty,0,0,"",""
ball,2,1.5,India,V Kohli,G Gambhir,XJ Doherty,1,0,"",""
ball,2,1.6,India,G Gambhir,V Kohli,XJ Doherty,0,0,"",""
ball,2,2.1,India,V Kohli,G Gambhir,B Lee,0,0,"",""
ball,2,2.2,India,V Kohli,G Gambhir,B Lee,0,1,"",""
ball,2,2.3,India,V Kohli,G Gambhir,B Lee,2,0,"",""
ball,2,2.4,India,V Kohli,G Gambhir,B Lee,0,1,"",""
ball,2,2.5,India,G Gambhir,V Kohli,B Lee,1,0,"",""
ball,2,2.6,India,V Kohli,G Gambhir,B Lee,6,0,"",""
ball,2,2.7,India,V Kohli,G Gambhir,B Lee,1,0,"",""
ball,2,3.1,India,V Kohli,G Gambhir,JP Faulkner,1,0,"",""
ball,2,3.2,India,G Gambhir,V Kohli,JP Faulkner,1,0,"",""
ball,2,3.3,India,V Kohli,G Gambhir,JP Faulkner,1,0,"",""
ball,2,3.4,India,G Gambhir,V Kohli,JP Faulkner,1,0,"",""
ball,2,3.5,India,V Kohli,G Gambhir,JP Faulkner,1,0,"",""
ball,2,3.6,India,G Gambhir,V Kohli,JP Faulkner,4,0,"",""
ball,2,4.1,India,V Kohli,G Gambhir,DT Christian,1,0,"",""
ball,2,4.2,India,G Gambhir,V Kohli,DT Christian,4,0,"",""
ball,2,4.3,India,G Gambhir,V Kohli,DT Christian,1,0,"",""
ball,2,4.4,India,V Kohli,G Gambhir,DT Christian,1,0,"",""
ball,2,4.5,India,G Gambhir,V Kohli,DT Christian,1,0,"",""
ball,2,4.6,India,V Kohli,G Gambhir,DT Christian,1,0,"",""
ball,2,5.1,India,V Kohli,G Gambhir,DJ Hussey,0,0,"",""
ball,2,5.2,India,V Kohli,G Gambhir,DJ Hussey,1,0,"",""
ball,2,5.3,India,G Gambhir,V Kohli,DJ Hussey,0,0,caught,G Gambhir
ball,2,5.4,India,SK Raina,V Kohli,DJ Hussey,1,0,"",""
ball,2,5.5,India,V Kohli,SK Raina,DJ Hussey,0,0,"",""
ball,2,5.6,India,V Kohli,SK Raina,DJ Hussey,1,0,"",""
ball,2,6.1,India,V Kohli,SK Raina,GB Hogg,2,0,"",""
ball,2,6.2,India,V Kohli,SK Raina,GB Hogg,1,0,"",""
ball,2,6.3,India,SK Raina,V Kohli,GB Hogg,1,0,"",""
ball,2,6.4,India,V Kohli,SK Raina,GB Hogg,0,0,caught,V Kohli
ball,2,6.5,India,SK Raina,RG Sharma,GB Hogg,0,0,"",""
ball,2,6.6,India,SK Raina,RG Sharma,GB Hogg,0,0,"",""
ball,2,7.1,India,RG Sharma,SK Raina,DJ Hussey,0,0,bowled,RG Sharma
ball,2,7.2,India,MS Dhoni,SK Raina,DJ Hussey,0,0,"",""
ball,2,7.3,India,MS Dhoni,SK Raina,DJ Hussey,0,0,"",""
ball,2,7.4,India,MS Dhoni,SK Raina,DJ Hussey,0,0,"",""
ball,2,7.5,India,MS Dhoni,SK Raina,DJ Hussey,1,0,"",""
ball,2,7.6,India,SK Raina,MS Dhoni,DJ Hussey,0,0,"",""
ball,2,8.1,India,MS Dhoni,SK Raina,GB Hogg,0,0,"",""
ball,2,8.2,India,MS Dhoni,SK Raina,GB Hogg,0,0,"",""
ball,2,8.3,India,MS Dhoni,SK Raina,GB Hogg,1,0,"",""
ball,2,8.4,India,SK Raina,MS Dhoni,GB Hogg,0,0,"",""
ball,2,8.5,India,SK Raina,MS Dhoni,GB Hogg,2,0,"",""
ball,2,8.6,India,SK Raina,MS Dhoni,GB Hogg,1,0,"",""
ball,2,9.1,India,SK Raina,MS Dhoni,XJ Doherty,1,0,"",""
ball,2,9.2,India,MS Dhoni,SK Raina,XJ Doherty,0,0,"",""
ball,2,9.3,India,MS Dhoni,SK Raina,XJ Doherty,1,0,"",""
ball,2,9.4,India,SK Raina,MS Dhoni,XJ Doherty,1,0,"",""
ball,2,9.5,India,MS Dhoni,SK Raina,XJ Doherty,1,0,"",""
ball,2,9.6,India,SK Raina,MS Dhoni,XJ Doherty,4,0,"",""
ball,2,10.1,India,MS Dhoni,SK Raina,GB Hogg,1,0,"",""
ball,2,10.2,India,SK Raina,MS Dhoni,GB Hogg,1,0,"",""
ball,2,10.3,India,MS Dhoni,SK Raina,GB Hogg,1,0,"",""
ball,2,10.4,India,SK Raina,MS Dhoni,GB Hogg,1,0,"",""
ball,2,10.5,India,MS Dhoni,SK Raina,GB Hogg,0,0,"",""
ball,2,10.6,India,MS Dhoni,SK Raina,GB Hogg,0,0,"",""
ball,2,11.1,India,SK Raina,MS Dhoni,DT Christian,1,0,"",""
ball,2,11.2,India,MS Dhoni,SK Raina,DT Christian,1,0,"",""
ball,2,11.3,India,SK Raina,MS Dhoni,DT Christian,0,0,bowled,SK Raina
ball,2,11.4,India,RA Jadeja,MS Dhoni,DT Christian,1,0,"",""
ball,2,11.5,India,MS Dhoni,RA Jadeja,DT Christian,0,0,"",""
ball,2,11.6,India,MS Dhoni,RA Jadeja,DT Christian,0,0,"",""
ball,2,12.1,India,RA Jadeja,MS Dhoni,B Lee,0,0,"",""
ball,2,12.2,India,RA Jadeja,MS Dhoni,B Lee,1,0,"",""
ball,2,12.3,India,MS Dhoni,RA Jadeja,B Lee,0,0,"",""
ball,2,12.4,India,MS Dhoni,RA Jadeja,B Lee,0,1,"",""
ball,2,12.5,India,MS Dhoni,RA Jadeja,B Lee,1,0,"",""
ball,2,12.6,India,RA Jadeja,MS Dhoni,B Lee,0,0,"",""
ball,2,12.7,India,RA Jadeja,MS Dhoni,B Lee,1,0,"",""
ball,2,13.1,India,RA Jadeja,MS Dhoni,DT Christian,4,0,"",""
ball,2,13.2,India,RA Jadeja,MS Dhoni,DT Christian,0,0,"",""
ball,2,13.3,India,RA Jadeja,MS Dhoni,DT Christian,0,0,caught,RA Jadeja
ball,2,13.4,India,MS Dhoni,R Ashwin,DT Christian,2,0,"",""
ball,2,13.5,India,MS Dhoni,R Ashwin,DT Christian,2,0,"",""
ball,2,13.6,India,MS Dhoni,R Ashwin,DT Christian,1,0,"",""
ball,2,14.1,India,MS Dhoni,R Ashwin,GB Hogg,1,0,"",""
ball,2,14.2,India,R Ashwin,MS Dhoni,GB Hogg,1,0,"",""
ball,2,14.3,India,MS Dhoni,R Ashwin,GB Hogg,0,0,"",""
ball,2,14.4,India,MS Dhoni,R Ashwin,GB Hogg,1,0,"",""
ball,2,14.5,India,R Ashwin,MS Dhoni,GB Hogg,4,0,"",""
ball,2,14.6,India,R Ashwin,MS Dhoni,GB Hogg,2,0,"",""
ball,2,15.1,India,MS Dhoni,R Ashwin,DT Christian,6,1,"",""
ball,2,15.2,India,MS Dhoni,R Ashwin,DT Christian,2,0,"",""
ball,2,15.3,India,MS Dhoni,R Ashwin,DT Christian,0,0,"",""
ball,2,15.4,India,MS Dhoni,R Ashwin,DT Christian,4,0,"",""
ball,2,15.5,India,MS Dhoni,R Ashwin,DT Christian,1,0,"",""
ball,2,15.6,India,R Ashwin,MS Dhoni,DT Christian,0,1,"",""
ball,2,15.7,India,MS Dhoni,R Ashwin,DT Christian,0,0,"",""
ball,2,16.1,India,R Ashwin,MS Dhoni,JP Faulkner,0,0,"",""
ball,2,16.2,India,R Ashwin,MS Dhoni,JP Faulkner,1,0,"",""
ball,2,16.3,India,MS Dhoni,R Ashwin,JP Faulkner,1,0,"",""
ball,2,16.4,India,R Ashwin,MS Dhoni,JP Faulkner,1,0,"",""
ball,2,16.5,India,MS Dhoni,R Ashwin,JP Faulkner,0,0,"",""
ball,2,16.6,India,MS Dhoni,R Ashwin,JP Faulkner,6,0,"",""
ball,2,17.1,India,R Ashwin,MS Dhoni,XJ Doherty,0,0,"",""
ball,2,17.2,India,R Ashwin,MS Dhoni,XJ Doherty,1,0,"",""
ball,2,17.3,India,MS Dhoni,R Ashwin,XJ Doherty,1,0,"",""
ball,2,17.4,India,R Ashwin,MS Dhoni,XJ Doherty,1,0,"",""
ball,2,17.5,India,MS Dhoni,R Ashwin,XJ Doherty,1,0,"",""
ball,2,17.6,India,R Ashwin,MS Dhoni,XJ Doherty,1,0,"",""
ball,2,18.1,India,R Ashwin,MS Dhoni,B Lee,1,0,"",""
ball,2,18.2,India,MS Dhoni,R Ashwin,B Lee,0,0,"",""
ball,2,18.3,India,MS Dhoni,R Ashwin,B Lee,2,0,"",""
ball,2,18.4,India,MS Dhoni,R Ashwin,B Lee,0,1,"",""
ball,2,18.5,India,MS Dhoni,R Ashwin,B Lee,0,0,"",""
ball,2,18.6,India,MS Dhoni,R Ashwin,B Lee,0,0,"",""
ball,2,18.7,India,MS Dhoni,R Ashwin,B Lee,6,0,"",""
ball,2,19.1,India,R Ashwin,MS Dhoni,XJ Doherty,0,1,"",""
ball,2,19.2,India,R Ashwin,MS Dhoni,XJ Doherty,1,0,"",""
ball,2,19.3,India,MS Dhoni,R Ashwin,XJ Doherty,1,0,"",""
ball,2,19.4,India,R Ashwin,MS Dhoni,XJ Doherty,0,0,"",""
ball,2,19.5,India,R Ashwin,MS Dhoni,XJ Doherty,0,0,"",""
ball,2,19.6,India,R Ashwin,MS Dhoni,XJ Doherty,1,0,"",""
ball,2,19.7,India,MS Dhoni,R Ashwin,XJ Doherty,2,0,"",""
