version,1.3.0
info,team,England
info,team,West Indies
info,gender,male
info,season,2011
info,date,2011/09/25
info,series,West Indies in England T20I Series
info,match_number,2
info,venue,Kennington Oval
info,city,London
info,toss_winner,England
info,toss_decision,field
info,player_of_match,GE Mathurin
info,umpire,RK Illingworth
info,umpire,NJ Llong
info,reserve_umpire,RT Robinson
info,tv_umpire,RJ Bailey
info,match_referee,JJ Crowe
info,winner,West Indies
info,winner_runs,25
ball,1,0.1,West Indies,J Charles,DR Smith,TT Bresnan,0,0,"",""
ball,1,0.2,West Indies,J Charles,DR Smith,TT Bresnan,0,0,"",""
ball,1,0.3,West Indies,J Charles,DR Smith,TT Bresnan,0,0,"",""
ball,1,0.4,West Indies,J Charles,DR Smith,TT Bresnan,1,0,"",""
ball,1,0.5,West Indies,DR Smith,J Charles,TT Bresnan,0,0,"",""
ball,1,0.6,West Indies,DR Smith,J Charles,TT Bresnan,1,0,"",""
ball,1,1.1,West Indies,DR Smith,J Charles,SR Patel,4,0,"",""
ball,1,1.2,West Indies,DR Smith,J Charles,SR Patel,1,0,"",""
ball,1,1.3,West Indies,J Charles,DR Smith,SR Patel,0,0,"",""
ball,1,1.4,West Indies,J Charles,DR Smith,SR Patel,1,0,"",""
ball,1,1.5,West Indies,DR Smith,J Charles,SR Patel,0,0,"",""
ball,1,1.6,West Indies,DR Smith,J Charles,SR Patel,0,0,"",""
ball,1,2.1,West Indies,J Charles,DR Smith,TT Bresnan,4,0,"",""
ball,1,2.2,West Indies,J Charles,DR Smith,TT Bresnan,1,0,"",""
ball,1,2.3,West Indies,DR Smith,J Charles,TT Bresnan,0,0,"",""
ball,1,2.4,West Indies,DR Smith,J Charles,TT Bresnan,1,0,"",""
ball,1,2.5,West Indies,J Charles,DR Smith,TT Bresnan,0,0,"",""
ball,1,2.6,West Indies,J Charles,DR Smith,TT Bresnan,0,0,"",""
ball,1,3.1,West Indies,DR Smith,J Charles,JW Dernbach,0,0,"",""
ball,1,3.2,West Indies,DR Smith,J Charles,JW Dernbach,4,0,"",""
ball,1,3.3,West Indies,DR Smith,J Charles,JW Dernbach,0,0,"",""
ball,1,3.4,West Indies,DR Smith,J Charles,JW Dernbach,0,0,lbw,DR Smith
ball,1,3.5,West Indies,MC Bascombe,J Charles,JW Dernbach,0,1,"",""
ball,1,3.6,West Indies,MC Bascombe,J Charles,JW Dernbach,0,1,"",""
ball,1,3.7,West Indies,J Charles,MC Bascombe,JW Dernbach,0,0,"",""
ball,1,4.1,West Indies,MC Bascombe,J Charles,TT Bresnan,0,0,"",""
ball,1,4.2,West Indies,MC Bascombe,J Charles,TT Bresnan,0,0,"",""
ball,1,4.3,West Indies,MC Bascombe,J Charles,TT Bresnan,0,1,"",""
ball,1,4.4,West Indies,MC Bascombe,J Charles,TT Bresnan,2,0,"",""
ball,1,4.5,West Indies,MC Bascombe,J Charles,TT Bresnan,1,0,"",""
ball,1,4.6,West Indies,J Charles,MC Bascombe,TT Bresnan,0,0,"",""
ball,1,4.7,West Indies,J Charles,MC Bascombe,TT Bresnan,0,0,"",""
ball,1,5.1,West Indies,MC Bascombe,J Charles,SR Patel,0,0,"",""
ball,1,5.2,West Indies,MC Bascombe,J Charles,SR Patel,0,0,lbw,MC Bascombe
ball,1,5.3,West Indies,MN Samuels,J Charles,SR Patel,0,0,"",""
ball,1,5.4,West Indies,MN Samuels,J Charles,SR Patel,1,0,"",""
ball,1,5.5,West Indies,J Charles,MN Samuels,SR Patel,0,0,"",""
ball,1,5.6,West Indies,J Charles,MN Samuels,SR Patel,0,0,"",""
ball,1,6.1,West Indies,MN Samuels,J Charles,SG Borthwick,1,0,"",""
ball,1,6.2,West Indies,J Charles,MN Samuels,SG Borthwick,0,0,"",""
ball,1,6.3,West Indies,J Charles,MN Samuels,SG Borthwick,1,0,"",""
ball,1,6.4,West Indies,MN Samuels,J Charles,SG Borthwick,0,0,"",""
ball,1,6.5,West Indies,MN Samuels,J Charles,SG Borthwick,1,0,"",""
ball,1,6.6,West Indies,J Charles,MN Samuels,SG Borthwick,1,0,"",""
ball,1,7.1,West Indies,J Charles,MN Samuels,SR Patel,0,0,"",""
ball,1,7.2,West Indies,J Charles,MN Samuels,SR Patel,1,0,"",""
ball,1,7.3,West Indies,MN Samuels,J Charles,SR Patel,1,0,"",""
ball,1,7.4,West Indies,J Charles,MN Samuels,SR Patel,0,0,"",""
ball,1,7.5,West Indies,J Charles,MN Samuels,SR Patel,6,0,"",""
ball,1,7.6,West Indies,J Charles,MN Samuels,SR Patel,1,0,"",""
ball,1,8.1,West Indies,J Charles,MN Samuels,SG Borthwick,2,0,"",""
ball,1,8.2,West Indies,J Charles,MN Samuels,SG Borthwick,2,0,"",""
ball,1,8.3,West Indies,J Charles,MN Samuels,SG Borthwick,0,0,"",""
ball,1,8.4,West Indies,J Charles,MN Samuels,SG Borthwick,0,0,"",""
ball,1,8.5,West Indies,J Charles,MN Samuels,SG Borthwick,0,0,bowled,J Charles
ball,1,8.6,West Indies,CD Barnwell,MN Samuels,SG Borthwick,1,0,"",""
ball,1,9.1,West Indies,CD Barnwell,MN Samuels,GP Swann,0,0,"",""
ball,1,9.2,West Indies,CD Barnwell,MN Samuels,GP Swann,1,0,"",""
ball,1,9.3,West Indies,MN Samuels,CD Barnwell,GP Swann,0,0,"",""
ball,1,9.4,West Indies,MN Samuels,CD Barnwell,GP Swann,0,0,"",""
ball,1,9.5,West Indies,MN Samuels,CD Barnwell,GP Swann,0,0,"",""
ball,1,9.6,West Indies,MN Samuels,CD Barnwell,GP Swann,0,0,"",""
ball,1,10.1,West Indies,CD Barnwell,MN Samuels,SG Borthwick,0,0,"",""
ball,1,10.2,West Indies,CD Barnwell,MN Samuels,SG Borthwick,0,0,"",""
ball,1,10.3,West Indies,CD Barnwell,MN Samuels,SG Borthwick,1,0,"",""
ball,1,10.4,West Indies,MN Samuels,CD Barnwell,SG Borthwick,0,0,"",""
ball,1,10.5,West Indies,MN Samuels,CD Barnwell,SG Borthwick,1,0,"",""
ball,1,10.6,West Indies,CD Barnwell,MN Samuels,SG Borthwick,1,0,"",""
ball,1,11.1,West Indies,CD Barnwell,MN Samuels,GP Swann,1,0,"",""
ball,1,11.2,West Indies,MN Samuels,CD Barnwell,GP Swann,1,0,"",""
ball,1,11.3,West Indies,CD Barnwell,MN Samuels,GP Swann,2,0,"",""
ball,1,11.4,West Indies,CD Barnwell,MN Samuels,GP Swann,0,0,"",""
ball,1,11.5,West Indies,CD Barnwell,MN Samuels,GP Swann,2,0,"",""
ball,1,11.6,West Indies,CD Barnwell,MN Samuels,GP Swann,1,0,"",""
ball,1,12.1,West Indies,CD Barnwell,MN Samuels,SG Borthwick,1,0,"",""
ball,1,12.2,West Indies,MN Samuels,CD Barnwell,SG Borthwick,0,0,"",""
ball,1,12.3,West Indies,MN Samuels,CD Barnwell,SG Borthwick,0,0,"",""
ball,1,12.4,West Indies,MN Samuels,CD Barnwell,SG Borthwick,2,0,"",""
ball,1,12.5,West Indies,MN Samuels,CD Barnwell,SG Borthwick,0,0,"",""
ball,1,12.6,West Indies,MN Samuels,CD Barnwell,SG Borthwick,0,0,"",""
ball,1,13.1,West Indies,CD Barnwell,MN Samuels,RS Bopara,2,0,"",""
ball,1,13.2,West Indies,CD Barnwell,MN Samuels,RS Bopara,0,0,"",""
ball,1,13.3,West Indies,CD Barnwell,MN Samuels,RS Bopara,0,0,"",""
ball,1,13.4,West Indies,CD Barnwell,MN Samuels,RS Bopara,0,0,"",""
ball,1,13.5,West Indies,CD Barnwell,MN Samuels,RS Bopara,1,0,"",""
ball,1,13.6,West Indies,MN Samuels,CD Barnwell,RS Bopara,2,0,"",""
ball,1,14.1,West Indies,CD Barnwell,MN Samuels,SR Patel,2,0,"",""
ball,1,14.2,West Indies,CD Barnwell,MN Samuels,SR Patel,0,0,"",""
ball,1,14.3,West Indies,CD Barnwell,MN Samuels,SR Patel,0,0,"",""
ball,1,14.4,West Indies,CD Barnwell,MN Samuels,SR Patel,0,0,caught,CD Barnwell
ball,1,14.5,West Indies,MN Samuels,DJG Sammy,SR Patel,0,0,"",""
ball,1,14.6,West Indies,MN Samuels,DJG Sammy,SR Patel,4,0,"",""
ball,1,15.1,West Indies,DJG Sammy,MN Samuels,RS Bopara,1,0,"",""
ball,1,15.2,West Indies,MN Samuels,DJG Sammy,RS Bopara,0,0,"",""
ball,1,15.3,West Indies,MN Samuels,DJG Sammy,RS Bopara,1,0,"",""
ball,1,15.4,West Indies,DJG Sammy,MN Samuels,RS Bopara,1,0,"",""
ball,1,15.5,West Indies,MN Samuels,DJG Sammy,RS Bopara,2,0,"",""
ball,1,15.6,West Indies,MN Samuels,DJG Sammy,RS Bopara,1,0,"",""
ball,1,16.1,West Indies,MN Samuels,DJG Sammy,JW Dernbach,1,0,"",""
ball,1,16.2,West Indies,DJG Sammy,MN Samuels,JW Dernbach,2,0,"",""
ball,1,16.3,West Indies,DJG Sammy,MN Samuels,JW Dernbach,0,0,"",""
ball,1,16.4,West Indies,DJG Sammy,MN Samuels,JW Dernbach,1,0,"",""
ball,1,16.5,West Indies,MN Samuels,DJG Sammy,JW Dernbach,2,0,"",""
ball,1,16.6,West Indies,MN Samuels,DJG Sammy,JW Dernbach,4,0,"",""
ball,1,17.1,West Indies,DJG Sammy,MN Samuels,RS Bopara,6,0,"",""
ball,1,17.2,West Indies,DJG Sammy,MN Samuels,RS Bopara,1,0,"",""
ball,1,17.3,West Indies,MN Samuels,DJG Sammy,RS Bopara,4,0,"",""
ball,1,17.4,West Indies,MN Samuels,DJG Sammy,RS Bopara,2,0,"",""
ball,1,17.5,West Indies,MN Samuels,DJG Sammy,RS Bopara,1,0,"",""
ball,1,17.6,West Indies,DJG Sammy,MN Samuels,RS Bopara,0,0,caught,DJG Sammy
ball,1,18.1,West Indies,MN Samuels,AD Russell,JW Dernbach,0,0,"",""
ball,1,18.2,West Indies,MN Samuels,AD Russell,JW Dernbach,1,0,"",""
ball,1,18.3,West Indies,AD Russell,MN Samuels,JW Dernbach,1,0,"",""
ball,1,18.4,West Indies,MN Samuels,AD Russell,JW Dernbach,1,0,"",""
ball,1,18.5,West Indies,AD Russell,MN Samuels,JW Dernbach,0,0,"",""
ball,1,18.6,West Indies,AD Russell,MN Samuels,JW Dernbach,1,0,"",""
ball,1,19.1,West Indies,AD Russell,MN Samuels,RS Bopara,1,0,"",""
ball,1,19.2,West Indies,MN Samuels,AD Russell,RS Bopara,1,0,"",""
ball,1,19.3,West Indies,AD Russell,MN Samuels,RS Bopara,2,0,"",""
ball,1,19.4,West Indies,AD Russell,MN Samuels,RS Bopara,4,0,"",""
ball,1,19.5,West Indies,AD Russell,MN Samuels,RS Bopara,2,0,"",""
ball,1,19.6,West Indies,AD Russell,MN Samuels,RS Bopara,1,0,"",""
ball,2,0.1,England,AD Hales,C Kieswetter,K Santokie,0,0,"",""
ball,2,0.2,England,AD Hales,C Kieswetter,K Santokie,0,0,"",""
ball,2,0.3,England,AD Hales,C Kieswetter,K Santokie,1,0,"",""
ball,2,0.4,England,C Kieswetter,AD Hales,K Santokie,4,0,"",""
ball,2,0.5,England,C Kieswetter,AD Hales,K Santokie,0,0,"",""
ball,2,0.6,England,C Kieswetter,AD Hales,K Santokie,0,0,"",""
ball,2,1.1,England,AD Hales,C Kieswetter,GE Mathurin,0,0,"",""
ball,2,1.2,England,AD Hales,C Kieswetter,GE Mathurin,0,0,"",""
ball,2,1.3,England,AD Hales,C Kieswetter,GE Mathurin,0,0,"",""
ball,2,1.4,England,AD Hales,C Kieswetter,GE Mathurin,0,0,"",""
ball,2,1.5,England,AD Hales,C Kieswetter,GE Mathurin,1,0,"",""
ball,2,1.6,England,C Kieswetter,AD Hales,GE Mathurin,1,0,"",""
ball,2,2.1,England,C Kieswetter,AD Hales,K Santokie,0,0,"",""
ball,2,2.2,England,C Kieswetter,AD Hales,K Santokie,4,0,"",""
ball,2,2.3,England,C Kieswetter,AD Hales,K Santokie,1,0,"",""
ball,2,2.4,England,AD Hales,C Kieswetter,K Santokie,0,0,bowled,AD Hales
ball,2,2.5,England,BA Stokes,C Kieswetter,K Santokie,1,0,"",""
ball,2,2.6,England,C Kieswetter,BA Stokes,K Santokie,0,0,"",""
ball,2,3.1,England,BA Stokes,C Kieswetter,GE Mathurin,0,1,"",""
ball,2,3.2,England,C Kieswetter,BA Stokes,GE Mathurin,0,0,bowled,C Kieswetter
ball,2,3.3,England,RS Bopara,BA Stokes,GE Mathurin,0,0,"",""
ball,2,3.4,England,RS Bopara,BA Stokes,GE Mathurin,0,1,"",""
ball,2,3.5,England,BA Stokes,RS Bopara,GE Mathurin,1,0,"",""
ball,2,3.6,England,RS Bopara,BA Stokes,GE Mathurin,0,0,"",""
ball,2,4.1,England,BA Stokes,RS Bopara,K Santokie,1,0,"",""
ball,2,4.2,England,RS Bopara,BA Stokes,K Santokie,0,0,"",""
ball,2,4.3,England,RS Bopara,BA Stokes,K Santokie,2,0,"",""
ball,2,4.4,England,RS Bopara,BA Stokes,K Santokie,1,0,"",""
ball,2,4.5,England,BA Stokes,RS Bopara,K Santokie,0,0,"",""
ball,2,4.6,England,BA Stokes,RS Bopara,K Santokie,2,0,"",""
ball,2,5.1,England,RS Bopara,BA Stokes,GE Mathurin,0,0,"",""
ball,2,5.2,England,RS Bopara,BA Stokes,GE Mathurin,0,1,"",""
ball,2,5.3,England,BA Stokes,RS Bopara,GE Mathurin,1,0,"",""
ball,2,5.4,England,RS Bopara,BA Stokes,GE Mathurin,0,0,bowled,RS Bopara
ball,2,5.5,England,JM Bairstow,BA Stokes,GE Mathurin,0,0,"",""
ball,2,5.6,England,JM Bairstow,BA Stokes,GE Mathurin,2,0,"",""
ball,2,6.1,England,BA Stokes,JM Bairstow,D Bishoo,2,0,"",""
ball,2,6.2,England,BA Stokes,JM Bairstow,D Bishoo,0,0,"",""
ball,2,6.3,England,BA Stokes,JM Bairstow,D Bishoo,6,0,"",""
ball,2,6.4,England,BA Stokes,JM Bairstow,D Bishoo,4,0,"",""
ball,2,6.5,England,BA Stokes,JM Bairstow,D Bishoo,0,0,"",""
ball,2,6.6,England,BA Stokes,JM Bairstow,D Bishoo,4,0,"",""
ball,2,7.1,England,JM Bairstow,BA Stokes,GE Mathurin,0,0,"",""
ball,2,7.2,England,JM Bairstow,BA Stokes,GE Mathurin,2,0,"",""
ball,2,7.3,England,JM Bairstow,BA Stokes,GE Mathurin,0,0,bowled,JM Bairstow
ball,2,7.4,England,SR Patel,BA Stokes,GE Mathurin,0,0,"",""
ball,2,7.5,England,SR Patel,BA Stokes,GE Mathurin,1,0,"",""
ball,2,7.6,England,BA Stokes,SR Patel,GE Mathurin,0,0,"",""
ball,2,8.1,England,SR Patel,BA Stokes,D Bishoo,0,0,"",""
ball,2,8.2,England,SR Patel,BA Stokes,D Bishoo,0,0,"",""
ball,2,8.3,England,SR Patel,BA Stokes,D Bishoo,0,0,"",""
ball,2,8.4,England,SR Patel,BA Stokes,D Bishoo,0,0,"",""
ball,2,8.5,England,SR Patel,BA Stokes,D Bishoo,1,0,"",""
ball,2,8.6,England,BA Stokes,SR Patel,D Bishoo,1,0,"",""
ball,2,9.1,England,BA Stokes,SR Patel,DJG Sammy,0,0,"",""
ball,2,9.2,England,BA Stokes,SR Patel,DJG Sammy,4,0,"",""
ball,2,9.3,England,BA Stokes,SR Patel,DJG Sammy,1,0,"",""
ball,2,9.4,England,SR Patel,BA Stokes,DJG Sammy,0,0,run out,SR Patel
ball,2,9.5,England,BA Stokes,JC Buttler,DJG Sammy,3,0,"",""
ball,2,9.6,England,JC Buttler,BA Stokes,DJG Sammy,0,0,"",""
ball,2,10.1,England,BA Stokes,JC Buttler,D Bishoo,0,0,"",""
ball,2,10.2,England,BA Stokes,JC Buttler,D Bishoo,0,0,"",""
ball,2,10.3,England,BA Stokes,JC Buttler,D Bishoo,0,0,"",""
ball,2,10.4,England,BA Stokes,JC Buttler,D Bishoo,0,0,lbw,BA Stokes
ball,2,10.5,England,TT Bresnan,JC Buttler,D Bishoo,1,0,"",""
ball,2,10.6,England,JC Buttler,TT Bresnan,D Bishoo,0,0,"",""
ball,2,11.1,England,TT Bresnan,JC Buttler,AD Russell,1,0,"",""
ball,2,11.2,England,JC Buttler,TT Bresnan,AD Russell,2,0,"",""
ball,2,11.3,England,JC Buttler,TT Bresnan,AD Russell,0,0,"",""
ball,2,11.4,England,JC Buttler,TT Bresnan,AD Russell,1,0,"",""
ball,2,11.5,England,TT Bresnan,JC Buttler,AD Russell,0,0,"",""
ball,2,11.6,England,TT Bresnan,JC Buttler,AD Russell,0,0,caught,TT Bresnan
ball,2,12.1,England,SG Borthwick,JC Buttler,DR Smith,1,0,"",""
ball,2,12.2,England,JC Buttler,SG Borthwick,DR Smith,1,0,"",""
ball,2,12.3,England,SG Borthwick,JC Buttler,DR Smith,0,0,"",""
ball,2,12.4,England,SG Borthwick,JC Buttler,DR Smith,4,0,"",""
ball,2,12.5,England,SG Borthwick,JC Buttler,DR Smith,0,0,"",""
ball,2,12.6,England,SG Borthwick,JC Buttler,DR Smith,1,0,"",""
ball,2,13.1,England,SG Borthwick,JC Buttler,AD Russell,0,0,"",""
ball,2,13.2,England,SG Borthwick,JC Buttler,AD Russell,1,0,"",""
ball,2,13.3,England,JC Buttler,SG Borthwick,AD Russell,0,1,"",""
ball,2,13.4,England,JC Buttler,SG Borthwick,AD Russell,0,0,"",""
ball,2,13.5,England,JC Buttler,SG Borthwick,AD Russell,4,0,"",""
ball,2,13.6,England,JC Buttler,SG Borthwick,AD Russell,2,0,"",""
ball,2,13.7,England,JC Buttler,SG Borthwick,AD Russell,2,0,"",""
ball,2,14.1,England,SG Borthwick,JC Buttler,DR Smith,4,0,"",""
ball,2,14.2,England,SG Borthwick,JC Buttler,DR Smith,0,0,"",""
ball,2,14.3,England,SG Borthwick,JC Buttler,DR Smith,1,0,"",""
ball,2,14.4,England,JC Buttler,SG Borthwick,DR Smith,1,0,"",""
ball,2,14.5,England,SG Borthwick,JC Buttler,DR Smith,0,0,run out,JC Buttler
ball,2,14.6,England,SG Borthwick,GP Swann,DR Smith,1,0,"",""
ball,2,15.1,England,SG Borthwick,GP Swann,DJG Sammy,0,0,"",""
ball,2,15.2,England,SG Borthwick,GP Swann,DJG Sammy,0,0,"",""
ball,2,15.3,England,SG Borthwick,GP Swann,DJG Sammy,0,0,"",""
ball,2,15.4,England,SG Borthwick,GP Swann,DJG Sammy,1,0,"",""
ball,2,15.5,England,GP Swann,SG Borthwick,DJG Sammy,0,0,"",""
ball,2,15.6,England,GP Swann,SG Borthwick,DJG Sammy,0,0,run out,SG Borthwick
ball,2,16.1,England,JW Dernbach,GP Swann,D Bishoo,0,0,"",""
ball,2,16.2,England,JW Dernbach,GP Swann,D Bishoo,2,0,"",""
ball,2,16.3,England,JW Dernbach,GP Swann,D Bishoo,0,0,"",""
ball,2,16.4,England,JW Dernbach,GP Swann,D Bishoo,1,0,run out,JW Dernbach
