version,1.3.0
info,team,England
info,team,South Africa
info,gender,male
info,season,2012
info,date,2012/09/12
info,series,South Africa in England T20I Series
info,match_number,3
info,venue,Edgbaston
info,city,Birmingham
info,toss_winner,South Africa
info,toss_decision,field
info,player_of_match,JC Buttler
info,umpire,RJ Bailey
info,umpire,RK Illingworth
info,reserve_umpire,NGB Cook
info,tv_umpire,PJ Hartley
info,match_referee,AJ Pycroft
info,winner,England
info,winner_runs,28
ball,1,0.1,England,C Kieswetter,MJ Lumb,M Morkel,1,0,"",""
ball,1,0.2,England,MJ Lumb,C Kieswetter,M Morkel,1,0,"",""
ball,1,0.3,England,C Kieswetter,MJ Lumb,M Morkel,0,5,"",""
ball,1,0.4,England,C Kieswetter,MJ Lumb,M Morkel,0,1,"",""
ball,1,0.5,England,C Kieswetter,MJ Lumb,M Morkel,4,0,"",""
ball,1,0.6,England,C Kieswetter,MJ Lumb,M Morkel,4,0,"",""
ball,1,0.7,England,C Kieswetter,MJ Lumb,M Morkel,0,0,"",""
ball,1,0.8,England,C Kieswetter,MJ Lumb,M Morkel,0,0,"",""
ball,1,1.1,England,MJ Lumb,C Kieswetter,WD Parnell,4,0,"",""
ball,1,1.2,England,MJ Lumb,C Kieswetter,WD Parnell,0,0,"",""
ball,1,1.3,England,MJ Lumb,C Kieswetter,WD Parnell,0,0,bowled,MJ Lumb
ball,1,1.4,England,LJ Wright,C Kieswetter,WD Parnell,1,0,"",""
ball,1,1.5,England,C Kieswetter,LJ Wright,WD Parnell,0,0,"",""
ball,1,1.6,England,C Kieswetter,LJ Wright,WD Parnell,0,0,"",""
ball,1,2.1,England,LJ Wright,C Kieswetter,JA Morkel,2,0,"",""
ball,1,2.2,England,LJ Wright,C Kieswetter,JA Morkel,0,1,"",""
ball,1,2.3,England,C Kieswetter,LJ Wright,JA Morkel,1,0,"",""
ball,1,2.4,England,LJ Wright,C Kieswetter,JA Morkel,1,0,"",""
ball,1,2.5,England,C Kieswetter,LJ Wright,JA Morkel,1,0,"",""
ball,1,2.6,England,LJ Wright,C Kieswetter,JA Morkel,0,0,"",""
ball,1,3.1,England,C Kieswetter,LJ Wright,RJ Peterson,1,0,"",""
ball,1,3.2,England,LJ Wright,C Kieswetter,RJ Peterson,0,1,"",""
ball,1,3.3,England,LJ Wright,C Kieswetter,RJ Peterson,1,0,"",""
ball,1,3.4,England,C Kieswetter,LJ Wright,RJ Peterson,1,0,"",""
ball,1,3.5,England,LJ Wright,C Kieswetter,RJ Peterson,0,4,"",""
ball,1,3.6,England,C Kieswetter,LJ Wright,RJ Peterson,0,0,"",""
ball,1,3.7,England,C Kieswetter,LJ Wright,RJ Peterson,1,0,"",""
ball,1,3.8,England,LJ Wright,C Kieswetter,RJ Peterson,1,0,"",""
ball,1,4.1,England,LJ Wright,C Kieswetter,J Botha,0,1,"",""
ball,1,4.2,England,C Kieswetter,LJ Wright,J Botha,4,0,"",""
ball,1,4.3,England,C Kieswetter,LJ Wright,J Botha,1,0,"",""
ball,1,4.4,England,LJ Wright,C Kieswetter,J Botha,0,0,"",""
ball,1,4.5,England,LJ Wright,C Kieswetter,J Botha,0,0,caught,LJ Wright
ball,1,4.6,England,C Kieswetter,EJG Morgan,J Botha,1,0,"",""
ball,1,5.1,England,C Kieswetter,EJG Morgan,RJ Peterson,1,0,"",""
ball,1,5.2,England,EJG Morgan,C Kieswetter,RJ Peterson,1,0,"",""
ball,1,5.3,England,C Kieswetter,EJG Morgan,RJ Peterson,1,0,"",""
ball,1,5.4,England,EJG Morgan,C Kieswetter,RJ Peterson,0,0,"",""
ball,1,5.5,England,EJG Morgan,C Kieswetter,RJ Peterson,2,0,"",""
ball,1,5.6,England,EJG Morgan,C Kieswetter,RJ Peterson,1,0,"",""
ball,1,6.1,England,EJG Morgan,C Kieswetter,J Botha,0,0,"",""
ball,1,6.2,England,EJG Morgan,C Kieswetter,J Botha,0,0,"",""
ball,1,6.3,England,EJG Morgan,C Kieswetter,J Botha,1,0,"",""
ball,1,6.4,England,C Kieswetter,EJG Morgan,J Botha,0,0,"",""
ball,1,6.5,England,C Kieswetter,EJG Morgan,J Botha,1,0,"",""
ball,1,6.6,England,EJG Morgan,C Kieswetter,J Botha,0,0,"",""
ball,1,7.1,England,C Kieswetter,EJG Morgan,JH Kallis,0,0,"",""
ball,1,7.2,England,C Kieswetter,EJG Morgan,JH Kallis,2,0,"",""
ball,1,7.3,England,C Kieswetter,EJG Morgan,JH Kallis,6,0,"",""
ball,1,7.4,England,C Kieswetter,EJG Morgan,JH Kallis,2,0,"",""
ball,1,7.5,England,C Kieswetter,EJG Morgan,JH Kallis,0,0,"",""
ball,1,7.6,England,C Kieswetter,EJG Morgan,JH Kallis,1,0,"",""
ball,1,8.1,England,C Kieswetter,EJG Morgan,J Botha,1,0,"",""
ball,1,8.2,England,EJG Morgan,C Kieswetter,J Botha,0,0,caught,EJG Morgan
ball,1,8.3,England,C Kieswetter,JC Buttler,J Botha,1,0,"",""
ball,1,8.4,England,JC Buttler,C Kieswetter,J Botha,1,0,"",""
ball,1,8.5,England,C Kieswetter,JC Buttler,J Botha,2,0,"",""
ball,1,8.6,England,C Kieswetter,JC Buttler,J Botha,6,0,"",""
ball,1,9.1,England,JC Buttler,C Kieswetter,WD Parnell,6,0,"",""
ball,1,9.2,England,JC Buttler,C Kieswetter,WD Parnell,6,0,"",""
ball,1,9.3,England,JC Buttler,C Kieswetter,WD Parnell,2,0,"",""
ball,1,9.4,England,JC Buttler,C Kieswetter,WD Parnell,0,1,"",""
ball,1,9.5,England,JC Buttler,C Kieswetter,WD Parnell,4,1,"",""
ball,1,9.6,England,JC Buttler,C Kieswetter,WD Parnell,4,0,"",""
ball,1,9.7,England,JC Buttler,C Kieswetter,WD Parnell,6,0,"",""
ball,1,9.8,England,JC Buttler,C Kieswetter,WD Parnell,2,0,"",""
ball,1,10.1,England,C Kieswetter,JC Buttler,M Morkel,6,0,"",""
ball,1,10.2,England,C Kieswetter,JC Buttler,M Morkel,0,0,bowled,C Kieswetter
ball,1,10.3,England,JM Bairstow,JC Buttler,M Morkel,4,0,"",""
ball,1,10.4,England,JM Bairstow,JC Buttler,M Morkel,0,0,bowled,JM Bairstow
ball,1,10.5,England,TT Bresnan,JC Buttler,M Morkel,1,0,"",""
ball,1,10.6,England,JC Buttler,TT Bresnan,M Morkel,1,0,"",""
ball,2,0.1,South Africa,RE Levi,HM Amla,DR Briggs,1,0,"",""
ball,2,0.2,South Africa,HM Amla,RE Levi,DR Briggs,4,0,"",""
ball,2,0.3,South Africa,HM Amla,RE Levi,DR Briggs,0,0,"",""
ball,2,0.4,South Africa,HM Amla,RE Levi,DR Briggs,0,0,"",""
ball,2,0.5,South Africa,HM Amla,RE Levi,DR Briggs,0,0,"",""
ball,2,0.6,South Africa,HM Amla,RE Levi,DR Briggs,4,0,"",""
ball,2,1.1,South Africa,RE Levi,HM Amla,TT Bresnan,0,0,"",""
ball,2,1.2,South Africa,RE Levi,HM Amla,TT Bresnan,0,0,"",""
ball,2,1.3,South Africa,RE Levi,HM Amla,TT Bresnan,0,0,bowled,RE Levi
ball,2,1.4,South Africa,F du Plessis,HM Amla,TT Bresnan,3,0,"",""
ball,2,1.5,South Africa,HM Amla,F du Plessis,TT Bresnan,0,0,"",""
ball,2,1.6,South Africa,HM Amla,F du Plessis,TT Bresnan,1,0,"",""
ball,2,2.1,South Africa,HM Amla,F du Plessis,SCJ Broad,4,0,"",""
ball,2,2.2,South Africa,HM Amla,F du Plessis,SCJ Broad,0,1,"",""
ball,2,2.3,South Africa,F du Plessis,HM Amla,SCJ Broad,4,0,"",""
ball,2,2.4,South Africa,F du Plessis,HM Amla,SCJ Broad,1,0,"",""
ball,2,2.5,South Africa,HM Amla,F du Plessis,SCJ Broad,1,0,"",""
ball,2,2.6,South Africa,F du Plessis,HM Amla,SCJ Broad,0,1,"",""
ball,2,2.7,South Africa,F du Plessis,HM Amla,SCJ Broad,0,0,"",""
ball,2,3.1,South Africa,HM Amla,F du Plessis,DR Briggs,4,0,"",""
ball,2,3.2,South Africa,HM Amla,F du Plessis,DR Briggs,2,0,"",""
ball,2,3.3,South Africa,HM Amla,F du Plessis,DR Briggs,1,0,"",""
ball,2,3.4,South Africa,F du Plessis,HM Amla,DR Briggs,0,1,"",""
ball,2,3.5,South Africa,HM Amla,F du Plessis,DR Briggs,0,1,"",""
ball,2,3.6,South Africa,F du Plessis,HM Amla,DR Briggs,0,0,caught,F du Plessis
ball,2,4.1,South Africa,AB de Villiers,HM Amla,GP Swann,1,0,"",""
ball,2,4.2,South Africa,HM Amla,AB de Villiers,GP Swann,4,0,"",""
ball,2,4.3,South Africa,HM Amla,AB de Villiers,GP Swann,1,0,"",""
ball,2,4.4,South Africa,AB de Villiers,HM Amla,GP Swann,1,0,"",""
ball,2,4.5,South Africa,HM Amla,AB de Villiers,GP Swann,0,0,"",""
ball,2,4.6,South Africa,HM Amla,AB de Villiers,GP Swann,3,0,"",""
ball,2,5.1,South Africa,HM Amla,AB de Villiers,SCJ Broad,0,0,"",""
ball,2,5.2,South Africa,HM Amla,AB de Villiers,SCJ Broad,0,1,"",""
ball,2,5.3,South Africa,HM Amla,AB de Villiers,SCJ Broad,0,0,"",""
ball,2,5.4,South Africa,HM Amla,AB de Villiers,SCJ Broad,0,0,"",""
ball,2,5.5,South Africa,HM Amla,AB de Villiers,SCJ Broad,2,0,"",""
ball,2,5.6,South Africa,HM Amla,AB de Villiers,SCJ Broad,4,0,"",""
ball,2,5.7,South Africa,HM Amla,AB de Villiers,SCJ Broad,0,0,"",""
ball,2,6.1,South Africa,AB de Villiers,HM Amla,GP Swann,0,0,caught,AB de Villiers
ball,2,6.2,South Africa,HM Amla,JA Morkel,GP Swann,1,0,"",""
ball,2,6.3,South Africa,JA Morkel,HM Amla,GP Swann,0,0,"",""
ball,2,6.4,South Africa,JA Morkel,HM Amla,GP Swann,0,1,"",""
ball,2,6.5,South Africa,HM Amla,JA Morkel,GP Swann,0,0,"",""
ball,2,6.6,South Africa,HM Amla,JA Morkel,GP Swann,0,0,caught,HM Amla
ball,2,7.1,South Africa,JL Ontong,JA Morkel,JW Dernbach,1,0,"",""
ball,2,7.2,South Africa,JA Morkel,JL Ontong,JW Dernbach,0,0,"",""
ball,2,7.3,South Africa,JA Morkel,JL Ontong,JW Dernbach,0,0,"",""
ball,2,7.4,South Africa,JA Morkel,JL Ontong,JW Dernbach,1,0,"",""
ball,2,7.5,South Africa,JL Ontong,JA Morkel,JW Dernbach,0,0,"",""
ball,2,7.6,South Africa,JL Ontong,JA Morkel,JW Dernbach,0,0,"",""
ball,2,8.1,South Africa,JA Morkel,JL Ontong,GP Swann,2,0,"",""
ball,2,8.2,South Africa,JA Morkel,JL Ontong,GP Swann,1,0,"",""
ball,2,8.3,South Africa,JL Ontong,JA Morkel,GP Swann,1,0,"",""
ball,2,8.4,South Africa,JA Morkel,JL Ontong,GP Swann,1,0,"",""
ball,2,8.5,South Africa,JL Ontong,JA Morkel,GP Swann,6,0,"",""
ball,2,8.6,South Africa,JL Ontong,JA Morkel,GP Swann,2,0,"",""
ball,2,9.1,South Africa,JA Morkel,JL Ontong,TT Bresnan,1,0,"",""
ball,2,9.2,South Africa,JL Ontong,JA Morkel,TT Bresnan,0,0,caught,JL Ontong
ball,2,9.3,South Africa,JA Morkel,JH Kallis,TT Bresnan,6,0,"",""
ball,2,9.4,South Africa,JA Morkel,JH Kallis,TT Bresnan,1,0,"",""
ball,2,9.5,South Africa,JH Kallis,JA Morkel,TT Bresnan,1,0,"",""
ball,2,9.6,South Africa,JA Morkel,JH Kallis,TT Bresnan,1,0,"",""
ball,2,10.1,South Africa,JA Morkel,JH Kallis,JW Dernbach,0,1,"",""
ball,2,10.2,South Africa,JA Morkel,JH Kallis,JW Dernbach,1,0,"",""
ball,2,10.3,South Africa,JH Kallis,JA Morkel,JW Dernbach,0,1,"",""
ball,2,10.4,South Africa,JH Kallis,JA Morkel,JW Dernbach,2,0,"",""
ball,2,10.5,South Africa,JH Kallis,JA Morkel,JW Dernbach,2,0,"",""
ball,2,10.6,South Africa,JH Kallis,JA Morkel,JW Dernbach,2,0,"",""
ball,2,10.7,South Africa,JH Kallis,JA Morkel,JW Dernbach,1,0,"",""
ball,2,10.8,South Africa,JA Morkel,JH Kallis,JW Dernbach,2,0,"",""
