version,1.3.0
info,team,Australia
info,team,Sri Lanka
info,gender,male
info,season,2012/13
info,date,2013/01/26
info,series,Sri Lanka in Australia T20I Series
info,match_number,1
info,venue,Stadium Australia
info,city,Sydney
info,toss_winner,Australia
info,toss_decision,bat
info,player_of_match,DA Warner
info,umpire,SD Fry
info,umpire,PR Reiffel
info,reserve_umpire,AJ Barrow
info,tv_umpire,JD Ward
info,match_referee,J Srinath
info,winner,Sri Lanka
info,winner_wickets,5
ball,1,0.1,Australia,DA Warner,AJ Finch,AD Mathews,0,0,"",""
ball,1,0.2,Australia,DA Warner,AJ Finch,AD Mathews,2,0,"",""
ball,1,0.3,Australia,DA Warner,AJ Finch,AD Mathews,0,1,"",""
ball,1,0.4,Australia,AJ Finch,DA Warner,AD Mathews,1,0,"",""
ball,1,0.5,Australia,DA Warner,AJ Finch,AD Mathews,3,0,"",""
ball,1,0.6,Australia,AJ Finch,DA Warner,AD Mathews,0,0,"",""
ball,1,1.1,Australia,DA Warner,AJ Finch,KMDN Kulasekara,0,0,"",""
ball,1,1.2,Australia,DA Warner,AJ Finch,KMDN Kulasekara,0,0,"",""
ball,1,1.3,Australia,DA Warner,AJ Finch,KMDN Kulasekara,0,0,"",""
ball,1,1.4,Australia,DA Warner,AJ Finch,KMDN Kulasekara,1,0,"",""
ball,1,1.5,Australia,AJ Finch,DA Warner,KMDN Kulasekara,0,0,caught,AJ Finch
ball,1,1.6,Australia,SE Marsh,DA Warner,KMDN Kulasekara,0,0,"",""
ball,1,2.1,Australia,DA Warner,SE Marsh,AD Mathews,3,0,"",""
ball,1,2.2,Australia,SE Marsh,DA Warner,AD Mathews,1,0,"",""
ball,1,2.3,Australia,DA Warner,SE Marsh,AD Mathews,4,0,"",""
ball,1,2.4,Australia,DA Warner,SE Marsh,AD Mathews,0,0,"",""
ball,1,2.5,Australia,DA Warner,SE Marsh,AD Mathews,4,0,"",""
ball,1,2.6,Australia,DA Warner,SE Marsh,AD Mathews,0,0,"",""
ball,1,3.1,Australia,SE Marsh,DA Warner,SL Malinga,0,1,"",""
ball,1,3.2,Australia,DA Warner,SE Marsh,SL Malinga,2,0,"",""
ball,1,3.3,Australia,DA Warner,SE Marsh,SL Malinga,1,0,"",""
ball,1,3.4,Australia,SE Marsh,DA Warner,SL Malinga,0,0,"",""
ball,1,3.5,Australia,SE Marsh,DA Warner,SL Malinga,1,0,"",""
ball,1,3.6,Australia,DA Warner,SE Marsh,SL Malinga,0,0,"",""
ball,1,4.1,Australia,SE Marsh,DA Warner,KMDN Kulasekara,1,0,"",""
ball,1,4.2,Australia,DA Warner,SE Marsh,KMDN Kulasekara,1,0,"",""
ball,1,4.3,Australia,SE Marsh,DA Warner,KMDN Kulasekara,0,0,"",""
ball,1,4.4,Australia,SE Marsh,DA Warner,KMDN Kulasekara,0,0,"",""
ball,1,4.5,Australia,SE Marsh,DA Warner,KMDN Kulasekara,0,0,"",""
ball,1,4.6,Australia,SE Marsh,DA Warner,KMDN Kulasekara,1,0,"",""
ball,1,5.1,Australia,SE Marsh,DA Warner,SL Malinga,1,0,"",""
ball,1,5.2,Australia,DA Warner,SE Marsh,SL Malinga,1,0,"",""
ball,1,5.3,Australia,SE Marsh,DA Warner,SL Malinga,0,0,"",""
ball,1,5.4,Australia,SE Marsh,DA Warner,SL Malinga,0,0,"",""
ball,1,5.5,Australia,SE Marsh,DA Warner,SL Malinga,1,0,"",""
ball,1,5.6,Australia,DA Warner,SE Marsh,SL Malinga,0,0,"",""
ball,1,6.1,Australia,SE Marsh,DA Warner,NLTC Perera,0,0,"",""
ball,1,6.2,Australia,SE Marsh,DA Warner,NLTC Perera,0,0,"",""
ball,1,6.3,Australia,SE Marsh,DA Warner,NLTC Perera,0,0,run out,SE Marsh
ball,1,6.4,Australia,GJ Bailey,DA Warner,NLTC Perera,1,0,"",""
ball,1,6.5,Australia,DA Warner,GJ Bailey,NLTC Perera,2,0,"",""
ball,1,6.6,Australia,DA Warner,GJ Bailey,NLTC Perera,1,0,"",""
ball,1,7.1,Australia,DA Warner,GJ Bailey,BAW Mendis,0,0,"",""
ball,1,7.2,Australia,DA Warner,GJ Bailey,BAW Mendis,6,0,"",""
ball,1,7.3,Australia,DA Warner,GJ Bailey,BAW Mendis,1,0,"",""
ball,1,7.4,Australia,GJ Bailey,DA Warner,BAW Mendis,1,0,"",""
ball,1,7.5,Australia,DA Warner,GJ Bailey,BAW Mendis,1,0,"",""
ball,1,7.6,Australia,GJ Bailey,DA Warner,BAW Mendis,1,0,"",""
ball,1,8.1,Australia,GJ Bailey,DA Warner,NLTC Perera,2,0,"",""
ball,1,8.2,Australia,GJ Bailey,DA Warner,NLTC Perera,0,0,"",""
ball,1,8.3,Australia,GJ Bailey,DA Warner,NLTC Perera,0,0,"",""
ball,1,8.4,Australia,GJ Bailey,DA Warner,NLTC Perera,6,0,"",""
ball,1,8.5,Australia,GJ Bailey,DA Warner,NLTC Perera,0,0,"",""
ball,1,8.6,Australia,GJ Bailey,DA Warner,NLTC Perera,0,0,caught,GJ Bailey
ball,1,9.1,Australia,DA Warner,AC Voges,BAW Mendis,1,0,"",""
ball,1,9.2,Australia,AC Voges,DA Warner,BAW Mendis,1,0,"",""
ball,1,9.3,Australia,DA Warner,AC Voges,BAW Mendis,2,0,"",""
ball,1,9.4,Australia,DA Warner,AC Voges,BAW Mendis,1,0,"",""
ball,1,9.5,Australia,AC Voges,DA Warner,BAW Mendis,0,0,"",""
ball,1,9.6,Australia,AC Voges,DA Warner,BAW Mendis,0,0,"",""
ball,1,10.1,Australia,DA Warner,AC Voges,AD Mathews,1,0,"",""
ball,1,10.2,Australia,AC Voges,DA Warner,AD Mathews,0,0,"",""
ball,1,10.3,Australia,AC Voges,DA Warner,AD Mathews,1,0,"",""
ball,1,10.4,Australia,DA Warner,AC Voges,AD Mathews,0,0,"",""
ball,1,10.5,Australia,DA Warner,AC Voges,AD Mathews,0,0,"",""
ball,1,10.6,Australia,DA Warner,AC Voges,AD Mathews,4,0,"",""
ball,1,11.1,Australia,AC Voges,DA Warner,NLTC Perera,0,0,"",""
ball,1,11.2,Australia,AC Voges,DA Warner,NLTC Perera,1,0,"",""
ball,1,11.3,Australia,DA Warner,AC Voges,NLTC Perera,1,0,"",""
ball,1,11.4,Australia,AC Voges,DA Warner,NLTC Perera,1,0,"",""
ball,1,11.5,Australia,DA Warner,AC Voges,NLTC Perera,2,0,"",""
ball,1,11.6,Australia,DA Warner,AC Voges,NLTC Perera,1,0,"",""
ball,1,12.1,Australia,DA Warner,AC Voges,KMDN Kulasekara,1,0,"",""
ball,1,12.2,Australia,AC Voges,DA Warner,KMDN Kulasekara,1,0,"",""
ball,1,12.3,Australia,DA Warner,AC Voges,KMDN Kulasekara,4,0,"",""
ball,1,12.4,Australia,DA Warner,AC Voges,KMDN Kulasekara,1,0,"",""
ball,1,12.5,Australia,AC Voges,DA Warner,KMDN Kulasekara,1,0,"",""
ball,1,12.6,Australia,DA Warner,AC Voges,KMDN Kulasekara,1,0,"",""
ball,1,13.1,Australia,DA Warner,AC Voges,BAW Mendis,1,0,"",""
ball,1,13.2,Australia,AC Voges,DA Warner,BAW Mendis,1,0,"",""
ball,1,13.3,Australia,DA Warner,AC Voges,BAW Mendis,1,0,"",""
ball,1,13.4,Australia,AC Voges,DA Warner,BAW Mendis,0,1,"",""
ball,1,13.5,Australia,DA Warner,AC Voges,BAW Mendis,1,0,"",""
ball,1,13.6,Australia,AC Voges,DA Warner,BAW Mendis,2,0,"",""
ball,1,14.1,Australia,DA Warner,AC Voges,AD Mathews,4,0,"",""
ball,1,14.2,Australia,DA Warner,AC Voges,AD Mathews,6,0,"",""
ball,1,14.3,Australia,DA Warner,AC Voges,AD Mathews,0,1,"",""
ball,1,14.4,Australia,DA Warner,AC Voges,AD Mathews,2,0,"",""
ball,1,14.5,Australia,DA Warner,AC Voges,AD Mathews,1,0,"",""
ball,1,14.6,Australia,AC Voges,DA Warner,AD Mathews,1,0,"",""
ball,1,14.7,Australia,DA Warner,AC Voges,AD Mathews,0,0,"",""
ball,1,15.1,Australia,AC Voges,DA Warner,BAW Mendis,1,0,"",""
ball,1,15.2,Australia,DA Warner,AC Voges,BAW Mendis,0,0,"",""
ball,1,15.3,Australia,DA Warner,AC Voges,BAW Mendis,1,0,"",""
ball,1,15.4,Australia,AC Voges,DA Warner,BAW Mendis,1,0,"",""
ball,1,15.5,Australia,DA Warner,AC Voges,BAW Mendis,1,0,"",""
ball,1,15.6,Australia,AC Voges,DA Warner,BAW Mendis,1,0,"",""
ball,1,16.1,Australia,AC Voges,DA Warner,SL Malinga,2,0,"",""
ball,1,16.2,Australia,AC Voges,DA Warner,SL Malinga,1,0,"",""
ball,1,16.3,Australia,DA Warner,AC Voges,SL Malinga,1,0,"",""
ball,1,16.4,Australia,AC Voges,DA Warner,SL Malinga,1,0,"",""
ball,1,16.5,Australia,DA Warner,AC Voges,SL Malinga,1,0,"",""
ball,1,16.6,Australia,AC Voges,DA Warner,SL Malinga,0,0,"",""
ball,1,17.1,Australia,DA Warner,AC Voges,NLTC Perera,6,0,"",""
ball,1,17.2,Australia,DA Warner,AC Voges,NLTC Perera,2,0,"",""
ball,1,17.3,Australia,DA Warner,AC Voges,NLTC Perera,1,0,"",""
ball,1,17.4,Australia,AC Voges,DA Warner,NLTC Perera,0,0,"",""
ball,1,17.5,Australia,AC Voges,DA Warner,NLTC Perera,1,0,"",""
ball,1,17.6,Australia,DA Warner,AC Voges,NLTC Perera,1,0,"",""
ball,1,18.1,Australia,DA Warner,AC Voges,SL Malinga,1,0,"",""
ball,1,18.2,Australia,AC Voges,DA Warner,SL Malinga,1,0,"",""
ball,1,18.3,Australia,DA Warner,AC Voges,SL Malinga,1,0,"",""
ball,1,18.4,Australia,AC Voges,DA Warner,SL Malinga,1,0,"",""
ball,1,18.5,Australia,DA Warner,AC Voges,SL Malinga,1,0,"",""
ball,1,18.6,Australia,AC Voges,DA Warner,SL Malinga,1,0,"",""
ball,1,19.1,Australia,AC Voges,DA Warner,KMDN Kulasekara,1,0,"",""
ball,1,19.2,Australia,DA Warner,AC Voges,KMDN Kulasekara,1,0,"",""
ball,1,19.3,Australia,AC Voges,DA Warner,KMDN Kulasekara,2,0,"",""
ball,1,19.4,Australia,AC Voges,DA Warner,KMDN Kulasekara,1,0,"",""
ball,1,19.5,Australia,DA Warner,AC Voges,KMDN Kulasekara,2,0,"",""
ball,1,19.6,Australia,DA Warner,AC Voges,KMDN Kulasekara,1,0,"",""
ball,2,0.1,Sri Lanka,MDKJ Perera,TM Dilshan,XJ Doherty,1,0,"",""
ball,2,0.2,Sri Lanka,TM Dilshan,MDKJ Perera,XJ Doherty,0,0,"",""
ball,2,0.3,Sri Lanka,TM Dilshan,MDKJ Perera,XJ Doherty,0,0,"",""
ball,2,0.4,Sri Lanka,TM Dilshan,MDKJ Perera,XJ Doherty,2,0,"",""
ball,2,0.5,Sri Lanka,TM Dilshan,MDKJ Perera,XJ Doherty,1,0,"",""
ball,2,0.6,Sri Lanka,MDKJ Perera,TM Dilshan,XJ Doherty,2,0,"",""
ball,2,1.1,Sri Lanka,TM Dilshan,MDKJ Perera,MA Starc,2,0,"",""
ball,2,1.2,Sri Lanka,TM Dilshan,MDKJ Perera,MA Starc,0,0,"",""
ball,2,1.3,Sri Lanka,TM Dilshan,MDKJ Perera,MA Starc,2,0,"",""
ball,2,1.4,Sri Lanka,TM Dilshan,MDKJ Perera,MA Starc,0,0,"",""
ball,2,1.5,Sri Lanka,TM Dilshan,MDKJ Perera,MA Starc,6,0,"",""
ball,2,1.6,Sri Lanka,TM Dilshan,MDKJ Perera,MA Starc,0,0,"",""
ball,2,2.1,Sri Lanka,MDKJ Perera,TM Dilshan,BCJ Cutting,1,0,"",""
ball,2,2.2,Sri Lanka,TM Dilshan,MDKJ Perera,BCJ Cutting,1,0,"",""
ball,2,2.3,Sri Lanka,MDKJ Perera,TM Dilshan,BCJ Cutting,6,0,"",""
ball,2,2.4,Sri Lanka,MDKJ Perera,TM Dilshan,BCJ Cutting,2,0,"",""
ball,2,2.5,Sri Lanka,MDKJ Perera,TM Dilshan,BCJ Cutting,0,0,"",""
ball,2,2.6,Sri Lanka,MDKJ Perera,TM Dilshan,BCJ Cutting,1,0,"",""
ball,2,3.1,Sri Lanka,MDKJ Perera,TM Dilshan,B Laughlin,4,0,"",""
ball,2,3.2,Sri Lanka,MDKJ Perera,TM Dilshan,B Laughlin,0,0,"",""
ball,2,3.3,Sri Lanka,MDKJ Perera,TM Dilshan,B Laughlin,1,0,"",""
ball,2,3.4,Sri Lanka,TM Dilshan,MDKJ Perera,B Laughlin,0,0,"",""
ball,2,3.5,Sri Lanka,TM Dilshan,MDKJ Perera,B Laughlin,0,0,"",""
ball,2,3.6,Sri Lanka,TM Dilshan,MDKJ Perera,B Laughlin,0,0,"",""
ball,2,4.1,Sri Lanka,MDKJ Perera,TM Dilshan,MA Starc,1,0,"",""
ball,2,4.2,Sri Lanka,TM Dilshan,MDKJ Perera,MA Starc,0,0,"",""
ball,2,4.3,Sri Lanka,TM Dilshan,MDKJ Perera,MA Starc,0,0,"",""
ball,2,4.4,Sri Lanka,TM Dilshan,MDKJ Perera,MA Starc,0,1,"",""
ball,2,4.5,Sri Lanka,TM Dilshan,MDKJ Perera,MA Starc,0,0,"",""
ball,2,4.6,Sri Lanka,TM Dilshan,MDKJ Perera,MA Starc,1,0,"",""
ball,2,4.7,Sri Lanka,MDKJ Perera,TM Dilshan,MA Starc,0,1,"",""
ball,2,5.1,Sri Lanka,MDKJ Perera,TM Dilshan,BCJ Cutting,0,0,"",""
ball,2,5.2,Sri Lanka,MDKJ Perera,TM Dilshan,BCJ Cutting,4,0,"",""
ball,2,5.3,Sri Lanka,MDKJ Perera,TM Dilshan,BCJ Cutting,1,0,"",""
ball,2,5.4,Sri Lanka,TM Dilshan,MDKJ Perera,BCJ Cutting,1,0,"",""
ball,2,5.5,Sri Lanka,MDKJ Perera,TM Dilshan,BCJ Cutting,3,0,"",""
ball,2,5.6,Sri Lanka,TM Dilshan,MDKJ Perera,BCJ Cutting,0,0,"",""
ball,2,6.1,Sri Lanka,MDKJ Perera,TM Dilshan,XJ Doherty,0,1,"",""
ball,2,6.2,Sri Lanka,TM Dilshan,MDKJ Perera,XJ Doherty,0,0,caught,TM Dilshan
ball,2,6.3,Sri Lanka,MDKJ Perera,DPMD Jayawardene,XJ Doherty,0,0,"",""
ball,2,6.4,Sri Lanka,MDKJ Perera,DPMD Jayawardene,XJ Doherty,2,0,"",""
ball,2,6.5,Sri Lanka,MDKJ Perera,DPMD Jayawardene,XJ Doherty,2,0,"",""
ball,2,6.6,Sri Lanka,MDKJ Perera,DPMD Jayawardene,XJ Doherty,2,0,"",""
ball,2,7.1,Sri Lanka,DPMD Jayawardene,MDKJ Perera,GJ Maxwell,0,0,"",""
ball,2,7.2,Sri Lanka,DPMD Jayawardene,MDKJ Perera,GJ Maxwell,1,0,"",""
ball,2,7.3,Sri Lanka,MDKJ Perera,DPMD Jayawardene,GJ Maxwell,0,0,caught,MDKJ Perera
ball,2,7.4,Sri Lanka,LD Chandimal,DPMD Jayawardene,GJ Maxwell,1,0,"",""
ball,2,7.5,Sri Lanka,DPMD Jayawardene,LD Chandimal,GJ Maxwell,1,0,"",""
ball,2,7.6,Sri Lanka,LD Chandimal,DPMD Jayawardene,GJ Maxwell,1,0,"",""
ball,2,8.1,Sri Lanka,LD Chandimal,DPMD Jayawardene,XJ Doherty,1,0,"",""
ball,2,8.2,Sri Lanka,DPMD Jayawardene,LD Chandimal,XJ Doherty,0,0,"",""
ball,2,8.3,Sri Lanka,DPMD Jayawardene,LD Chandimal,XJ Doherty,1,0,"",""
ball,2,8.4,Sri Lanka,LD Chandimal,DPMD Jayawardene,XJ Doherty,1,0,"",""
ball,2,8.5,Sri Lanka,DPMD Jayawardene,LD Chandimal,XJ Doherty,1,0,"",""
ball,2,8.6,Sri Lanka,LD Chandimal,DPMD Jayawardene,XJ Doherty,1,0,"",""
ball,2,9.1,Sri Lanka,LD Chandimal,DPMD Jayawardene,GJ Maxwell,0,0,caught,LD Chandimal
ball,2,9.2,Sri Lanka,AD Mathews,DPMD Jayawardene,GJ Maxwell,0,0,"",""
ball,2,9.3,Sri Lanka,AD Mathews,DPMD Jayawardene,GJ Maxwell,1,0,"",""
ball,2,9.4,Sri Lanka,DPMD Jayawardene,AD Mathews,GJ Maxwell,0,0,"",""
ball,2,9.5,Sri Lanka,DPMD Jayawardene,AD Mathews,GJ Maxwell,4,0,"",""
ball,2,9.6,Sri Lanka,DPMD Jayawardene,AD Mathews,GJ Maxwell,0,0,"",""
ball,2,10.1,Sri Lanka,AD Mathews,DPMD Jayawardene,XJ Doherty,0,0,"",""
ball,2,10.2,Sri Lanka,AD Mathews,DPMD Jayawardene,XJ Doherty,0,0,"",""
ball,2,10.3,Sri Lanka,AD Mathews,DPMD Jayawardene,XJ Doherty,2,0,"",""
ball,2,10.4,Sri Lanka,AD Mathews,DPMD Jayawardene,XJ Doherty,1,0,"",""
ball,2,10.5,Sri Lanka,DPMD Jayawardene,AD Mathews,XJ Doherty,0,0,bowled,DPMD Jayawardene
ball,2,10.6,Sri Lanka,HDRL Thirimanne,AD Mathews,XJ Doherty,1,0,"",""
ball,2,11.1,Sri Lanka,HDRL Thirimanne,AD Mathews,GJ Maxwell,2,0,"",""
ball,2,11.2,Sri Lanka,HDRL Thirimanne,AD Mathews,GJ Maxwell,0,0,"",""
ball,2,11.3,Sri Lanka,HDRL Thirimanne,AD Mathews,GJ Maxwell,1,0,"",""
ball,2,11.4,Sri Lanka,AD Mathews,HDRL Thirimanne,GJ Maxwell,1,0,"",""
ball,2,11.5,Sri Lanka,HDRL Thirimanne,AD Mathews,GJ Maxwell,1,0,"",""
ball,2,11.6,Sri Lanka,AD Mathews,HDRL Thirimanne,GJ Maxwell,1,0,"",""
ball,2,12.1,Sri Lanka,AD Mathews,HDRL Thirimanne,B Laughlin,1,0,"",""
ball,2,12.2,Sri Lanka,HDRL Thirimanne,AD Mathews,B Laughlin,4,0,"",""
ball,2,12.3,Sri Lanka,HDRL Thirimanne,AD Mathews,B Laughlin,4,0,"",""
ball,2,12.4,Sri Lanka,HDRL Thirimanne,AD Mathews,B Laughlin,1,0,"",""
ball,2,12.5,Sri Lanka,AD Mathews,HDRL Thirimanne,B Laughlin,1,0,"",""
ball,2,12.6,Sri Lanka,HDRL Thirimanne,AD Mathews,B Laughlin,1,0,"",""
ball,2,13.1,Sri Lanka,HDRL Thirimanne,AD Mathews,BCJ Cutting,2,0,"",""
ball,2,13.2,Sri Lanka,HDRL Thirimanne,AD Mathews,BCJ Cutting,1,0,"",""
ball,2,13.3,Sri Lanka,AD Mathews,HDRL Thirimanne,BCJ Cutting,2,0,"",""
ball,2,13.4,Sri Lanka,AD Mathews,HDRL Thirimanne,BCJ Cutting,1,0,"",""
ball,2,13.5,Sri Lanka,HDRL Thirimanne,AD Mathews,BCJ Cutting,1,0,"",""
ball,2,13.6,Sri Lanka,AD Mathews,HDRL Thirimanne,BCJ Cutting,0,0,"",""
ball,2,14.1,Sri Lanka,HDRL Thirimanne,AD Mathews,AJ Finch,1,0,"",""
ball,2,14.2,Sri Lanka,AD Mathews,HDRL Thirimanne,AJ Finch,0,0,"",""
ball,2,14.3,Sri Lanka,AD Mathews,HDRL Thirimanne,AJ Finch,4,0,"",""
ball,2,14.4,Sri Lanka,AD Mathews,HDRL Thirimanne,AJ Finch,4,0,"",""
ball,2,14.5,Sri Lanka,AD Mathews,HDRL Thirimanne,AJ Finch,0,0,"",""
ball,2,14.6,Sri Lanka,AD Mathews,HDRL Thirimanne,AJ Finch,0,0,"",""
ball,2,15.1,Sri Lanka,HDRL Thirimanne,AD Mathews,MA Starc,0,0,"",""
ball,2,15.2,Sri Lanka,HDRL Thirimanne,AD Mathews,MA Starc,0,0,caught,HDRL Thirimanne
ball,2,15.3,Sri Lanka,NLTC Perera,AD Mathews,MA Starc,1,0,"",""
ball,2,15.4,Sri Lanka,AD Mathews,NLTC Perera,MA Starc,1,0,"",""
ball,2,15.5,Sri Lanka,NLTC Perera,AD Mathews,MA Starc,0,0,"",""
ball,2,15.6,Sri Lanka,NLTC Perera,AD Mathews,MA Starc,0,0,"",""
ball,2,16.1,Sri Lanka,AD Mathews,NLTC Perera,B Laughlin,0,0,"",""
ball,2,16.2,Sri Lanka,AD Mathews,NLTC Perera,B Laughlin,6,0,"",""
ball,2,16.3,Sri Lanka,AD Mathews,NLTC Perera,B Laughlin,0,0,"",""
ball,2,16.4,Sri Lanka,AD Mathews,NLTC Perera,B Laughlin,1,0,"",""
ball,2,16.5,Sri Lanka,NLTC Perera,AD Mathews,B Laughlin,2,0,"",""
ball,2,16.6,Sri Lanka,NLTC Perera,AD Mathews,B Laughlin,1,0,"",""
ball,2,17.1,Sri Lanka,NLTC Perera,AD Mathews,MA Starc,1,0,"",""
ball,2,17.2,Sri Lanka,AD Mathews,NLTC Perera,MA Starc,1,0,"",""
ball,2,17.3,Sri Lanka,NLTC Perera,AD Mathews,MA Starc,0,0,"",""
ball,2,17.4,Sri Lanka,NLTC Perera,AD Mathews,MA Starc,0,0,"",""
ball,2,17.5,Sri Lanka,NLTC Perera,AD Mathews,MA Starc,2,0,"",""
ball,2,17.6,Sri Lanka,NLTC Perera,AD Mathews,MA Starc,0,0,"",""
ball,2,18.1,Sri Lanka,AD Mathews,NLTC Perera,B Laughlin,2,0,"",""
ball,2,18.2,Sri Lanka,AD Mathews,NLTC Perera,B Laughlin,4,0,"",""
ball,2,18.3,Sri Lanka,AD Mathews,NLTC Perera,B Laughlin,1,0,"",""
ball,2,18.4,Sri Lanka,NLTC Perera,AD Mathews,B Laughlin,6,0,"",""
ball,2,18.5,Sri Lanka,NLTC Perera,AD Mathews,B Laughlin,6,0,"",""
