version,1.3.0
info,team,Netherlands
info,team,Bangladesh
info,gender,male
info,season,2012
info,date,2012/07/26
info,series,Bangladesh in Netherlands T20I Series
info,match_number,2
info,venue,Sportpark Westvliet
info,city,The Hague
info,toss_winner,Bangladesh
info,toss_decision,bat
info,umpire,IN Ramage
info,umpire,RP Smith
info,reserve_umpire,HKG Jansen
info,match_referee,D Govindjee
info,winner,Netherlands
info,winner_wickets,1
ball,1,0.1,Bangladesh,Tamim Iqbal,Junaid Siddique,TGJ Gruijters,1,0,"",""
ball,1,0.2,Bangladesh,Junaid Siddique,Tamim Iqbal,TGJ Gruijters,0,0,"",""
ball,1,0.3,Bangladesh,Junaid Siddique,Tamim Iqbal,TGJ Gruijters,0,0,"",""
ball,1,0.4,Bangladesh,Junaid Siddique,Tamim Iqbal,TGJ Gruijters,0,0,"",""
ball,1,0.5,Bangladesh,Junaid Siddique,Tamim Iqbal,TGJ Gruijters,0,0,caught,Junaid Siddique
ball,1,0.6,Bangladesh,Shakib Al Hasan,Tamim Iqbal,TGJ Gruijters,0,0,"",""
ball,1,1.1,Bangladesh,Tamim Iqbal,Shakib Al Hasan,MR Swart,0,0,"",""
ball,1,1.2,Bangladesh,Tamim Iqbal,Shakib Al Hasan,MR Swart,3,0,"",""
ball,1,1.3,Bangladesh,Shakib Al Hasan,Tamim Iqbal,MR Swart,0,0,"",""
ball,1,1.4,Bangladesh,Shakib Al Hasan,Tamim Iqbal,MR Swart,0,0,bowled,Shakib Al Hasan
ball,1,1.5,Bangladesh,Mushfiqur Rahim,Tamim Iqbal,MR Swart,0,0,"",""
ball,1,1.6,Bangladesh,Mushfiqur Rahim,Tamim Iqbal,MR Swart,0,0,"",""
ball,1,2.1,Bangladesh,Tamim Iqbal,Mushfiqur Rahim,TGJ Gruijters,1,0,"",""
ball,1,2.2,Bangladesh,Mushfiqur Rahim,Tamim Iqbal,TGJ Gruijters,0,0,"",""
ball,1,2.3,Bangladesh,Mushfiqur Rahim,Tamim Iqbal,TGJ Gruijters,1,0,"",""
ball,1,2.4,Bangladesh,Tamim Iqbal,Mushfiqur Rahim,TGJ Gruijters,0,0,"",""
ball,1,2.5,Bangladesh,Tamim Iqbal,Mushfiqur Rahim,TGJ Gruijters,1,0,"",""
ball,1,2.6,Bangladesh,Mushfiqur Rahim,Tamim Iqbal,TGJ Gruijters,1,0,"",""
ball,1,3.1,Bangladesh,Mushfiqur Rahim,Tamim Iqbal,MR Swart,0,0,caught,Mushfiqur Rahim
ball,1,3.2,Bangladesh,Mahmudullah,Tamim Iqbal,MR Swart,0,0,"",""
ball,1,3.3,Bangladesh,Mahmudullah,Tamim Iqbal,MR Swart,0,0,"",""
ball,1,3.4,Bangladesh,Mahmudullah,Tamim Iqbal,MR Swart,0,0,"",""
ball,1,3.5,Bangladesh,Mahmudullah,Tamim Iqbal,MR Swart,0,0,"",""
ball,1,3.6,Bangladesh,Mahmudullah,Tamim Iqbal,MR Swart,0,0,"",""
ball,1,4.1,Bangladesh,Tamim Iqbal,Mahmudullah,TLW Cooper,4,0,"",""
ball,1,4.2,Bangladesh,Tamim Iqbal,Mahmudullah,TLW Cooper,1,0,"",""
ball,1,4.3,Bangladesh,Mahmudullah,Tamim Iqbal,TLW Cooper,1,0,"",""
ball,1,4.4,Bangladesh,Tamim Iqbal,Mahmudullah,TLW Cooper,0,0,"",""
ball,1,4.5,Bangladesh,Tamim Iqbal,Mahmudullah,TLW Cooper,0,0,"",""
ball,1,4.6,Bangladesh,Tamim Iqbal,Mahmudullah,TLW Cooper,1,0,"",""
ball,1,5.1,Bangladesh,Tamim Iqbal,Mahmudullah,MR Swart,1,0,"",""
ball,1,5.2,Bangladesh,Mahmudullah,Tamim Iqbal,MR Swart,4,0,"",""
ball,1,5.3,Bangladesh,Mahmudullah,Tamim Iqbal,MR Swart,4,0,"",""
ball,1,5.4,Bangladesh,Mahmudullah,Tamim Iqbal,MR Swart,4,0,"",""
ball,1,5.5,Bangladesh,Mahmudullah,Tamim Iqbal,MR Swart,0,0,"",""
ball,1,5.6,Bangladesh,Mahmudullah,Tamim Iqbal,MR Swart,2,0,"",""
ball,1,6.1,Bangladesh,Tamim Iqbal,Mahmudullah,PW Borren,1,0,"",""
ball,1,6.2,Bangladesh,Mahmudullah,Tamim Iqbal,PW Borren,1,0,"",""
ball,1,6.3,Bangladesh,Tamim Iqbal,Mahmudullah,PW Borren,0,0,"",""
ball,1,6.4,Bangladesh,Tamim Iqbal,Mahmudullah,PW Borren,1,0,"",""
ball,1,6.5,Bangladesh,Mahmudullah,Tamim Iqbal,PW Borren,1,0,"",""
ball,1,6.6,Bangladesh,Tamim Iqbal,Mahmudullah,PW Borren,1,0,"",""
ball,1,7.1,Bangladesh,Tamim Iqbal,Mahmudullah,T van der Gugten,1,0,"",""
ball,1,7.2,Bangladesh,Mahmudullah,Tamim Iqbal,T van der Gugten,1,0,"",""
ball,1,7.3,Bangladesh,Tamim Iqbal,Mahmudullah,T van der Gugten,1,0,"",""
ball,1,7.4,Bangladesh,Mahmudullah,Tamim Iqbal,T van der Gugten,2,0,"",""
ball,1,7.5,Bangladesh,Mahmudullah,Tamim Iqbal,T van der Gugten,1,0,"",""
ball,1,7.6,Bangladesh,Tamim Iqbal,Mahmudullah,T van der Gugten,0,0,"",""
ball,1,8.1,Bangladesh,Mahmudullah,Tamim Iqbal,TLW Cooper,4,0,"",""
ball,1,8.2,Bangladesh,Mahmudullah,Tamim Iqbal,TLW Cooper,1,0,"",""
ball,1,8.3,Bangladesh,Tamim Iqbal,Mahmudullah,TLW Cooper,0,0,"",""
ball,1,8.4,Bangladesh,Tamim Iqbal,Mahmudullah,TLW Cooper,1,0,"",""
ball,1,8.5,Bangladesh,Mahmudullah,Tamim Iqbal,TLW Cooper,4,0,"",""
ball,1,8.6,Bangladesh,Mahmudullah,Tamim Iqbal,TLW Cooper,1,0,"",""
ball,1,9.1,Bangladesh,Mahmudullah,Tamim Iqbal,Ahsan Malik,1,0,"",""
ball,1,9.2,Bangladesh,Tamim Iqbal,Mahmudullah,Ahsan Malik,2,0,"",""
ball,1,9.3,Bangladesh,Tamim Iqbal,Mahmudullah,Ahsan Malik,1,0,"",""
ball,1,9.4,Bangladesh,Mahmudullah,Tamim Iqbal,Ahsan Malik,0,0,"",""
ball,1,9.5,Bangladesh,Mahmudullah,Tamim Iqbal,Ahsan Malik,1,0,"",""
ball,1,9.6,Bangladesh,Tamim Iqbal,Mahmudullah,Ahsan Malik,0,0,"",""
ball,1,10.1,Bangladesh,Mahmudullah,Tamim Iqbal,PW Borren,0,0,"",""
ball,1,10.2,Bangladesh,Mahmudullah,Tamim Iqbal,PW Borren,0,0,"",""
ball,1,10.3,Bangladesh,Mahmudullah,Tamim Iqbal,PW Borren,0,0,"",""
ball,1,10.4,Bangladesh,Mahmudullah,Tamim Iqbal,PW Borren,2,0,"",""
ball,1,10.5,Bangladesh,Mahmudullah,Tamim Iqbal,PW Borren,1,0,"",""
ball,1,10.6,Bangladesh,Tamim Iqbal,Mahmudullah,PW Borren,4,0,"",""
ball,1,11.1,Bangladesh,Mahmudullah,Tamim Iqbal,Ahsan Malik,4,0,"",""
ball,1,11.2,Bangladesh,Mahmudullah,Tamim Iqbal,Ahsan Malik,1,0,"",""
ball,1,11.3,Bangladesh,Tamim Iqbal,Mahmudullah,Ahsan Malik,1,0,"",""
ball,1,11.4,Bangladesh,Mahmudullah,Tamim Iqbal,Ahsan Malik,0,0,caught,Mahmudullah
ball,1,11.5,Bangladesh,Tamim Iqbal,Ziaur Rahman,Ahsan Malik,1,0,"",""
ball,1,11.6,Bangladesh,Ziaur Rahman,Tamim Iqbal,Ahsan Malik,1,0,"",""
ball,1,12.1,Bangladesh,Ziaur Rahman,Tamim Iqbal,T van der Gugten,1,0,"",""
ball,1,12.2,Bangladesh,Tamim Iqbal,Ziaur Rahman,T van der Gugten,1,0,"",""
ball,1,12.3,Bangladesh,Ziaur Rahman,Tamim Iqbal,T van der Gugten,0,0,"",""
ball,1,12.4,Bangladesh,Ziaur Rahman,Tamim Iqbal,T van der Gugten,0,1,"",""
ball,1,12.5,Bangladesh,Tamim Iqbal,Ziaur Rahman,T van der Gugten,0,0,"",""
ball,1,12.6,Bangladesh,Tamim Iqbal,Ziaur Rahman,T van der Gugten,1,0,"",""
ball,1,13.1,Bangladesh,Tamim Iqbal,Ziaur Rahman,Ahsan Malik,0,0,"",""
ball,1,13.2,Bangladesh,Tamim Iqbal,Ziaur Rahman,Ahsan Malik,1,0,"",""
ball,1,13.3,Bangladesh,Ziaur Rahman,Tamim Iqbal,Ahsan Malik,0,0,"",""
ball,1,13.4,Bangladesh,Ziaur Rahman,Tamim Iqbal,Ahsan Malik,2,0,"",""
ball,1,13.5,Bangladesh,Ziaur Rahman,Tamim Iqbal,Ahsan Malik,6,0,"",""
ball,1,13.6,Bangladesh,Ziaur Rahman,Tamim Iqbal,Ahsan Malik,0,1,"",""
ball,1,14.1,Bangladesh,Ziaur Rahman,Tamim Iqbal,PW Borren,0,0,"",""
ball,1,14.2,Bangladesh,Ziaur Rahman,Tamim Iqbal,PW Borren,4,0,"",""
ball,1,14.3,Bangladesh,Ziaur Rahman,Tamim Iqbal,PW Borren,0,0,"",""
ball,1,14.4,Bangladesh,Ziaur Rahman,Tamim Iqbal,PW Borren,1,0,"",""
ball,1,14.5,Bangladesh,Tamim Iqbal,Ziaur Rahman,PW Borren,1,0,"",""
ball,1,14.6,Bangladesh,Ziaur Rahman,Tamim Iqbal,PW Borren,4,0,"",""
ball,1,15.1,Bangladesh,Tamim Iqbal,Ziaur Rahman,Mudassar Bukhari,2,0,"",""
ball,1,15.2,Bangladesh,Tamim Iqbal,Ziaur Rahman,Mudassar Bukhari,1,0,"",""
ball,1,15.3,Bangladesh,Ziaur Rahman,Tamim Iqbal,Mudassar Bukhari,1,0,"",""
ball,1,15.4,Bangladesh,Tamim Iqbal,Ziaur Rahman,Mudassar Bukhari,1,0,"",""
ball,1,15.5,Bangladesh,Ziaur Rahman,Tamim Iqbal,Mudassar Bukhari,1,0,"",""
ball,1,15.6,Bangladesh,Tamim Iqbal,Ziaur Rahman,Mudassar Bukhari,2,0,"",""
ball,1,16.1,Bangladesh,Ziaur Rahman,Tamim Iqbal,T van der Gugten,1,0,"",""
ball,1,16.2,Bangladesh,Tamim Iqbal,Ziaur Rahman,T van der Gugten,0,0,"",""
ball,1,16.3,Bangladesh,Tamim Iqbal,Ziaur Rahman,T van der Gugten,1,0,"",""
ball,1,16.4,Bangladesh,Ziaur Rahman,Tamim Iqbal,T van der Gugten,0,0,caught,Ziaur Rahman
ball,1,16.5,Bangladesh,Tamim Iqbal,Nasir Hossain,T van der Gugten,0,0,"",""
ball,1,16.6,Bangladesh,Tamim Iqbal,Nasir Hossain,T van der Gugten,0,0,"",""
ball,1,17.1,Bangladesh,Nasir Hossain,Tamim Iqbal,Ahsan Malik,0,0,"",""
ball,1,17.2,Bangladesh,Nasir Hossain,Tamim Iqbal,Ahsan Malik,0,0,"",""
ball,1,17.3,Bangladesh,Nasir Hossain,Tamim Iqbal,Ahsan Malik,2,0,"",""
ball,1,17.4,Bangladesh,Nasir Hossain,Tamim Iqbal,Ahsan Malik,1,0,"",""
ball,1,17.5,Bangladesh,Tamim Iqbal,Nasir Hossain,Ahsan Malik,6,0,"",""
ball,1,17.6,Bangladesh,Tamim Iqbal,Nasir Hossain,Ahsan Malik,1,0,"",""
ball,1,18.1,Bangladesh,Tamim Iqbal,Nasir Hossain,T van der Gugten,2,0,"",""
ball,1,18.2,Bangladesh,Tamim Iqbal,Nasir Hossain,T van der Gugten,2,0,"",""
ball,1,18.3,Bangladesh,Tamim Iqbal,Nasir Hossain,T van der Gugten,0,0,caught,Tamim Iqbal
ball,1,18.4,Bangladesh,Nasir Hossain,Jahurul Islam,T van der Gugten,1,0,"",""
ball,1,18.5,Bangladesh,Jahurul Islam,Nasir Hossain,T van der Gugten,2,0,"",""
ball,1,18.6,Bangladesh,Jahurul Islam,Nasir Hossain,T van der Gugten,0,0,caught,Jahurul Islam
ball,1,19.1,Bangladesh,Abdur Razzak,Nasir Hossain,Mudassar Bukhari,0,1,"",""
ball,1,19.2,Bangladesh,Abdur Razzak,Nasir Hossain,Mudassar Bukhari,2,0,"",""
ball,1,19.3,Bangladesh,Abdur Razzak,Nasir Hossain,Mudassar Bukhari,0,0,caught,Abdur Razzak
ball,1,19.4,Bangladesh,Nasir Hossain,Shafiul Islam,Mudassar Bukhari,0,0,"",""
ball,1,19.5,Bangladesh,Nasir Hossain,Shafiul Islam,Mudassar Bukhari,0,0,bowled,Nasir Hossain
ball,1,19.6,Bangladesh,Elias Sunny,Shafiul Islam,Mudassar Bukhari,1,0,"",""
ball,1,19.7,Bangladesh,Shafiul Islam,Elias Sunny,Mudassar Bukhari,1,0,run out,Elias Sunny
ball,2,0.1,Netherlands,W Barresi,MR Swart,Abdur Razzak,0,0,"",""
ball,2,0.2,Netherlands,W Barresi,MR Swart,Abdur Razzak,0,0,"",""
ball,2,0.3,Netherlands,W Barresi,MR Swart,Abdur Razzak,2,0,"",""
ball,2,0.4,Netherlands,W Barresi,MR Swart,Abdur Razzak,0,0,"",""
ball,2,0.5,Netherlands,W Barresi,MR Swart,Abdur Razzak,0,0,"",""
ball,2,0.6,Netherlands,W Barresi,MR Swart,Abdur Razzak,0,0,"",""
ball,2,1.1,Netherlands,MR Swart,W Barresi,Shafiul Islam,0,0,"",""
ball,2,1.2,Netherlands,MR Swart,W Barresi,Shafiul Islam,0,0,"",""
ball,2,1.3,Netherlands,MR Swart,W Barresi,Shafiul Islam,0,0,"",""
ball,2,1.4,Netherlands,MR Swart,W Barresi,Shafiul Islam,2,0,"",""
ball,2,1.5,Netherlands,MR Swart,W Barresi,Shafiul Islam,0,0,"",""
ball,2,1.6,Netherlands,MR Swart,W Barresi,Shafiul Islam,2,0,"",""
ball,2,2.1,Netherlands,W Barresi,MR Swart,Abdur Razzak,0,0,"",""
ball,2,2.2,Netherlands,W Barresi,MR Swart,Abdur Razzak,0,0,"",""
ball,2,2.3,Netherlands,W Barresi,MR Swart,Abdur Razzak,0,0,"",""
ball,2,2.4,Netherlands,W Barresi,MR Swart,Abdur Razzak,0,0,"",""
ball,2,2.5,Netherlands,W Barresi,MR Swart,Abdur Razzak,0,0,"",""
ball,2,2.6,Netherlands,W Barresi,MR Swart,Abdur Razzak,0,0,"",""
ball,2,3.1,Netherlands,MR Swart,W Barresi,Shakib Al Hasan,1,0,"",""
ball,2,3.2,Netherlands,W Barresi,MR Swart,Shakib Al Hasan,0,0,"",""
ball,2,3.3,Netherlands,W Barresi,MR Swart,Shakib Al Hasan,2,0,"",""
ball,2,3.4,Netherlands,W Barresi,MR Swart,Shakib Al Hasan,4,0,"",""
ball,2,3.5,Netherlands,W Barresi,MR Swart,Shakib Al Hasan,1,0,"",""
ball,2,3.6,Netherlands,MR Swart,W Barresi,Shakib Al Hasan,1,0,"",""
ball,2,4.1,Netherlands,MR Swart,W Barresi,Abdur Razzak,0,0,"",""
ball,2,4.2,Netherlands,MR Swart,W Barresi,Abdur Razzak,4,0,"",""
ball,2,4.3,Netherlands,MR Swart,W Barresi,Abdur Razzak,0,0,"",""
ball,2,4.4,Netherlands,MR Swart,W Barresi,Abdur Razzak,1,0,"",""
ball,2,4.5,Netherlands,W Barresi,MR Swart,Abdur Razzak,4,0,"",""
ball,2,4.6,Netherlands,W Barresi,MR Swart,Abdur Razzak,0,0,bowled,W Barresi
ball,2,5.1,Netherlands,MR Swart,TLW Cooper,Shakib Al Hasan,1,0,"",""
ball,2,5.2,Netherlands,TLW Cooper,MR Swart,Shakib Al Hasan,0,0,"",""
ball,2,5.3,Netherlands,TLW Cooper,MR Swart,Shakib Al Hasan,0,0,"",""
ball,2,5.4,Netherlands,TLW Cooper,MR Swart,Shakib Al Hasan,0,0,bowled,TLW Cooper
ball,2,5.5,Netherlands,PW Borren,MR Swart,Shakib Al Hasan,0,0,"",""
ball,2,5.6,Netherlands,PW Borren,MR Swart,Shakib Al Hasan,0,0,"",""
ball,2,6.1,Netherlands,MR Swart,PW Borren,Elias Sunny,0,0,"",""
ball,2,6.2,Netherlands,MR Swart,PW Borren,Elias Sunny,1,0,"",""
ball,2,6.3,Netherlands,PW Borren,MR Swart,Elias Sunny,2,0,"",""
ball,2,6.4,Netherlands,PW Borren,MR Swart,Elias Sunny,0,0,"",""
ball,2,6.5,Netherlands,PW Borren,MR Swart,Elias Sunny,1,0,"",""
ball,2,6.6,Netherlands,MR Swart,PW Borren,Elias Sunny,1,0,"",""
ball,2,7.1,Netherlands,MR Swart,PW Borren,Shafiul Islam,1,0,"",""
ball,2,7.2,Netherlands,PW Borren,MR Swart,Shafiul Islam,0,1,"",""
ball,2,7.3,Netherlands,MR Swart,PW Borren,Shafiul Islam,2,0,"",""
ball,2,7.4,Netherlands,MR Swart,PW Borren,Shafiul Islam,0,1,"",""
ball,2,7.5,Netherlands,MR Swart,PW Borren,Shafiul Islam,0,0,"",""
ball,2,7.6,Netherlands,MR Swart,PW Borren,Shafiul Islam,4,0,"",""
ball,2,7.7,Netherlands,MR Swart,PW Borren,Shafiul Islam,0,0,"",""
ball,2,8.1,Netherlands,PW Borren,MR Swart,Elias Sunny,0,0,"",""
ball,2,8.2,Netherlands,PW Borren,MR Swart,Elias Sunny,6,0,"",""
ball,2,8.3,Netherlands,PW Borren,MR Swart,Elias Sunny,4,0,"",""
ball,2,8.4,Netherlands,PW Borren,MR Swart,Elias Sunny,0,0,"",""
ball,2,8.5,Netherlands,PW Borren,MR Swart,Elias Sunny,2,0,"",""
ball,2,8.6,Netherlands,PW Borren,MR Swart,Elias Sunny,0,0,"",""
ball,2,9.1,Netherlands,MR Swart,PW Borren,Mahmudullah,0,0,"",""
ball,2,9.2,Netherlands,MR Swart,PW Borren,Mahmudullah,6,0,"",""
ball,2,9.3,Netherlands,MR Swart,PW Borren,Mahmudullah,0,0,"",""
ball,2,9.4,Netherlands,MR Swart,PW Borren,Mahmudullah,1,0,"",""
ball,2,9.5,Netherlands,PW Borren,MR Swart,Mahmudullah,0,0,"",""
ball,2,9.6,Netherlands,PW Borren,MR Swart,Mahmudullah,1,0,"",""
ball,2,10.1,Netherlands,PW Borren,MR Swart,Shakib Al Hasan,0,0,"",""
ball,2,10.2,Netherlands,PW Borren,MR Swart,Shakib Al Hasan,0,0,caught,PW Borren
ball,2,10.3,Netherlands,MR Swart,TN de Grooth,Shakib Al Hasan,1,0,"",""
ball,2,10.4,Netherlands,TN de Grooth,MR Swart,Shakib Al Hasan,0,0,"",""
ball,2,10.5,Netherlands,TN de Grooth,MR Swart,Shakib Al Hasan,1,0,"",""
ball,2,10.6,Netherlands,MR Swart,TN de Grooth,Shakib Al Hasan,1,0,"",""
ball,2,11.1,Netherlands,MR Swart,TN de Grooth,Mahmudullah,1,0,"",""
ball,2,11.2,Netherlands,TN de Grooth,MR Swart,Mahmudullah,0,0,"",""
ball,2,11.3,Netherlands,TN de Grooth,MR Swart,Mahmudullah,1,0,"",""
ball,2,11.4,Netherlands,MR Swart,TN de Grooth,Mahmudullah,1,0,"",""
ball,2,11.5,Netherlands,TN de Grooth,MR Swart,Mahmudullah,0,0,"",""
ball,2,11.6,Netherlands,TN de Grooth,MR Swart,Mahmudullah,4,0,"",""
ball,2,12.1,Netherlands,MR Swart,TN de Grooth,Elias Sunny,1,0,"",""
ball,2,12.2,Netherlands,TN de Grooth,MR Swart,Elias Sunny,0,0,"",""
ball,2,12.3,Netherlands,TN de Grooth,MR Swart,Elias Sunny,0,0,"",""
ball,2,12.4,Netherlands,TN de Grooth,MR Swart,Elias Sunny,1,0,"",""
ball,2,12.5,Netherlands,MR Swart,TN de Grooth,Elias Sunny,1,0,"",""
ball,2,12.6,Netherlands,TN de Grooth,MR Swart,Elias Sunny,0,0,bowled,TN de Grooth
ball,2,13.1,Netherlands,MR Swart,ES Szwarczynski,Mahmudullah,1,0,"",""
ball,2,13.2,Netherlands,ES Szwarczynski,MR Swart,Mahmudullah,0,0,"",""
ball,2,13.3,Netherlands,ES Szwarczynski,MR Swart,Mahmudullah,1,0,"",""
ball,2,13.4,Netherlands,MR Swart,ES Szwarczynski,Mahmudullah,1,0,"",""
ball,2,13.5,Netherlands,ES Szwarczynski,MR Swart,Mahmudullah,1,0,"",""
ball,2,13.6,Netherlands,MR Swart,ES Szwarczynski,Mahmudullah,1,0,"",""
ball,2,14.1,Netherlands,MR Swart,ES Szwarczynski,Elias Sunny,0,0,run out,ES Szwarczynski
ball,2,14.2,Netherlands,Mudassar Bukhari,MR Swart,Elias Sunny,1,0,"",""
ball,2,14.3,Netherlands,MR Swart,Mudassar Bukhari,Elias Sunny,0,0,"",""
ball,2,14.4,Netherlands,MR Swart,Mudassar Bukhari,Elias Sunny,1,0,"",""
ball,2,14.5,Netherlands,Mudassar Bukhari,MR Swart,Elias Sunny,6,0,"",""
ball,2,14.6,Netherlands,Mudassar Bukhari,MR Swart,Elias Sunny,0,0,"",""
ball,2,15.1,Netherlands,MR Swart,Mudassar Bukhari,Shafiul Islam,1,0,"",""
ball,2,15.2,Netherlands,Mudassar Bukhari,MR Swart,Shafiul Islam,0,0,caught,Mudassar Bukhari
ball,2,15.3,Netherlands,MR Swart,TGJ Gruijters,Shafiul Islam,1,0,"",""
ball,2,15.4,Netherlands,TGJ Gruijters,MR Swart,Shafiul Islam,1,0,"",""
ball,2,15.5,Netherlands,MR Swart,TGJ Gruijters,Shafiul Islam,4,0,"",""
ball,2,15.6,Netherlands,MR Swart,TGJ Gruijters,Shafiul Islam,1,0,"",""
ball,2,16.1,Netherlands,MR Swart,TGJ Gruijters,Shakib Al Hasan,1,0,"",""
ball,2,16.2,Netherlands,TGJ Gruijters,MR Swart,Shakib Al Hasan,1,0,"",""
ball,2,16.3,Netherlands,MR Swart,TGJ Gruijters,Shakib Al Hasan,2,0,"",""
ball,2,16.4,Netherlands,MR Swart,TGJ Gruijters,Shakib Al Hasan,4,0,"",""
ball,2,16.5,Netherlands,MR Swart,TGJ Gruijters,Shakib Al Hasan,6,0,"",""
ball,2,16.6,Netherlands,MR Swart,TGJ Gruijters,Shakib Al Hasan,1,0,"",""
ball,2,17.1,Netherlands,MR Swart,TGJ Gruijters,Mahmudullah,1,0,"",""
ball,2,17.2,Netherlands,TGJ Gruijters,MR Swart,Mahmudullah,0,1,"",""
ball,2,17.3,Netherlands,MR Swart,TGJ Gruijters,Mahmudullah,1,0,"",""
ball,2,17.4,Netherlands,TGJ Gruijters,MR Swart,Mahmudullah,1,0,"",""
ball,2,17.5,Netherlands,MR Swart,TGJ Gruijters,Mahmudullah,0,0,stumped,MR Swart
ball,2,17.6,Netherlands,PM Seelaar,TGJ Gruijters,Mahmudullah,1,0,"",""
ball,2,18.1,Netherlands,PM Seelaar,TGJ Gruijters,Shafiul Islam,1,0,"",""
ball,2,18.2,Netherlands,TGJ Gruijters,PM Seelaar,Shafiul Islam,0,0,bowled,TGJ Gruijters
ball,2,18.3,Netherlands,T van der Gugten,PM Seelaar,Shafiul Islam,2,0,"",""
ball,2,18.4,Netherlands,T van der Gugten,PM Seelaar,Shafiul Islam,1,0,"",""
ball,2,18.5,Netherlands,PM Seelaar,T van der Gugten,Shafiul Islam,1,0,"",""
ball,2,18.6,Netherlands,T van der Gugten,PM Seelaar,Shafiul Islam,1,0,"",""
ball,2,19.1,Netherlands,T van der Gugten,PM Seelaar,Abdur Razzak,0,0,"",""
ball,2,19.2,Netherlands,T van der Gugten,PM Seelaar,Abdur Razzak,2,0,"",""
ball,2,19.3,Netherlands,T van der Gugten,PM Seelaar,Abdur Razzak,0,0,"",""
ball,2,19.4,Netherlands,T van der Gugten,PM Seelaar,Abdur Razzak,6,0,"",""
ball,2,19.5,Netherlands,T van der Gugten,PM Seelaar,Abdur Razzak,0,0,lbw,T van der Gugten
ball,2,19.6,Netherlands,Ahsan Malik,PM Seelaar,Abdur Razzak,4,0,"",""
