version,1.3.0
info,team,Canada
info,team,Ireland
info,gender,male
info,season,2013/14
info,date,2013/11/16
info,competition,ICC World Twenty20 Qualifier
info,match_number,11
info,venue,Sheikh Zayed Stadium
info,city,Abu Dhabi
info,neutralvenue,true
info,toss_winner,Canada
info,toss_decision,field
info,player_of_match,A Bagai
info,umpire,MA Gough
info,umpire,REJ Martinesz
info,reserve_umpire,IN Ramage
info,match_referee,D Govindjee
info,winner,Ireland
info,winner_runs,2
ball,1,0.1,Ireland,WTS Porterfield,PR Stirling,JOA Gordon,0,0,"",""
ball,1,0.2,Ireland,WTS Porterfield,PR Stirling,JOA Gordon,0,0,"",""
ball,1,0.3,Ireland,WTS Porterfield,PR Stirling,JOA Gordon,0,0,"",""
ball,1,0.4,Ireland,WTS Porterfield,PR Stirling,JOA Gordon,0,0,"",""
ball,1,0.5,Ireland,WTS Porterfield,PR Stirling,JOA Gordon,0,0,"",""
ball,1,0.6,Ireland,WTS Porterfield,PR Stirling,JOA Gordon,4,0,"",""
ball,1,1.1,Ireland,PR Stirling,WTS Porterfield,Junaid Siddiqui,4,0,"",""
ball,1,1.2,Ireland,PR Stirling,WTS Porterfield,Junaid Siddiqui,0,0,"",""
ball,1,1.3,Ireland,PR Stirling,WTS Porterfield,Junaid Siddiqui,0,0,"",""
ball,1,1.4,Ireland,PR Stirling,WTS Porterfield,Junaid Siddiqui,4,0,"",""
ball,1,1.5,Ireland,PR Stirling,WTS Porterfield,Junaid Siddiqui,0,0,"",""
ball,1,1.6,Ireland,PR Stirling,WTS Porterfield,Junaid Siddiqui,0,0,"",""
ball,1,2.1,Ireland,WTS Porterfield,PR Stirling,JOA Gordon,0,0,"",""
ball,1,2.2,Ireland,WTS Porterfield,PR Stirling,JOA Gordon,0,0,"",""
ball,1,2.3,Ireland,WTS Porterfield,PR Stirling,JOA Gordon,0,0,"",""
ball,1,2.4,Ireland,WTS Porterfield,PR Stirling,JOA Gordon,0,0,"",""
ball,1,2.5,Ireland,WTS Porterfield,PR Stirling,JOA Gordon,1,0,"",""
ball,1,2.6,Ireland,PR Stirling,WTS Porterfield,JOA Gordon,4,0,"",""
ball,1,3.1,Ireland,WTS Porterfield,PR Stirling,Junaid Siddiqui,0,0,caught,WTS Porterfield
ball,1,3.2,Ireland,NJ O'Brien,PR Stirling,Junaid Siddiqui,0,0,"",""
ball,1,3.3,Ireland,NJ O'Brien,PR Stirling,Junaid Siddiqui,1,0,"",""
ball,1,3.4,Ireland,PR Stirling,NJ O'Brien,Junaid Siddiqui,0,0,"",""
ball,1,3.5,Ireland,PR Stirling,NJ O'Brien,Junaid Siddiqui,0,0,"",""
ball,1,3.6,Ireland,PR Stirling,NJ O'Brien,Junaid Siddiqui,4,0,"",""
ball,1,4.1,Ireland,NJ O'Brien,PR Stirling,HS Baidwan,0,0,"",""
ball,1,4.2,Ireland,NJ O'Brien,PR Stirling,HS Baidwan,1,0,"",""
ball,1,4.3,Ireland,PR Stirling,NJ O'Brien,HS Baidwan,0,5,"",""
ball,1,4.4,Ireland,PR Stirling,NJ O'Brien,HS Baidwan,0,0,"",""
ball,1,4.5,Ireland,PR Stirling,NJ O'Brien,HS Baidwan,0,0,lbw,PR Stirling
ball,1,4.6,Ireland,KJ O'Brien,NJ O'Brien,HS Baidwan,0,0,"",""
ball,1,4.7,Ireland,KJ O'Brien,NJ O'Brien,HS Baidwan,1,0,"",""
ball,1,5.1,Ireland,KJ O'Brien,NJ O'Brien,Junaid Siddiqui,1,0,"",""
ball,1,5.2,Ireland,NJ O'Brien,KJ O'Brien,Junaid Siddiqui,0,0,"",""
ball,1,5.3,Ireland,NJ O'Brien,KJ O'Brien,Junaid Siddiqui,1,0,"",""
ball,1,5.4,Ireland,KJ O'Brien,NJ O'Brien,Junaid Siddiqui,4,0,"",""
ball,1,5.5,Ireland,KJ O'Brien,NJ O'Brien,Junaid Siddiqui,0,1,"",""
ball,1,5.6,Ireland,KJ O'Brien,NJ O'Brien,Junaid Siddiqui,0,0,"",""
ball,1,5.7,Ireland,KJ O'Brien,NJ O'Brien,Junaid Siddiqui,1,0,"",""
ball,1,6.1,Ireland,KJ O'Brien,NJ O'Brien,HS Baidwan,1,0,"",""
ball,1,6.2,Ireland,NJ O'Brien,KJ O'Brien,HS Baidwan,0,1,"",""
ball,1,6.3,Ireland,KJ O'Brien,NJ O'Brien,HS Baidwan,0,1,"",""
ball,1,6.4,Ireland,KJ O'Brien,NJ O'Brien,HS Baidwan,0,1,"",""
ball,1,6.5,Ireland,NJ O'Brien,KJ O'Brien,HS Baidwan,0,2,"",""
ball,1,6.6,Ireland,NJ O'Brien,KJ O'Brien,HS Baidwan,4,0,"",""
ball,1,6.7,Ireland,NJ O'Brien,KJ O'Brien,HS Baidwan,4,0,"",""
ball,1,7.1,Ireland,KJ O'Brien,NJ O'Brien,Junaid Siddiqui,1,0,"",""
ball,1,7.2,Ireland,NJ O'Brien,KJ O'Brien,Junaid Siddiqui,2,0,"",""
ball,1,7.3,Ireland,NJ O'Brien,KJ O'Brien,Junaid Siddiqui,4,0,"",""
ball,1,7.4,Ireland,NJ O'Brien,KJ O'Brien,Junaid Siddiqui,1,0,"",""
ball,1,7.5,Ireland,KJ O'Brien,NJ O'Brien,Junaid Siddiqui,1,0,"",""
ball,1,7.6,Ireland,NJ O'Brien,KJ O'Brien,Junaid Siddiqui,0,0,"",""
ball,1,8.1,Ireland,KJ O'Brien,NJ O'Brien,Raza-ur-Rehman,4,0,"",""
ball,1,8.2,Ireland,KJ O'Brien,NJ O'Brien,Raza-ur-Rehman,1,0,"",""
ball,1,8.3,Ireland,NJ O'Brien,KJ O'Brien,Raza-ur-Rehman,1,0,"",""
ball,1,8.4,Ireland,KJ O'Brien,NJ O'Brien,Raza-ur-Rehman,1,0,"",""
ball,1,8.5,Ireland,NJ O'Brien,KJ O'Brien,Raza-ur-Rehman,1,0,"",""
ball,1,8.6,Ireland,KJ O'Brien,NJ O'Brien,Raza-ur-Rehman,1,0,"",""
ball,1,9.1,Ireland,KJ O'Brien,NJ O'Brien,Rizwan Cheema,1,0,"",""
ball,1,9.2,Ireland,NJ O'Brien,KJ O'Brien,Rizwan Cheema,1,0,"",""
ball,1,9.3,Ireland,KJ O'Brien,NJ O'Brien,Rizwan Cheema,2,0,"",""
ball,1,9.4,Ireland,KJ O'Brien,NJ O'Brien,Rizwan Cheema,1,0,"",""
ball,1,9.5,Ireland,NJ O'Brien,KJ O'Brien,Rizwan Cheema,1,0,"",""
ball,1,9.6,Ireland,KJ O'Brien,NJ O'Brien,Rizwan Cheema,0,0,"",""
ball,1,10.1,Ireland,NJ O'Brien,KJ O'Brien,AS Hansra,1,0,"",""
ball,1,10.2,Ireland,KJ O'Brien,NJ O'Brien,AS Hansra,0,0,"",""
ball,1,10.3,Ireland,KJ O'Brien,NJ O'Brien,AS Hansra,2,0,"",""
ball,1,10.4,Ireland,KJ O'Brien,NJ O'Brien,AS Hansra,6,0,"",""
ball,1,10.5,Ireland,KJ O'Brien,NJ O'Brien,AS Hansra,2,0,"",""
ball,1,10.6,Ireland,KJ O'Brien,NJ O'Brien,AS Hansra,0,0,caught,KJ O'Brien
ball,1,11.1,Ireland,DT Johnston,NJ O'Brien,Rizwan Cheema,1,0,"",""
ball,1,11.2,Ireland,NJ O'Brien,DT Johnston,Rizwan Cheema,1,0,"",""
ball,1,11.3,Ireland,DT Johnston,NJ O'Brien,Rizwan Cheema,0,0,"",""
ball,1,11.4,Ireland,DT Johnston,NJ O'Brien,Rizwan Cheema,1,0,"",""
ball,1,11.5,Ireland,NJ O'Brien,DT Johnston,Rizwan Cheema,2,0,"",""
ball,1,11.6,Ireland,NJ O'Brien,DT Johnston,Rizwan Cheema,1,0,"",""
ball,1,12.1,Ireland,NJ O'Brien,DT Johnston,AS Hansra,0,0,"",""
ball,1,12.2,Ireland,NJ O'Brien,DT Johnston,AS Hansra,0,0,stumped,NJ O'Brien
ball,1,12.3,Ireland,GC Wilson,DT Johnston,AS Hansra,2,0,"",""
ball,1,12.4,Ireland,GC Wilson,DT Johnston,AS Hansra,0,0,"",""
ball,1,12.5,Ireland,GC Wilson,DT Johnston,AS Hansra,2,0,"",""
ball,1,12.6,Ireland,GC Wilson,DT Johnston,AS Hansra,1,0,"",""
ball,1,13.1,Ireland,GC Wilson,DT Johnston,Rizwan Cheema,2,0,"",""
ball,1,13.2,Ireland,GC Wilson,DT Johnston,Rizwan Cheema,1,0,"",""
ball,1,13.3,Ireland,DT Johnston,GC Wilson,Rizwan Cheema,0,0,"",""
ball,1,13.4,Ireland,DT Johnston,GC Wilson,Rizwan Cheema,1,0,"",""
ball,1,13.5,Ireland,GC Wilson,DT Johnston,Rizwan Cheema,1,0,"",""
ball,1,13.6,Ireland,DT Johnston,GC Wilson,Rizwan Cheema,0,0,"",""
ball,1,14.1,Ireland,GC Wilson,DT Johnston,AS Hansra,1,0,"",""
ball,1,14.2,Ireland,DT Johnston,GC Wilson,AS Hansra,1,0,"",""
ball,1,14.3,Ireland,GC Wilson,DT Johnston,AS Hansra,2,0,"",""
ball,1,14.4,Ireland,GC Wilson,DT Johnston,AS Hansra,1,0,"",""
ball,1,14.5,Ireland,DT Johnston,GC Wilson,AS Hansra,1,0,"",""
ball,1,14.6,Ireland,GC Wilson,DT Johnston,AS Hansra,2,0,"",""
ball,1,15.1,Ireland,DT Johnston,GC Wilson,Raza-ur-Rehman,0,0,"",""
ball,1,15.2,Ireland,DT Johnston,GC Wilson,Raza-ur-Rehman,6,0,"",""
ball,1,15.3,Ireland,DT Johnston,GC Wilson,Raza-ur-Rehman,1,0,"",""
ball,1,15.4,Ireland,GC Wilson,DT Johnston,Raza-ur-Rehman,2,0,"",""
ball,1,15.5,Ireland,GC Wilson,DT Johnston,Raza-ur-Rehman,0,0,"",""
ball,1,15.6,Ireland,GC Wilson,DT Johnston,Raza-ur-Rehman,0,0,"",""
ball,1,16.1,Ireland,DT Johnston,GC Wilson,JOA Gordon,0,0,"",""
ball,1,16.2,Ireland,DT Johnston,GC Wilson,JOA Gordon,2,0,"",""
ball,1,16.3,Ireland,DT Johnston,GC Wilson,JOA Gordon,0,0,"",""
ball,1,16.4,Ireland,DT Johnston,GC Wilson,JOA Gordon,1,0,"",""
ball,1,16.5,Ireland,GC Wilson,DT Johnston,JOA Gordon,3,0,"",""
ball,1,16.6,Ireland,DT Johnston,GC Wilson,JOA Gordon,4,0,"",""
ball,1,17.1,Ireland,GC Wilson,DT Johnston,HS Baidwan,2,0,"",""
ball,1,17.2,Ireland,GC Wilson,DT Johnston,HS Baidwan,2,0,"",""
ball,1,17.3,Ireland,GC Wilson,DT Johnston,HS Baidwan,0,0,caught,GC Wilson
ball,1,17.4,Ireland,DT Johnston,JF Mooney,HS Baidwan,2,0,"",""
ball,1,17.5,Ireland,DT Johnston,JF Mooney,HS Baidwan,2,0,"",""
ball,1,17.6,Ireland,DT Johnston,JF Mooney,HS Baidwan,4,0,"",""
ball,1,18.1,Ireland,JF Mooney,DT Johnston,Rizwan Cheema,1,0,"",""
ball,1,18.2,Ireland,DT Johnston,JF Mooney,Rizwan Cheema,1,0,"",""
ball,1,18.3,Ireland,JF Mooney,DT Johnston,Rizwan Cheema,4,0,"",""
ball,1,18.4,Ireland,JF Mooney,DT Johnston,Rizwan Cheema,2,0,"",""
ball,1,18.5,Ireland,JF Mooney,DT Johnston,Rizwan Cheema,1,0,"",""
ball,1,18.6,Ireland,DT Johnston,JF Mooney,Rizwan Cheema,4,0,"",""
ball,1,19.1,Ireland,JF Mooney,DT Johnston,JOA Gordon,1,0,"",""
ball,1,19.2,Ireland,DT Johnston,JF Mooney,JOA Gordon,1,0,"",""
ball,1,19.3,Ireland,JF Mooney,DT Johnston,JOA Gordon,4,0,"",""
ball,1,19.4,Ireland,JF Mooney,DT Johnston,JOA Gordon,1,0,"",""
ball,1,19.5,Ireland,DT Johnston,JF Mooney,JOA Gordon,6,0,"",""
ball,1,19.6,Ireland,DT Johnston,JF Mooney,JOA Gordon,0,1,"",""
ball,2,0.1,Canada,H Patel,R Gunasekera,MC Sorensen,0,0,lbw,H Patel
ball,2,0.2,Canada,Rizwan Cheema,R Gunasekera,MC Sorensen,0,0,caught,Rizwan Cheema
ball,2,0.3,Canada,A Bagai,R Gunasekera,MC Sorensen,1,0,"",""
ball,2,0.4,Canada,R Gunasekera,A Bagai,MC Sorensen,1,0,"",""
ball,2,0.5,Canada,A Bagai,R Gunasekera,MC Sorensen,0,0,"",""
ball,2,0.6,Canada,A Bagai,R Gunasekera,MC Sorensen,0,0,"",""
ball,2,1.1,Canada,R Gunasekera,A Bagai,TJ Murtagh,1,0,"",""
ball,2,1.2,Canada,A Bagai,R Gunasekera,TJ Murtagh,0,0,"",""
ball,2,1.3,Canada,A Bagai,R Gunasekera,TJ Murtagh,0,0,"",""
ball,2,1.4,Canada,A Bagai,R Gunasekera,TJ Murtagh,4,0,"",""
ball,2,1.5,Canada,A Bagai,R Gunasekera,TJ Murtagh,0,0,"",""
ball,2,1.6,Canada,A Bagai,R Gunasekera,TJ Murtagh,4,0,"",""
ball,2,2.1,Canada,R Gunasekera,A Bagai,MC Sorensen,0,1,"",""
ball,2,2.2,Canada,R Gunasekera,A Bagai,MC Sorensen,1,0,"",""
ball,2,2.3,Canada,A Bagai,R Gunasekera,MC Sorensen,4,0,"",""
ball,2,2.4,Canada,A Bagai,R Gunasekera,MC Sorensen,0,0,"",""
ball,2,2.5,Canada,A Bagai,R Gunasekera,MC Sorensen,1,0,"",""
ball,2,2.6,Canada,R Gunasekera,A Bagai,MC Sorensen,1,0,"",""
ball,2,2.7,Canada,A Bagai,R Gunasekera,MC Sorensen,1,0,"",""
ball,2,3.1,Canada,A Bagai,R Gunasekera,TJ Murtagh,4,0,"",""
ball,2,3.2,Canada,A Bagai,R Gunasekera,TJ Murtagh,0,0,"",""
ball,2,3.3,Canada,A Bagai,R Gunasekera,TJ Murtagh,0,0,"",""
ball,2,3.4,Canada,A Bagai,R Gunasekera,TJ Murtagh,1,0,"",""
ball,2,3.5,Canada,R Gunasekera,A Bagai,TJ Murtagh,1,0,"",""
ball,2,3.6,Canada,A Bagai,R Gunasekera,TJ Murtagh,2,0,"",""
ball,2,4.1,Canada,R Gunasekera,A Bagai,MC Sorensen,4,0,"",""
ball,2,4.2,Canada,R Gunasekera,A Bagai,MC Sorensen,4,0,"",""
ball,2,4.3,Canada,R Gunasekera,A Bagai,MC Sorensen,4,0,"",""
ball,2,4.4,Canada,R Gunasekera,A Bagai,MC Sorensen,0,0,"",""
ball,2,4.5,Canada,R Gunasekera,A Bagai,MC Sorensen,0,0,"",""
ball,2,4.6,Canada,R Gunasekera,A Bagai,MC Sorensen,0,0,"",""
ball,2,5.1,Canada,A Bagai,R Gunasekera,DT Johnston,0,0,"",""
ball,2,5.2,Canada,A Bagai,R Gunasekera,DT Johnston,1,0,"",""
ball,2,5.3,Canada,R Gunasekera,A Bagai,DT Johnston,0,4,"",""
ball,2,5.4,Canada,R Gunasekera,A Bagai,DT Johnston,0,0,"",""
ball,2,5.5,Canada,R Gunasekera,A Bagai,DT Johnston,2,0,"",""
ball,2,5.6,Canada,R Gunasekera,A Bagai,DT Johnston,4,1,"",""
ball,2,5.7,Canada,R Gunasekera,A Bagai,DT Johnston,1,0,"",""
ball,2,6.1,Canada,R Gunasekera,A Bagai,GH Dockrell,0,0,"",""
ball,2,6.2,Canada,R Gunasekera,A Bagai,GH Dockrell,1,0,"",""
ball,2,6.3,Canada,A Bagai,R Gunasekera,GH Dockrell,1,0,"",""
ball,2,6.4,Canada,R Gunasekera,A Bagai,GH Dockrell,1,0,"",""
ball,2,6.5,Canada,A Bagai,R Gunasekera,GH Dockrell,0,0,"",""
ball,2,6.6,Canada,A Bagai,R Gunasekera,GH Dockrell,1,0,"",""
ball,2,7.1,Canada,A Bagai,R Gunasekera,AR Cusack,1,0,"",""
ball,2,7.2,Canada,R Gunasekera,A Bagai,AR Cusack,0,0,"",""
ball,2,7.3,Canada,R Gunasekera,A Bagai,AR Cusack,0,0,"",""
ball,2,7.4,Canada,R Gunasekera,A Bagai,AR Cusack,2,0,"",""
ball,2,7.5,Canada,R Gunasekera,A Bagai,AR Cusack,0,0,"",""
ball,2,7.6,Canada,R Gunasekera,A Bagai,AR Cusack,0,0,"",""
ball,2,8.1,Canada,A Bagai,R Gunasekera,GH Dockrell,0,0,"",""
ball,2,8.2,Canada,A Bagai,R Gunasekera,GH Dockrell,1,0,"",""
ball,2,8.3,Canada,R Gunasekera,A Bagai,GH Dockrell,1,0,"",""
ball,2,8.4,Canada,A Bagai,R Gunasekera,GH Dockrell,1,0,"",""
ball,2,8.5,Canada,R Gunasekera,A Bagai,GH Dockrell,1,0,"",""
ball,2,8.6,Canada,A Bagai,R Gunasekera,GH Dockrell,1,0,"",""
ball,2,9.1,Canada,A Bagai,R Gunasekera,AR Cusack,0,1,"",""
ball,2,9.2,Canada,A Bagai,R Gunasekera,AR Cusack,4,0,"",""
ball,2,9.3,Canada,A Bagai,R Gunasekera,AR Cusack,1,0,"",""
ball,2,9.4,Canada,R Gunasekera,A Bagai,AR Cusack,0,0,"",""
ball,2,9.5,Canada,R Gunasekera,A Bagai,AR Cusack,2,0,"",""
ball,2,9.6,Canada,R Gunasekera,A Bagai,AR Cusack,0,4,"",""
ball,2,9.7,Canada,R Gunasekera,A Bagai,AR Cusack,1,0,"",""
ball,2,10.1,Canada,R Gunasekera,A Bagai,TJ Murtagh,1,0,"",""
ball,2,10.2,Canada,A Bagai,R Gunasekera,TJ Murtagh,1,0,"",""
ball,2,10.3,Canada,R Gunasekera,A Bagai,TJ Murtagh,0,0,"",""
ball,2,10.4,Canada,R Gunasekera,A Bagai,TJ Murtagh,0,0,"",""
ball,2,10.5,Canada,R Gunasekera,A Bagai,TJ Murtagh,1,0,"",""
ball,2,10.6,Canada,A Bagai,R Gunasekera,TJ Murtagh,0,0,"",""
ball,2,11.1,Canada,R Gunasekera,A Bagai,KJ O'Brien,1,0,"",""
ball,2,11.2,Canada,A Bagai,R Gunasekera,KJ O'Brien,1,0,"",""
ball,2,11.3,Canada,R Gunasekera,A Bagai,KJ O'Brien,0,0,"",""
ball,2,11.4,Canada,R Gunasekera,A Bagai,KJ O'Brien,4,0,"",""
ball,2,11.5,Canada,R Gunasekera,A Bagai,KJ O'Brien,1,0,"",""
ball,2,11.6,Canada,A Bagai,R Gunasekera,KJ O'Brien,1,0,"",""
ball,2,12.1,Canada,A Bagai,R Gunasekera,GH Dockrell,2,0,"",""
ball,2,12.2,Canada,A Bagai,R Gunasekera,GH Dockrell,1,0,"",""
ball,2,12.3,Canada,R Gunasekera,A Bagai,GH Dockrell,1,0,"",""
ball,2,12.4,Canada,A Bagai,R Gunasekera,GH Dockrell,2,0,"",""
ball,2,12.5,Canada,A Bagai,R Gunasekera,GH Dockrell,1,0,"",""
ball,2,12.6,Canada,R Gunasekera,A Bagai,GH Dockrell,4,0,"",""
ball,2,13.1,Canada,A Bagai,R Gunasekera,KJ O'Brien,0,0,"",""
ball,2,13.2,Canada,A Bagai,R Gunasekera,KJ O'Brien,4,0,"",""
ball,2,13.3,Canada,A Bagai,R Gunasekera,KJ O'Brien,1,0,"",""
ball,2,13.4,Canada,R Gunasekera,A Bagai,KJ O'Brien,6,0,"",""
ball,2,13.5,Canada,R Gunasekera,A Bagai,KJ O'Brien,2,0,"",""
ball,2,13.6,Canada,R Gunasekera,A Bagai,KJ O'Brien,1,0,"",""
ball,2,14.1,Canada,R Gunasekera,A Bagai,TJ Murtagh,4,0,"",""
ball,2,14.2,Canada,R Gunasekera,A Bagai,TJ Murtagh,0,0,"",""
ball,2,14.3,Canada,R Gunasekera,A Bagai,TJ Murtagh,2,0,"",""
ball,2,14.4,Canada,R Gunasekera,A Bagai,TJ Murtagh,0,0,"",""
ball,2,14.5,Canada,R Gunasekera,A Bagai,TJ Murtagh,2,0,"",""
ball,2,14.6,Canada,R Gunasekera,A Bagai,TJ Murtagh,1,0,"",""
ball,2,15.1,Canada,R Gunasekera,A Bagai,AR Cusack,0,0,"",""
ball,2,15.2,Canada,R Gunasekera,A Bagai,AR Cusack,1,0,"",""
ball,2,15.3,Canada,A Bagai,R Gunasekera,AR Cusack,1,0,"",""
ball,2,15.4,Canada,R Gunasekera,A Bagai,AR Cusack,0,0,caught,R Gunasekera
ball,2,15.5,Canada,A Bagai,AS Hansra,AR Cusack,1,0,"",""
ball,2,15.6,Canada,AS Hansra,A Bagai,AR Cusack,1,0,"",""
ball,2,16.1,Canada,AS Hansra,A Bagai,DT Johnston,2,0,"",""
ball,2,16.2,Canada,AS Hansra,A Bagai,DT Johnston,1,0,"",""
ball,2,16.3,Canada,A Bagai,AS Hansra,DT Johnston,1,0,"",""
ball,2,16.4,Canada,AS Hansra,A Bagai,DT Johnston,2,0,"",""
ball,2,16.5,Canada,AS Hansra,A Bagai,DT Johnston,1,0,"",""
ball,2,16.6,Canada,A Bagai,AS Hansra,DT Johnston,0,1,"",""
ball,2,17.1,Canada,A Bagai,AS Hansra,GH Dockrell,1,0,"",""
ball,2,17.2,Canada,AS Hansra,A Bagai,GH Dockrell,1,0,"",""
ball,2,17.3,Canada,A Bagai,AS Hansra,GH Dockrell,2,0,"",""
ball,2,17.4,Canada,A Bagai,AS Hansra,GH Dockrell,2,0,"",""
ball,2,17.5,Canada,A Bagai,AS Hansra,GH Dockrell,3,0,"",""
ball,2,17.6,Canada,AS Hansra,A Bagai,GH Dockrell,1,0,"",""
ball,2,18.1,Canada,AS Hansra,A Bagai,DT Johnston,1,0,"",""
ball,2,18.2,Canada,A Bagai,AS Hansra,DT Johnston,0,0,"",""
ball,2,18.3,Canada,A Bagai,AS Hansra,DT Johnston,1,0,"",""
ball,2,18.4,Canada,AS Hansra,A Bagai,DT Johnston,3,0,"",""
ball,2,18.5,Canada,A Bagai,AS Hansra,DT Johnston,4,0,"",""
ball,2,18.6,Canada,A Bagai,AS Hansra,DT Johnston,1,0,"",""
ball,2,19.1,Canada,A Bagai,AS Hansra,AR Cusack,0,0,"",""
ball,2,19.2,Canada,A Bagai,AS Hansra,AR Cusack,1,0,"",""
ball,2,19.3,Canada,AS Hansra,A Bagai,AR Cusack,6,0,"",""
ball,2,19.4,Canada,AS Hansra,A Bagai,AR Cusack,1,0,"",""
ball,2,19.5,Canada,A Bagai,AS Hansra,AR Cusack,1,0,"",""
ball,2,19.6,Canada,AS Hansra,A Bagai,AR Cusack,2,0,"",""
