version,1.3.0
info,team,Sri Lanka
info,team,New Zealand
info,gender,male
info,season,2013/14
info,date,2013/11/21
info,series,New Zealand in Sri Lanka T20I Series
info,match_number,2
info,venue,Pallekele International Cricket Stadium
info,city,
info,toss_winner,Sri Lanka
info,toss_decision,field
info,player_of_match,MDKJ Perera
info,umpire,RSA Palliyaguruge
info,umpire,RR Wimalasiri
info,reserve_umpire,MSK Nandiweera
info,tv_umpire,TH Wijewardene
info,match_referee,BC Broad
info,winner,Sri Lanka
info,winner_wickets,8
ball,1,0.1,New Zealand,HD Rutherford,AP Devcich,SL Malinga,0,0,"",""
ball,1,0.2,New Zealand,HD Rutherford,AP Devcich,SL Malinga,0,0,"",""
ball,1,0.3,New Zealand,HD Rutherford,AP Devcich,SL Malinga,3,0,"",""
ball,1,0.4,New Zealand,AP Devcich,HD Rutherford,SL Malinga,0,0,"",""
ball,1,0.5,New Zealand,AP Devcich,HD Rutherford,SL Malinga,0,0,"",""
ball,1,0.6,New Zealand,AP Devcich,HD Rutherford,SL Malinga,0,0,"",""
ball,1,1.1,New Zealand,HD Rutherford,AP Devcich,KMDN Kulasekara,0,0,caught,HD Rutherford
ball,1,1.2,New Zealand,NT Broom,AP Devcich,KMDN Kulasekara,0,0,"",""
ball,1,1.3,New Zealand,NT Broom,AP Devcich,KMDN Kulasekara,3,0,"",""
ball,1,1.4,New Zealand,AP Devcich,NT Broom,KMDN Kulasekara,1,0,"",""
ball,1,1.5,New Zealand,NT Broom,AP Devcich,KMDN Kulasekara,1,0,"",""
ball,1,1.6,New Zealand,AP Devcich,NT Broom,KMDN Kulasekara,4,0,"",""
ball,1,2.1,New Zealand,NT Broom,AP Devcich,AD Mathews,0,0,"",""
ball,1,2.2,New Zealand,NT Broom,AP Devcich,AD Mathews,2,0,"",""
ball,1,2.3,New Zealand,NT Broom,AP Devcich,AD Mathews,0,0,caught,NT Broom
ball,1,2.4,New Zealand,AP Devcich,TWM Latham,AD Mathews,4,0,"",""
ball,1,2.5,New Zealand,AP Devcich,TWM Latham,AD Mathews,0,0,"",""
ball,1,2.6,New Zealand,AP Devcich,TWM Latham,AD Mathews,0,0,"",""
ball,1,3.1,New Zealand,TWM Latham,AP Devcich,KMDN Kulasekara,0,0,"",""
ball,1,3.2,New Zealand,TWM Latham,AP Devcich,KMDN Kulasekara,0,0,"",""
ball,1,3.3,New Zealand,TWM Latham,AP Devcich,KMDN Kulasekara,0,0,"",""
ball,1,3.4,New Zealand,TWM Latham,AP Devcich,KMDN Kulasekara,1,0,"",""
ball,1,3.5,New Zealand,AP Devcich,TWM Latham,KMDN Kulasekara,0,1,"",""
ball,1,3.6,New Zealand,TWM Latham,AP Devcich,KMDN Kulasekara,1,0,"",""
ball,1,4.1,New Zealand,TWM Latham,AP Devcich,RLB Rambukwella,1,0,"",""
ball,1,4.2,New Zealand,AP Devcich,TWM Latham,RLB Rambukwella,0,0,"",""
ball,1,4.3,New Zealand,AP Devcich,TWM Latham,RLB Rambukwella,1,0,"",""
ball,1,4.4,New Zealand,TWM Latham,AP Devcich,RLB Rambukwella,1,0,"",""
ball,1,4.5,New Zealand,AP Devcich,TWM Latham,RLB Rambukwella,4,0,"",""
ball,1,4.6,New Zealand,AP Devcich,TWM Latham,RLB Rambukwella,0,0,"",""
ball,1,5.1,New Zealand,TWM Latham,AP Devcich,SL Malinga,1,0,"",""
ball,1,5.2,New Zealand,AP Devcich,TWM Latham,SL Malinga,6,0,"",""
ball,1,5.3,New Zealand,AP Devcich,TWM Latham,SL Malinga,0,0,"",""
ball,1,5.4,New Zealand,AP Devcich,TWM Latham,SL Malinga,4,0,"",""
ball,1,5.5,New Zealand,AP Devcich,TWM Latham,SL Malinga,0,0,"",""
ball,1,5.6,New Zealand,AP Devcich,TWM Latham,SL Malinga,3,0,"",""
ball,1,6.1,New Zealand,AP Devcich,TWM Latham,RLB Rambukwella,1,0,"",""
ball,1,6.2,New Zealand,TWM Latham,AP Devcich,RLB Rambukwella,0,0,"",""
ball,1,6.3,New Zealand,TWM Latham,AP Devcich,RLB Rambukwella,1,0,"",""
ball,1,6.4,New Zealand,AP Devcich,TWM Latham,RLB Rambukwella,0,0,"",""
ball,1,6.5,New Zealand,AP Devcich,TWM Latham,RLB Rambukwella,1,0,"",""
ball,1,6.6,New Zealand,TWM Latham,AP Devcich,RLB Rambukwella,1,0,"",""
ball,1,7.1,New Zealand,TWM Latham,AP Devcich,BAW Mendis,1,0,"",""
ball,1,7.2,New Zealand,AP Devcich,TWM Latham,BAW Mendis,1,0,"",""
ball,1,7.3,New Zealand,TWM Latham,AP Devcich,BAW Mendis,1,0,"",""
ball,1,7.4,New Zealand,AP Devcich,TWM Latham,BAW Mendis,0,0,caught,AP Devcich
ball,1,7.5,New Zealand,TWM Latham,C Munro,BAW Mendis,1,0,"",""
ball,1,7.6,New Zealand,C Munro,TWM Latham,BAW Mendis,0,0,"",""
ball,1,8.1,New Zealand,TWM Latham,C Munro,RLB Rambukwella,2,0,"",""
ball,1,8.2,New Zealand,TWM Latham,C Munro,RLB Rambukwella,0,0,"",""
ball,1,8.3,New Zealand,TWM Latham,C Munro,RLB Rambukwella,1,0,"",""
ball,1,8.4,New Zealand,C Munro,TWM Latham,RLB Rambukwella,0,0,"",""
ball,1,8.5,New Zealand,C Munro,TWM Latham,RLB Rambukwella,1,0,"",""
ball,1,8.6,New Zealand,TWM Latham,C Munro,RLB Rambukwella,1,0,"",""
ball,1,9.1,New Zealand,TWM Latham,C Munro,TM Dilshan,0,0,"",""
ball,1,9.2,New Zealand,TWM Latham,C Munro,TM Dilshan,0,0,"",""
ball,1,9.3,New Zealand,TWM Latham,C Munro,TM Dilshan,1,0,"",""
ball,1,9.4,New Zealand,C Munro,TWM Latham,TM Dilshan,1,0,"",""
ball,1,9.5,New Zealand,TWM Latham,C Munro,TM Dilshan,4,0,"",""
ball,1,9.6,New Zealand,TWM Latham,C Munro,TM Dilshan,1,0,"",""
ball,1,10.1,New Zealand,TWM Latham,C Munro,RLB Rambukwella,0,0,caught,TWM Latham
ball,1,10.2,New Zealand,L Ronchi,C Munro,RLB Rambukwella,0,0,"",""
ball,1,10.3,New Zealand,L Ronchi,C Munro,RLB Rambukwella,1,0,"",""
ball,1,10.4,New Zealand,C Munro,L Ronchi,RLB Rambukwella,1,0,"",""
ball,1,10.5,New Zealand,L Ronchi,C Munro,RLB Rambukwella,1,0,"",""
ball,1,10.6,New Zealand,C Munro,L Ronchi,RLB Rambukwella,0,0,"",""
ball,1,11.1,New Zealand,L Ronchi,C Munro,BAW Mendis,1,0,"",""
ball,1,11.2,New Zealand,C Munro,L Ronchi,BAW Mendis,0,0,"",""
ball,1,11.3,New Zealand,C Munro,L Ronchi,BAW Mendis,0,0,"",""
ball,1,11.4,New Zealand,C Munro,L Ronchi,BAW Mendis,1,0,"",""
ball,1,11.5,New Zealand,L Ronchi,C Munro,BAW Mendis,1,0,"",""
ball,1,11.6,New Zealand,C Munro,L Ronchi,BAW Mendis,1,0,"",""
ball,1,12.1,New Zealand,C Munro,L Ronchi,AD Mathews,1,0,"",""
ball,1,12.2,New Zealand,L Ronchi,C Munro,AD Mathews,1,0,"",""
ball,1,12.3,New Zealand,C Munro,L Ronchi,AD Mathews,0,0,"",""
ball,1,12.4,New Zealand,C Munro,L Ronchi,AD Mathews,4,0,"",""
ball,1,12.5,New Zealand,C Munro,L Ronchi,AD Mathews,4,0,"",""
ball,1,12.6,New Zealand,C Munro,L Ronchi,AD Mathews,1,0,"",""
ball,1,13.1,New Zealand,C Munro,L Ronchi,BAW Mendis,1,0,"",""
ball,1,13.2,New Zealand,L Ronchi,C Munro,BAW Mendis,4,0,"",""
ball,1,13.3,New Zealand,L Ronchi,C Munro,BAW Mendis,4,0,"",""
ball,1,13.4,New Zealand,L Ronchi,C Munro,BAW Mendis,1,0,"",""
ball,1,13.5,New Zealand,C Munro,L Ronchi,BAW Mendis,1,0,"",""
ball,1,13.6,New Zealand,L Ronchi,C Munro,BAW Mendis,1,0,"",""
ball,1,14.1,New Zealand,L Ronchi,C Munro,NLTC Perera,0,0,"",""
ball,1,14.2,New Zealand,L Ronchi,C Munro,NLTC Perera,1,0,"",""
ball,1,14.3,New Zealand,C Munro,L Ronchi,NLTC Perera,0,0,"",""
ball,1,14.4,New Zealand,C Munro,L Ronchi,NLTC Perera,0,0,caught,C Munro
ball,1,14.5,New Zealand,L Ronchi,NL McCullum,NLTC Perera,1,0,"",""
ball,1,14.6,New Zealand,NL McCullum,L Ronchi,NLTC Perera,0,0,"",""
ball,1,15.1,New Zealand,L Ronchi,NL McCullum,KMDN Kulasekara,1,0,"",""
ball,1,15.2,New Zealand,NL McCullum,L Ronchi,KMDN Kulasekara,0,0,"",""
ball,1,15.3,New Zealand,NL McCullum,L Ronchi,KMDN Kulasekara,4,0,"",""
ball,1,15.4,New Zealand,NL McCullum,L Ronchi,KMDN Kulasekara,0,0,"",""
ball,1,15.5,New Zealand,NL McCullum,L Ronchi,KMDN Kulasekara,1,0,"",""
ball,1,15.6,New Zealand,L Ronchi,NL McCullum,KMDN Kulasekara,1,0,"",""
ball,1,16.1,New Zealand,L Ronchi,NL McCullum,NLTC Perera,1,0,"",""
ball,1,16.2,New Zealand,NL McCullum,L Ronchi,NLTC Perera,0,1,"",""
ball,1,16.3,New Zealand,L Ronchi,NL McCullum,NLTC Perera,6,0,"",""
ball,1,16.4,New Zealand,L Ronchi,NL McCullum,NLTC Perera,0,0,"",""
ball,1,16.5,New Zealand,L Ronchi,NL McCullum,NLTC Perera,0,0,"",""
ball,1,16.6,New Zealand,L Ronchi,NL McCullum,NLTC Perera,4,0,"",""
ball,1,17.1,New Zealand,NL McCullum,L Ronchi,SL Malinga,2,0,"",""
ball,1,17.2,New Zealand,NL McCullum,L Ronchi,SL Malinga,2,0,"",""
ball,1,17.3,New Zealand,NL McCullum,L Ronchi,SL Malinga,2,0,"",""
ball,1,17.4,New Zealand,NL McCullum,L Ronchi,SL Malinga,1,0,"",""
ball,1,17.5,New Zealand,L Ronchi,NL McCullum,SL Malinga,1,0,"",""
ball,1,17.6,New Zealand,NL McCullum,L Ronchi,SL Malinga,2,0,"",""
ball,1,18.1,New Zealand,L Ronchi,NL McCullum,KMDN Kulasekara,1,0,"",""
ball,1,18.2,New Zealand,NL McCullum,L Ronchi,KMDN Kulasekara,1,0,"",""
ball,1,18.3,New Zealand,L Ronchi,NL McCullum,KMDN Kulasekara,1,0,"",""
ball,1,18.4,New Zealand,NL McCullum,L Ronchi,KMDN Kulasekara,4,0,"",""
ball,1,18.5,New Zealand,NL McCullum,L Ronchi,KMDN Kulasekara,4,0,"",""
ball,1,18.6,New Zealand,NL McCullum,L Ronchi,KMDN Kulasekara,2,0,"",""
ball,1,19.1,New Zealand,L Ronchi,NL McCullum,SL Malinga,0,0,"",""
ball,1,19.2,New Zealand,L Ronchi,NL McCullum,SL Malinga,1,0,"",""
ball,1,19.3,New Zealand,NL McCullum,L Ronchi,SL Malinga,1,0,run out,NL McCullum
ball,1,19.4,New Zealand,RJ Nicol,L Ronchi,SL Malinga,2,0,"",""
ball,1,19.5,New Zealand,RJ Nicol,L Ronchi,SL Malinga,0,0,lbw,RJ Nicol
ball,1,19.6,New Zealand,AM Ellis,L Ronchi,SL Malinga,2,0,"",""
ball,2,0.1,Sri Lanka,DPMD Jayawardene,TM Dilshan,KD Mills,0,1,"",""
ball,2,0.2,Sri Lanka,DPMD Jayawardene,TM Dilshan,KD Mills,0,0,"",""
ball,2,0.3,Sri Lanka,DPMD Jayawardene,TM Dilshan,KD Mills,3,0,"",""
ball,2,0.4,Sri Lanka,TM Dilshan,DPMD Jayawardene,KD Mills,0,0,"",""
ball,2,0.5,Sri Lanka,TM Dilshan,DPMD Jayawardene,KD Mills,0,0,"",""
ball,2,0.6,Sri Lanka,TM Dilshan,DPMD Jayawardene,KD Mills,0,0,"",""
ball,2,0.7,Sri Lanka,TM Dilshan,DPMD Jayawardene,KD Mills,4,0,"",""
ball,2,1.1,Sri Lanka,DPMD Jayawardene,TM Dilshan,MJ McClenaghan,0,0,"",""
ball,2,1.2,Sri Lanka,DPMD Jayawardene,TM Dilshan,MJ McClenaghan,0,0,lbw,DPMD Jayawardene
ball,2,1.3,Sri Lanka,MDKJ Perera,TM Dilshan,MJ McClenaghan,0,0,"",""
ball,2,1.4,Sri Lanka,MDKJ Perera,TM Dilshan,MJ McClenaghan,6,0,"",""
ball,2,1.5,Sri Lanka,MDKJ Perera,TM Dilshan,MJ McClenaghan,0,0,"",""
ball,2,1.6,Sri Lanka,MDKJ Perera,TM Dilshan,MJ McClenaghan,1,0,"",""
ball,2,2.1,Sri Lanka,MDKJ Perera,TM Dilshan,KD Mills,4,0,"",""
ball,2,2.2,Sri Lanka,MDKJ Perera,TM Dilshan,KD Mills,0,0,"",""
ball,2,2.3,Sri Lanka,MDKJ Perera,TM Dilshan,KD Mills,0,0,"",""
ball,2,2.4,Sri Lanka,MDKJ Perera,TM Dilshan,KD Mills,6,0,"",""
ball,2,2.5,Sri Lanka,MDKJ Perera,TM Dilshan,KD Mills,4,0,"",""
ball,2,2.6,Sri Lanka,MDKJ Perera,TM Dilshan,KD Mills,0,0,"",""
ball,2,3.1,Sri Lanka,TM Dilshan,MDKJ Perera,MJ McClenaghan,1,0,"",""
ball,2,3.2,Sri Lanka,MDKJ Perera,TM Dilshan,MJ McClenaghan,0,0,"",""
ball,2,3.3,Sri Lanka,MDKJ Perera,TM Dilshan,MJ McClenaghan,0,0,"",""
ball,2,3.4,Sri Lanka,MDKJ Perera,TM Dilshan,MJ McClenaghan,4,0,"",""
ball,2,3.5,Sri Lanka,MDKJ Perera,TM Dilshan,MJ McClenaghan,2,0,"",""
ball,2,3.6,Sri Lanka,MDKJ Perera,TM Dilshan,MJ McClenaghan,4,0,"",""
ball,2,4.1,Sri Lanka,TM Dilshan,MDKJ Perera,NL McCullum,0,0,"",""
ball,2,4.2,Sri Lanka,TM Dilshan,MDKJ Perera,NL McCullum,1,0,"",""
ball,2,4.3,Sri Lanka,MDKJ Perera,TM Dilshan,NL McCullum,1,0,"",""
ball,2,4.4,Sri Lanka,TM Dilshan,MDKJ Perera,NL McCullum,0,0,"",""
ball,2,4.5,Sri Lanka,TM Dilshan,MDKJ Perera,NL McCullum,4,0,"",""
ball,2,4.6,Sri Lanka,TM Dilshan,MDKJ Perera,NL McCullum,0,0,"",""
ball,2,5.1,Sri Lanka,MDKJ Perera,TM Dilshan,AM Ellis,1,0,"",""
ball,2,5.2,Sri Lanka,TM Dilshan,MDKJ Perera,AM Ellis,4,0,"",""
ball,2,5.3,Sri Lanka,TM Dilshan,MDKJ Perera,AM Ellis,0,0,"",""
ball,2,5.4,Sri Lanka,TM Dilshan,MDKJ Perera,AM Ellis,1,0,"",""
ball,2,5.5,Sri Lanka,MDKJ Perera,TM Dilshan,AM Ellis,1,0,"",""
ball,2,5.6,Sri Lanka,TM Dilshan,MDKJ Perera,AM Ellis,1,0,"",""
ball,2,6.1,Sri Lanka,TM Dilshan,MDKJ Perera,AP Devcich,1,0,"",""
ball,2,6.2,Sri Lanka,MDKJ Perera,TM Dilshan,AP Devcich,1,0,"",""
ball,2,6.3,Sri Lanka,TM Dilshan,MDKJ Perera,AP Devcich,1,0,"",""
ball,2,6.4,Sri Lanka,MDKJ Perera,TM Dilshan,AP Devcich,1,0,"",""
ball,2,6.5,Sri Lanka,TM Dilshan,MDKJ Perera,AP Devcich,0,0,"",""
ball,2,6.6,Sri Lanka,TM Dilshan,MDKJ Perera,AP Devcich,0,2,"",""
ball,2,7.1,Sri Lanka,MDKJ Perera,TM Dilshan,NL McCullum,1,0,"",""
ball,2,7.2,Sri Lanka,TM Dilshan,MDKJ Perera,NL McCullum,1,0,"",""
ball,2,7.3,Sri Lanka,MDKJ Perera,TM Dilshan,NL McCullum,1,0,"",""
ball,2,7.4,Sri Lanka,TM Dilshan,MDKJ Perera,NL McCullum,1,0,"",""
ball,2,7.5,Sri Lanka,MDKJ Perera,TM Dilshan,NL McCullum,1,0,"",""
ball,2,7.6,Sri Lanka,TM Dilshan,MDKJ Perera,NL McCullum,1,0,"",""
ball,2,8.1,Sri Lanka,TM Dilshan,MDKJ Perera,AP Devcich,1,0,"",""
ball,2,8.2,Sri Lanka,MDKJ Perera,TM Dilshan,AP Devcich,2,0,"",""
ball,2,8.3,Sri Lanka,MDKJ Perera,TM Dilshan,AP Devcich,0,0,"",""
ball,2,8.4,Sri Lanka,MDKJ Perera,TM Dilshan,AP Devcich,1,0,"",""
ball,2,8.5,Sri Lanka,TM Dilshan,MDKJ Perera,AP Devcich,0,0,"",""
ball,2,8.6,Sri Lanka,TM Dilshan,MDKJ Perera,AP Devcich,0,0,"",""
ball,2,9.1,Sri Lanka,MDKJ Perera,TM Dilshan,MJ McClenaghan,1,0,"",""
ball,2,9.2,Sri Lanka,TM Dilshan,MDKJ Perera,MJ McClenaghan,2,0,"",""
ball,2,9.3,Sri Lanka,TM Dilshan,MDKJ Perera,MJ McClenaghan,1,0,"",""
ball,2,9.4,Sri Lanka,MDKJ Perera,TM Dilshan,MJ McClenaghan,4,0,"",""
ball,2,9.5,Sri Lanka,MDKJ Perera,TM Dilshan,MJ McClenaghan,1,0,"",""
ball,2,9.6,Sri Lanka,TM Dilshan,MDKJ Perera,MJ McClenaghan,1,0,"",""
ball,2,10.1,Sri Lanka,TM Dilshan,MDKJ Perera,RJ Nicol,1,0,"",""
ball,2,10.2,Sri Lanka,MDKJ Perera,TM Dilshan,RJ Nicol,1,0,"",""
ball,2,10.3,Sri Lanka,TM Dilshan,MDKJ Perera,RJ Nicol,4,0,"",""
ball,2,10.4,Sri Lanka,TM Dilshan,MDKJ Perera,RJ Nicol,1,0,"",""
ball,2,10.5,Sri Lanka,MDKJ Perera,TM Dilshan,RJ Nicol,1,0,"",""
ball,2,10.6,Sri Lanka,TM Dilshan,MDKJ Perera,RJ Nicol,0,0,"",""
ball,2,11.1,Sri Lanka,MDKJ Perera,TM Dilshan,NL McCullum,1,0,"",""
ball,2,11.2,Sri Lanka,TM Dilshan,MDKJ Perera,NL McCullum,4,0,"",""
ball,2,11.3,Sri Lanka,TM Dilshan,MDKJ Perera,NL McCullum,1,0,"",""
ball,2,11.4,Sri Lanka,MDKJ Perera,TM Dilshan,NL McCullum,4,0,"",""
ball,2,11.5,Sri Lanka,MDKJ Perera,TM Dilshan,NL McCullum,1,0,"",""
ball,2,11.6,Sri Lanka,TM Dilshan,MDKJ Perera,NL McCullum,1,0,"",""
ball,2,12.1,Sri Lanka,TM Dilshan,MDKJ Perera,KD Mills,0,0,"",""
ball,2,12.2,Sri Lanka,TM Dilshan,MDKJ Perera,KD Mills,0,0,"",""
ball,2,12.3,Sri Lanka,TM Dilshan,MDKJ Perera,KD Mills,1,0,"",""
ball,2,12.4,Sri Lanka,MDKJ Perera,TM Dilshan,KD Mills,0,0,"",""
ball,2,12.5,Sri Lanka,MDKJ Perera,TM Dilshan,KD Mills,1,0,"",""
ball,2,12.6,Sri Lanka,TM Dilshan,MDKJ Perera,KD Mills,2,0,"",""
ball,2,13.1,Sri Lanka,MDKJ Perera,TM Dilshan,RJ Nicol,0,0,caught and bowled,MDKJ Perera
ball,2,13.2,Sri Lanka,TM Dilshan,KC Sangakkara,RJ Nicol,1,0,"",""
ball,2,13.3,Sri Lanka,KC Sangakkara,TM Dilshan,RJ Nicol,0,0,"",""
ball,2,13.4,Sri Lanka,KC Sangakkara,TM Dilshan,RJ Nicol,1,0,"",""
ball,2,13.5,Sri Lanka,TM Dilshan,KC Sangakkara,RJ Nicol,4,0,"",""
ball,2,13.6,Sri Lanka,TM Dilshan,KC Sangakkara,RJ Nicol,4,0,"",""
ball,2,14.1,Sri Lanka,KC Sangakkara,TM Dilshan,AM Ellis,0,0,"",""
ball,2,14.2,Sri Lanka,KC Sangakkara,TM Dilshan,AM Ellis,1,0,"",""
ball,2,14.3,Sri Lanka,TM Dilshan,KC Sangakkara,AM Ellis,4,0,"",""
ball,2,14.4,Sri Lanka,TM Dilshan,KC Sangakkara,AM Ellis,0,0,"",""
ball,2,14.5,Sri Lanka,TM Dilshan,KC Sangakkara,AM Ellis,1,0,"",""
ball,2,14.6,Sri Lanka,KC Sangakkara,TM Dilshan,AM Ellis,1,0,"",""
ball,2,15.1,Sri Lanka,KC Sangakkara,TM Dilshan,MJ McClenaghan,1,0,"",""
ball,2,15.2,Sri Lanka,TM Dilshan,KC Sangakkara,MJ McClenaghan,1,0,"",""
ball,2,15.3,Sri Lanka,KC Sangakkara,TM Dilshan,MJ McClenaghan,2,0,"",""
ball,2,15.4,Sri Lanka,KC Sangakkara,TM Dilshan,MJ McClenaghan,1,0,"",""
ball,2,15.5,Sri Lanka,TM Dilshan,KC Sangakkara,MJ McClenaghan,1,0,"",""
ball,2,15.6,Sri Lanka,KC Sangakkara,TM Dilshan,MJ McClenaghan,0,0,"",""
ball,2,16.1,Sri Lanka,TM Dilshan,KC Sangakkara,AP Devcich,1,0,"",""
ball,2,16.2,Sri Lanka,KC Sangakkara,TM Dilshan,AP Devcich,1,0,"",""
ball,2,16.3,Sri Lanka,TM Dilshan,KC Sangakkara,AP Devcich,0,1,"",""
ball,2,16.4,Sri Lanka,KC Sangakkara,TM Dilshan,AP Devcich,1,0,"",""
ball,2,16.5,Sri Lanka,TM Dilshan,KC Sangakkara,AP Devcich,1,0,"",""
ball,2,16.6,Sri Lanka,KC Sangakkara,TM Dilshan,AP Devcich,1,0,"",""
ball,2,17.1,Sri Lanka,KC Sangakkara,TM Dilshan,NL McCullum,0,0,"",""
ball,2,17.2,Sri Lanka,KC Sangakkara,TM Dilshan,NL McCullum,2,0,"",""
ball,2,17.3,Sri Lanka,KC Sangakkara,TM Dilshan,NL McCullum,2,0,"",""
ball,2,17.4,Sri Lanka,KC Sangakkara,TM Dilshan,NL McCullum,4,0,"",""
ball,2,17.5,Sri Lanka,KC Sangakkara,TM Dilshan,NL McCullum,2,0,"",""
