version,1.3.0
info,team,England
info,team,Netherlands
info,gender,male
info,season,2013/14
info,date,2014/03/31
info,competition,World T20
info,match_number,29
info,venue,Zahur Ahmed Chowdhury Stadium
info,city,Chittagong
info,neutralvenue,true
info,toss_winner,England
info,toss_decision,field
info,player_of_match,Mudassar Bukhari
info,umpire,SJ Davis
info,umpire,BNJ Oxenford
info,reserve_umpire,RJ Tucker
info,tv_umpire,Aleem Dar
info,match_referee,DC Boon
info,winner,Netherlands
info,winner_runs,45
ball,1,0.1,Netherlands,MR Swart,SJ Myburgh,MM Ali,1,0,"",""
ball,1,0.2,Netherlands,SJ Myburgh,MR Swart,MM Ali,4,0,"",""
ball,1,0.3,Netherlands,SJ Myburgh,MR Swart,MM Ali,4,0,"",""
ball,1,0.4,Netherlands,SJ Myburgh,MR Swart,MM Ali,0,0,"",""
ball,1,0.5,Netherlands,SJ Myburgh,MR Swart,MM Ali,4,0,"",""
ball,1,0.6,Netherlands,SJ Myburgh,MR Swart,MM Ali,0,0,"",""
ball,1,1.1,Netherlands,MR Swart,SJ Myburgh,TT Bresnan,0,0,"",""
ball,1,1.2,Netherlands,MR Swart,SJ Myburgh,TT Bresnan,0,0,"",""
ball,1,1.3,Netherlands,MR Swart,SJ Myburgh,TT Bresnan,0,0,"",""
ball,1,1.4,Netherlands,MR Swart,SJ Myburgh,TT Bresnan,4,0,"",""
ball,1,1.5,Netherlands,MR Swart,SJ Myburgh,TT Bresnan,1,0,"",""
ball,1,1.6,Netherlands,SJ Myburgh,MR Swart,TT Bresnan,0,0,"",""
ball,1,2.1,Netherlands,MR Swart,SJ Myburgh,CJ Jordan,0,1,"",""
ball,1,2.2,Netherlands,MR Swart,SJ Myburgh,CJ Jordan,0,0,"",""
ball,1,2.3,Netherlands,MR Swart,SJ Myburgh,CJ Jordan,4,0,"",""
ball,1,2.4,Netherlands,MR Swart,SJ Myburgh,CJ Jordan,0,0,"",""
ball,1,2.5,Netherlands,MR Swart,SJ Myburgh,CJ Jordan,1,0,"",""
ball,1,2.6,Netherlands,SJ Myburgh,MR Swart,CJ Jordan,4,0,"",""
ball,1,2.7,Netherlands,SJ Myburgh,MR Swart,CJ Jordan,0,4,"",""
ball,1,3.1,Netherlands,MR Swart,SJ Myburgh,SCJ Broad,0,0,"",""
ball,1,3.2,Netherlands,MR Swart,SJ Myburgh,SCJ Broad,2,0,"",""
ball,1,3.3,Netherlands,MR Swart,SJ Myburgh,SCJ Broad,0,0,"",""
ball,1,3.4,Netherlands,MR Swart,SJ Myburgh,SCJ Broad,0,0,"",""
ball,1,3.5,Netherlands,MR Swart,SJ Myburgh,SCJ Broad,0,0,caught,MR Swart
ball,1,3.6,Netherlands,W Barresi,SJ Myburgh,SCJ Broad,0,0,"",""
ball,1,4.1,Netherlands,SJ Myburgh,W Barresi,JC Tredwell,1,0,"",""
ball,1,4.2,Netherlands,W Barresi,SJ Myburgh,JC Tredwell,1,0,"",""
ball,1,4.3,Netherlands,SJ Myburgh,W Barresi,JC Tredwell,0,3,"",""
ball,1,4.4,Netherlands,W Barresi,SJ Myburgh,JC Tredwell,4,0,"",""
ball,1,4.5,Netherlands,W Barresi,SJ Myburgh,JC Tredwell,0,0,"",""
ball,1,4.6,Netherlands,W Barresi,SJ Myburgh,JC Tredwell,0,0,"",""
ball,1,5.1,Netherlands,SJ Myburgh,W Barresi,SCJ Broad,0,0,"",""
ball,1,5.2,Netherlands,SJ Myburgh,W Barresi,SCJ Broad,0,0,"",""
ball,1,5.3,Netherlands,SJ Myburgh,W Barresi,SCJ Broad,4,0,"",""
ball,1,5.4,Netherlands,SJ Myburgh,W Barresi,SCJ Broad,0,0,"",""
ball,1,5.5,Netherlands,SJ Myburgh,W Barresi,SCJ Broad,0,0,"",""
ball,1,5.6,Netherlands,SJ Myburgh,W Barresi,SCJ Broad,0,0,"",""
ball,1,6.1,Netherlands,W Barresi,SJ Myburgh,JC Tredwell,1,0,"",""
ball,1,6.2,Netherlands,SJ Myburgh,W Barresi,JC Tredwell,1,0,"",""
ball,1,6.3,Netherlands,W Barresi,SJ Myburgh,JC Tredwell,1,0,"",""
ball,1,6.4,Netherlands,SJ Myburgh,W Barresi,JC Tredwell,1,0,"",""
ball,1,6.5,Netherlands,W Barresi,SJ Myburgh,JC Tredwell,1,0,"",""
ball,1,6.6,Netherlands,SJ Myburgh,W Barresi,JC Tredwell,0,0,"",""
ball,1,7.1,Netherlands,W Barresi,SJ Myburgh,SD Parry,6,0,"",""
ball,1,7.2,Netherlands,W Barresi,SJ Myburgh,SD Parry,1,0,"",""
ball,1,7.3,Netherlands,SJ Myburgh,W Barresi,SD Parry,0,0,"",""
ball,1,7.4,Netherlands,SJ Myburgh,W Barresi,SD Parry,6,0,"",""
ball,1,7.5,Netherlands,SJ Myburgh,W Barresi,SD Parry,1,0,"",""
ball,1,7.6,Netherlands,W Barresi,SJ Myburgh,SD Parry,1,0,"",""
ball,1,8.1,Netherlands,W Barresi,SJ Myburgh,JC Tredwell,0,0,"",""
ball,1,8.2,Netherlands,W Barresi,SJ Myburgh,JC Tredwell,0,0,"",""
ball,1,8.3,Netherlands,W Barresi,SJ Myburgh,JC Tredwell,0,0,"",""
ball,1,8.4,Netherlands,W Barresi,SJ Myburgh,JC Tredwell,1,0,"",""
ball,1,8.5,Netherlands,SJ Myburgh,W Barresi,JC Tredwell,1,0,"",""
ball,1,8.6,Netherlands,W Barresi,SJ Myburgh,JC Tredwell,1,0,"",""
ball,1,9.1,Netherlands,W Barresi,SJ Myburgh,RS Bopara,2,0,"",""
ball,1,9.2,Netherlands,W Barresi,SJ Myburgh,RS Bopara,0,1,"",""
ball,1,9.3,Netherlands,SJ Myburgh,W Barresi,RS Bopara,1,0,"",""
ball,1,9.4,Netherlands,W Barresi,SJ Myburgh,RS Bopara,0,0,"",""
ball,1,9.5,Netherlands,W Barresi,SJ Myburgh,RS Bopara,1,0,"",""
ball,1,9.6,Netherlands,SJ Myburgh,W Barresi,RS Bopara,0,0,"",""
ball,1,10.1,Netherlands,W Barresi,SJ Myburgh,JC Tredwell,0,1,"",""
ball,1,10.2,Netherlands,W Barresi,SJ Myburgh,JC Tredwell,1,0,"",""
ball,1,10.3,Netherlands,SJ Myburgh,W Barresi,JC Tredwell,2,0,"",""
ball,1,10.4,Netherlands,SJ Myburgh,W Barresi,JC Tredwell,4,0,"",""
ball,1,10.5,Netherlands,SJ Myburgh,W Barresi,JC Tredwell,0,0,"",""
ball,1,10.6,Netherlands,SJ Myburgh,W Barresi,JC Tredwell,0,0,"",""
ball,1,10.7,Netherlands,SJ Myburgh,W Barresi,JC Tredwell,1,0,"",""
ball,1,11.1,Netherlands,SJ Myburgh,W Barresi,RS Bopara,0,0,caught,SJ Myburgh
ball,1,11.2,Netherlands,TLW Cooper,W Barresi,RS Bopara,0,0,"",""
ball,1,11.3,Netherlands,TLW Cooper,W Barresi,RS Bopara,0,1,"",""
ball,1,11.4,Netherlands,W Barresi,TLW Cooper,RS Bopara,1,0,"",""
ball,1,11.5,Netherlands,TLW Cooper,W Barresi,RS Bopara,1,0,"",""
ball,1,11.6,Netherlands,W Barresi,TLW Cooper,RS Bopara,0,0,"",""
ball,1,12.1,Netherlands,TLW Cooper,W Barresi,SD Parry,0,0,"",""
ball,1,12.2,Netherlands,TLW Cooper,W Barresi,SD Parry,1,0,"",""
ball,1,12.3,Netherlands,W Barresi,TLW Cooper,SD Parry,1,0,"",""
ball,1,12.4,Netherlands,TLW Cooper,W Barresi,SD Parry,1,0,"",""
ball,1,12.5,Netherlands,W Barresi,TLW Cooper,SD Parry,4,0,"",""
ball,1,12.6,Netherlands,W Barresi,TLW Cooper,SD Parry,1,0,"",""
ball,1,13.1,Netherlands,W Barresi,TLW Cooper,RS Bopara,1,0,"",""
ball,1,13.2,Netherlands,TLW Cooper,W Barresi,RS Bopara,0,0,"",""
ball,1,13.3,Netherlands,TLW Cooper,W Barresi,RS Bopara,1,0,"",""
ball,1,13.4,Netherlands,W Barresi,TLW Cooper,RS Bopara,0,0,"",""
ball,1,13.5,Netherlands,W Barresi,TLW Cooper,RS Bopara,2,0,"",""
ball,1,13.6,Netherlands,W Barresi,TLW Cooper,RS Bopara,1,0,"",""
ball,1,14.1,Netherlands,W Barresi,TLW Cooper,TT Bresnan,1,0,"",""
ball,1,14.2,Netherlands,TLW Cooper,W Barresi,TT Bresnan,1,0,"",""
ball,1,14.3,Netherlands,W Barresi,TLW Cooper,TT Bresnan,1,0,"",""
ball,1,14.4,Netherlands,TLW Cooper,W Barresi,TT Bresnan,1,0,"",""
ball,1,14.5,Netherlands,W Barresi,TLW Cooper,TT Bresnan,0,2,"",""
ball,1,14.6,Netherlands,TLW Cooper,W Barresi,TT Bresnan,0,0,"",""
ball,1,14.7,Netherlands,TLW Cooper,W Barresi,TT Bresnan,0,0,"",""
ball,1,15.1,Netherlands,W Barresi,TLW Cooper,RS Bopara,1,0,"",""
ball,1,15.2,Netherlands,TLW Cooper,W Barresi,RS Bopara,1,0,"",""
ball,1,15.3,Netherlands,W Barresi,TLW Cooper,RS Bopara,0,0,"",""
ball,1,15.4,Netherlands,W Barresi,TLW Cooper,RS Bopara,1,0,"",""
ball,1,15.5,Netherlands,TLW Cooper,W Barresi,RS Bopara,1,0,"",""
ball,1,15.6,Netherlands,W Barresi,TLW Cooper,RS Bopara,0,0,"",""
ball,1,16.1,Netherlands,TLW Cooper,W Barresi,SCJ Broad,0,0,caught,TLW Cooper
ball,1,16.2,Netherlands,W Barresi,PW Borren,SCJ Broad,0,0,"",""
ball,1,16.3,Netherlands,W Barresi,PW Borren,SCJ Broad,1,0,"",""
ball,1,16.4,Netherlands,PW Borren,W Barresi,SCJ Broad,0,0,"",""
ball,1,16.5,Netherlands,PW Borren,W Barresi,SCJ Broad,4,0,"",""
ball,1,16.6,Netherlands,PW Borren,W Barresi,SCJ Broad,0,0,"",""
ball,1,17.1,Netherlands,W Barresi,PW Borren,CJ Jordan,0,1,"",""
ball,1,17.2,Netherlands,PW Borren,W Barresi,CJ Jordan,1,0,"",""
ball,1,17.3,Netherlands,W Barresi,PW Borren,CJ Jordan,1,0,"",""
ball,1,17.4,Netherlands,PW Borren,W Barresi,CJ Jordan,0,0,"",""
ball,1,17.5,Netherlands,PW Borren,W Barresi,CJ Jordan,0,0,"",""
ball,1,17.6,Netherlands,PW Borren,W Barresi,CJ Jordan,0,0,"",""
ball,1,18.1,Netherlands,W Barresi,PW Borren,SCJ Broad,0,1,"",""
ball,1,18.2,Netherlands,W Barresi,PW Borren,SCJ Broad,2,0,"",""
ball,1,18.3,Netherlands,W Barresi,PW Borren,SCJ Broad,6,0,"",""
ball,1,18.4,Netherlands,W Barresi,PW Borren,SCJ Broad,1,0,"",""
ball,1,18.5,Netherlands,PW Borren,W Barresi,SCJ Broad,0,0,"",""
ball,1,18.6,Netherlands,PW Borren,W Barresi,SCJ Broad,2,0,"",""
ball,1,18.7,Netherlands,PW Borren,W Barresi,SCJ Broad,0,1,"",""
ball,1,18.8,Netherlands,PW Borren,W Barresi,SCJ Broad,0,0,caught,PW Borren
ball,1,19.1,Netherlands,W Barresi,Mudassar Bukhari,CJ Jordan,0,0,"",""
ball,1,19.2,Netherlands,W Barresi,Mudassar Bukhari,CJ Jordan,0,0,bowled,W Barresi
ball,1,19.3,Netherlands,BN Cooper,Mudassar Bukhari,CJ Jordan,0,0,"",""
ball,1,19.4,Netherlands,BN Cooper,Mudassar Bukhari,CJ Jordan,0,1,"",""
ball,1,19.5,Netherlands,Mudassar Bukhari,BN Cooper,CJ Jordan,0,0,"",""
ball,1,19.6,Netherlands,Mudassar Bukhari,BN Cooper,CJ Jordan,1,0,"",""
ball,2,0.1,England,AD Hales,MJ Lumb,MR Swart,0,0,"",""
ball,2,0.2,England,AD Hales,MJ Lumb,MR Swart,4,0,"",""
ball,2,0.3,England,AD Hales,MJ Lumb,MR Swart,0,0,"",""
ball,2,0.4,England,AD Hales,MJ Lumb,MR Swart,1,0,"",""
ball,2,0.5,England,MJ Lumb,AD Hales,MR Swart,3,0,"",""
ball,2,0.6,England,AD Hales,MJ Lumb,MR Swart,0,0,"",""
ball,2,1.1,England,MJ Lumb,AD Hales,T van der Gugten,1,0,"",""
ball,2,1.2,England,AD Hales,MJ Lumb,T van der Gugten,0,1,"",""
ball,2,1.3,England,AD Hales,MJ Lumb,T van der Gugten,1,0,"",""
ball,2,1.4,England,MJ Lumb,AD Hales,T van der Gugten,2,0,"",""
ball,2,1.5,England,MJ Lumb,AD Hales,T van der Gugten,0,0,"",""
ball,2,1.6,England,MJ Lumb,AD Hales,T van der Gugten,0,0,"",""
ball,2,1.7,England,MJ Lumb,AD Hales,T van der Gugten,0,0,"",""
ball,2,2.1,England,AD Hales,MJ Lumb,Mudassar Bukhari,0,0,"",""
ball,2,2.2,England,AD Hales,MJ Lumb,Mudassar Bukhari,4,0,"",""
ball,2,2.3,England,AD Hales,MJ Lumb,Mudassar Bukhari,0,0,"",""
ball,2,2.4,England,AD Hales,MJ Lumb,Mudassar Bukhari,1,0,"",""
ball,2,2.5,England,MJ Lumb,AD Hales,Mudassar Bukhari,0,0,"",""
ball,2,2.6,England,MJ Lumb,AD Hales,Mudassar Bukhari,0,0,caught,MJ Lumb
ball,2,3.1,England,AD Hales,MM Ali,T van der Gugten,0,0,"",""
ball,2,3.2,England,AD Hales,MM Ali,T van der Gugten,0,0,"",""
ball,2,3.3,England,AD Hales,MM Ali,T van der Gugten,0,0,"",""
ball,2,3.4,England,AD Hales,MM Ali,T van der Gugten,0,0,"",""
ball,2,3.5,England,AD Hales,MM Ali,T van der Gugten,0,0,"",""
ball,2,3.6,England,AD Hales,MM Ali,T van der Gugten,1,0,"",""
ball,2,4.1,England,AD Hales,MM Ali,Mudassar Bukhari,0,0,bowled,AD Hales
ball,2,4.2,England,EJG Morgan,MM Ali,Mudassar Bukhari,0,0,"",""
ball,2,4.3,England,EJG Morgan,MM Ali,Mudassar Bukhari,0,0,"",""
ball,2,4.4,England,EJG Morgan,MM Ali,Mudassar Bukhari,0,0,"",""
ball,2,4.5,England,EJG Morgan,MM Ali,Mudassar Bukhari,0,0,"",""
ball,2,4.6,England,EJG Morgan,MM Ali,Mudassar Bukhari,2,0,"",""
ball,2,5.1,England,MM Ali,EJG Morgan,T van der Gugten,0,0,"",""
ball,2,5.2,England,MM Ali,EJG Morgan,T van der Gugten,1,0,"",""
ball,2,5.3,England,EJG Morgan,MM Ali,T van der Gugten,0,0,"",""
ball,2,5.4,England,EJG Morgan,MM Ali,T van der Gugten,4,0,"",""
ball,2,5.5,England,EJG Morgan,MM Ali,T van der Gugten,0,0,caught,EJG Morgan
ball,2,5.6,England,JC Buttler,MM Ali,T van der Gugten,0,0,"",""
ball,2,6.1,England,MM Ali,JC Buttler,Mudassar Bukhari,0,0,"",""
ball,2,6.2,England,MM Ali,JC Buttler,Mudassar Bukhari,0,0,"",""
ball,2,6.3,England,MM Ali,JC Buttler,Mudassar Bukhari,1,0,"",""
ball,2,6.4,England,JC Buttler,MM Ali,Mudassar Bukhari,0,0,"",""
ball,2,6.5,England,JC Buttler,MM Ali,Mudassar Bukhari,0,0,"",""
ball,2,6.6,England,JC Buttler,MM Ali,Mudassar Bukhari,1,0,"",""
ball,2,7.1,England,JC Buttler,MM Ali,Ahsan Malik,0,0,"",""
ball,2,7.2,England,JC Buttler,MM Ali,Ahsan Malik,0,0,"",""
ball,2,7.3,England,JC Buttler,MM Ali,Ahsan Malik,0,0,"",""
ball,2,7.4,England,JC Buttler,MM Ali,Ahsan Malik,0,2,"",""
ball,2,7.5,England,JC Buttler,MM Ali,Ahsan Malik,1,0,"",""
ball,2,7.6,England,MM Ali,JC Buttler,Ahsan Malik,1,0,"",""
ball,2,8.1,England,MM Ali,JC Buttler,PW Borren,0,0,caught,MM Ali
ball,2,8.2,England,RS Bopara,JC Buttler,PW Borren,0,0,"",""
ball,2,8.3,England,RS Bopara,JC Buttler,PW Borren,1,0,"",""
ball,2,8.4,England,JC Buttler,RS Bopara,PW Borren,2,0,"",""
ball,2,8.5,England,JC Buttler,RS Bopara,PW Borren,1,0,"",""
ball,2,8.6,England,RS Bopara,JC Buttler,PW Borren,1,0,"",""
ball,2,9.1,England,RS Bopara,JC Buttler,LV van Beek,1,0,"",""
ball,2,9.2,England,JC Buttler,RS Bopara,LV van Beek,0,0,"",""
ball,2,9.3,England,JC Buttler,RS Bopara,LV van Beek,1,0,"",""
ball,2,9.4,England,RS Bopara,JC Buttler,LV van Beek,2,0,"",""
ball,2,9.5,England,RS Bopara,JC Buttler,LV van Beek,1,0,"",""
ball,2,9.6,England,JC Buttler,RS Bopara,LV van Beek,0,0,caught,JC Buttler
ball,2,10.1,England,RS Bopara,TT Bresnan,PM Seelaar,0,1,"",""
ball,2,10.2,England,RS Bopara,TT Bresnan,PM Seelaar,0,1,"",""
ball,2,10.3,England,RS Bopara,TT Bresnan,PM Seelaar,1,0,"",""
ball,2,10.4,England,TT Bresnan,RS Bopara,PM Seelaar,0,0,"",""
ball,2,10.5,England,TT Bresnan,RS Bopara,PM Seelaar,2,0,"",""
ball,2,10.6,England,TT Bresnan,RS Bopara,PM Seelaar,0,0,"",""
ball,2,10.7,England,TT Bresnan,RS Bopara,PM Seelaar,2,0,"",""
ball,2,10.8,England,TT Bresnan,RS Bopara,PM Seelaar,0,0,"",""
ball,2,11.1,England,RS Bopara,TT Bresnan,PW Borren,0,0,"",""
ball,2,11.2,England,RS Bopara,TT Bresnan,PW Borren,1,0,"",""
ball,2,11.3,England,TT Bresnan,RS Bopara,PW Borren,1,0,"",""
ball,2,11.4,England,RS Bopara,TT Bresnan,PW Borren,1,0,run out,TT Bresnan
ball,2,11.5,England,RS Bopara,CJ Jordan,PW Borren,1,0,"",""
ball,2,11.6,England,CJ Jordan,RS Bopara,PW Borren,1,0,"",""
ball,2,12.1,England,CJ Jordan,RS Bopara,Ahsan Malik,1,0,"",""
ball,2,12.2,England,RS Bopara,CJ Jordan,Ahsan Malik,1,0,"",""
ball,2,12.3,England,CJ Jordan,RS Bopara,Ahsan Malik,1,0,"",""
ball,2,12.4,England,RS Bopara,CJ Jordan,Ahsan Malik,1,0,"",""
ball,2,12.5,England,CJ Jordan,RS Bopara,Ahsan Malik,0,0,"",""
ball,2,12.6,England,CJ Jordan,RS Bopara,Ahsan Malik,1,0,"",""
ball,2,13.1,England,CJ Jordan,RS Bopara,PW Borren,1,0,"",""
ball,2,13.2,England,RS Bopara,CJ Jordan,PW Borren,1,0,"",""
ball,2,13.3,England,CJ Jordan,RS Bopara,PW Borren,1,0,"",""
ball,2,13.4,England,RS Bopara,CJ Jordan,PW Borren,1,0,"",""
ball,2,13.5,England,CJ Jordan,RS Bopara,PW Borren,2,0,"",""
ball,2,13.6,England,CJ Jordan,RS Bopara,PW Borren,2,0,"",""
ball,2,14.1,England,RS Bopara,CJ Jordan,PM Seelaar,0,0,"",""
ball,2,14.2,England,RS Bopara,CJ Jordan,PM Seelaar,1,0,"",""
ball,2,14.3,England,CJ Jordan,RS Bopara,PM Seelaar,2,0,"",""
ball,2,14.4,England,CJ Jordan,RS Bopara,PM Seelaar,1,0,"",""
ball,2,14.5,England,RS Bopara,CJ Jordan,PM Seelaar,2,0,"",""
ball,2,14.6,England,RS Bopara,CJ Jordan,PM Seelaar,1,0,"",""
ball,2,15.1,England,RS Bopara,CJ Jordan,LV van Beek,0,0,caught,RS Bopara
ball,2,15.2,England,CJ Jordan,SCJ Broad,LV van Beek,0,0,"",""
ball,2,15.3,England,CJ Jordan,SCJ Broad,LV van Beek,1,0,"",""
ball,2,15.4,England,SCJ Broad,CJ Jordan,LV van Beek,1,0,"",""
ball,2,15.5,England,CJ Jordan,SCJ Broad,LV van Beek,0,0,caught,CJ Jordan
ball,2,15.6,England,SCJ Broad,JC Tredwell,LV van Beek,2,0,"",""
ball,2,16.1,England,JC Tredwell,SCJ Broad,Ahsan Malik,0,0,"",""
ball,2,16.2,England,JC Tredwell,SCJ Broad,Ahsan Malik,4,0,"",""
ball,2,16.3,England,JC Tredwell,SCJ Broad,Ahsan Malik,1,0,"",""
ball,2,16.4,England,SCJ Broad,JC Tredwell,Ahsan Malik,1,0,"",""
ball,2,16.5,England,JC Tredwell,SCJ Broad,Ahsan Malik,1,0,"",""
ball,2,16.6,England,SCJ Broad,JC Tredwell,Ahsan Malik,0,0,"",""
ball,2,17.1,England,JC Tredwell,SCJ Broad,Mudassar Bukhari,1,0,"",""
ball,2,17.2,England,SCJ Broad,JC Tredwell,Mudassar Bukhari,0,0,caught,SCJ Broad
ball,2,17.3,England,SD Parry,JC Tredwell,Mudassar Bukhari,1,0,"",""
ball,2,17.4,England,JC Tredwell,SD Parry,Mudassar Bukhari,1,0,run out,SD Parry
