version,1.3.0
info,team,New Zealand
info,team,Pakistan
info,gender,male
info,season,2014/15
info,date,2014/12/04
info,series,Pakistan v New Zealand T20I Series
info,match_number,1
info,venue,Dubai International Cricket Stadium
info,city,
info,neutralvenue,true
info,toss_winner,Pakistan
info,toss_decision,field
info,player_of_match,Sarfraz Ahmed
info,umpire,Ahmed Shahab
info,umpire,Ahsan Raza
info,reserve_umpire,Khalid Mahmood
info,tv_umpire,Shozab Raza
info,match_referee,RS Mahanama
info,winner,Pakistan
info,winner_wickets,7
ball,1,0.1,New Zealand,MJ Guptill,KS Williamson,Anwar Ali,0,0,"",""
ball,1,0.2,New Zealand,MJ Guptill,KS Williamson,Anwar Ali,1,0,"",""
ball,1,0.3,New Zealand,KS Williamson,MJ Guptill,Anwar Ali,0,0,lbw,KS Williamson
ball,1,0.4,New Zealand,AP Devcich,MJ Guptill,Anwar Ali,0,0,"",""
ball,1,0.5,New Zealand,AP Devcich,MJ Guptill,Anwar Ali,0,1,"",""
ball,1,0.6,New Zealand,MJ Guptill,AP Devcich,Anwar Ali,0,0,"",""
ball,1,1.1,New Zealand,AP Devcich,MJ Guptill,Sohail Tanvir,1,0,"",""
ball,1,1.2,New Zealand,MJ Guptill,AP Devcich,Sohail Tanvir,6,0,"",""
ball,1,1.3,New Zealand,MJ Guptill,AP Devcich,Sohail Tanvir,0,0,"",""
ball,1,1.4,New Zealand,MJ Guptill,AP Devcich,Sohail Tanvir,1,0,"",""
ball,1,1.5,New Zealand,AP Devcich,MJ Guptill,Sohail Tanvir,0,0,"",""
ball,1,1.6,New Zealand,AP Devcich,MJ Guptill,Sohail Tanvir,0,0,lbw,AP Devcich
ball,1,2.1,New Zealand,MJ Guptill,LRPL Taylor,Mohammad Irfan,1,0,"",""
ball,1,2.2,New Zealand,LRPL Taylor,MJ Guptill,Mohammad Irfan,0,0,"",""
ball,1,2.3,New Zealand,LRPL Taylor,MJ Guptill,Mohammad Irfan,4,0,"",""
ball,1,2.4,New Zealand,LRPL Taylor,MJ Guptill,Mohammad Irfan,0,0,"",""
ball,1,2.5,New Zealand,LRPL Taylor,MJ Guptill,Mohammad Irfan,0,0,"",""
ball,1,2.6,New Zealand,LRPL Taylor,MJ Guptill,Mohammad Irfan,0,0,caught,LRPL Taylor
ball,1,3.1,New Zealand,MJ Guptill,CJ Anderson,Sohail Tanvir,0,0,"",""
ball,1,3.2,New Zealand,MJ Guptill,CJ Anderson,Sohail Tanvir,1,0,"",""
ball,1,3.3,New Zealand,CJ Anderson,MJ Guptill,Sohail Tanvir,0,1,"",""
ball,1,3.4,New Zealand,CJ Anderson,MJ Guptill,Sohail Tanvir,1,0,"",""
ball,1,3.5,New Zealand,MJ Guptill,CJ Anderson,Sohail Tanvir,0,0,"",""
ball,1,3.6,New Zealand,MJ Guptill,CJ Anderson,Sohail Tanvir,2,0,"",""
ball,1,3.7,New Zealand,MJ Guptill,CJ Anderson,Sohail Tanvir,0,0,"",""
ball,1,4.1,New Zealand,CJ Anderson,MJ Guptill,Mohammad Irfan,0,0,"",""
ball,1,4.2,New Zealand,CJ Anderson,MJ Guptill,Mohammad Irfan,0,0,"",""
ball,1,4.3,New Zealand,CJ Anderson,MJ Guptill,Mohammad Irfan,1,0,"",""
ball,1,4.4,New Zealand,MJ Guptill,CJ Anderson,Mohammad Irfan,0,0,"",""
ball,1,4.5,New Zealand,MJ Guptill,CJ Anderson,Mohammad Irfan,0,0,"",""
ball,1,4.6,New Zealand,MJ Guptill,CJ Anderson,Mohammad Irfan,2,1,"",""
ball,1,4.7,New Zealand,MJ Guptill,CJ Anderson,Mohammad Irfan,4,0,"",""
ball,1,5.1,New Zealand,CJ Anderson,MJ Guptill,Raza Hasan,1,0,"",""
ball,1,5.2,New Zealand,MJ Guptill,CJ Anderson,Raza Hasan,0,0,"",""
ball,1,5.3,New Zealand,MJ Guptill,CJ Anderson,Raza Hasan,1,0,"",""
ball,1,5.4,New Zealand,CJ Anderson,MJ Guptill,Raza Hasan,4,0,"",""
ball,1,5.5,New Zealand,CJ Anderson,MJ Guptill,Raza Hasan,0,0,"",""
ball,1,5.6,New Zealand,CJ Anderson,MJ Guptill,Raza Hasan,0,0,"",""
ball,1,6.1,New Zealand,MJ Guptill,CJ Anderson,Mohammad Hafeez,1,0,"",""
ball,1,6.2,New Zealand,CJ Anderson,MJ Guptill,Mohammad Hafeez,1,0,"",""
ball,1,6.3,New Zealand,MJ Guptill,CJ Anderson,Mohammad Hafeez,0,0,"",""
ball,1,6.4,New Zealand,MJ Guptill,CJ Anderson,Mohammad Hafeez,1,0,"",""
ball,1,6.5,New Zealand,CJ Anderson,MJ Guptill,Mohammad Hafeez,1,0,"",""
ball,1,6.6,New Zealand,MJ Guptill,CJ Anderson,Mohammad Hafeez,1,0,"",""
ball,1,7.1,New Zealand,MJ Guptill,CJ Anderson,Shahid Afridi,4,0,"",""
ball,1,7.2,New Zealand,MJ Guptill,CJ Anderson,Shahid Afridi,1,0,"",""
ball,1,7.3,New Zealand,CJ Anderson,MJ Guptill,Shahid Afridi,0,0,"",""
ball,1,7.4,New Zealand,CJ Anderson,MJ Guptill,Shahid Afridi,0,0,"",""
ball,1,7.5,New Zealand,CJ Anderson,MJ Guptill,Shahid Afridi,2,0,"",""
ball,1,7.6,New Zealand,CJ Anderson,MJ Guptill,Shahid Afridi,1,0,"",""
ball,1,8.1,New Zealand,CJ Anderson,MJ Guptill,Mohammad Hafeez,0,0,"",""
ball,1,8.2,New Zealand,CJ Anderson,MJ Guptill,Mohammad Hafeez,6,0,"",""
ball,1,8.3,New Zealand,CJ Anderson,MJ Guptill,Mohammad Hafeez,1,0,"",""
ball,1,8.4,New Zealand,MJ Guptill,CJ Anderson,Mohammad Hafeez,1,0,"",""
ball,1,8.5,New Zealand,CJ Anderson,MJ Guptill,Mohammad Hafeez,1,0,"",""
ball,1,8.6,New Zealand,MJ Guptill,CJ Anderson,Mohammad Hafeez,1,0,"",""
ball,1,9.1,New Zealand,MJ Guptill,CJ Anderson,Shahid Afridi,2,0,"",""
ball,1,9.2,New Zealand,MJ Guptill,CJ Anderson,Shahid Afridi,1,0,"",""
ball,1,9.3,New Zealand,CJ Anderson,MJ Guptill,Shahid Afridi,1,0,"",""
ball,1,9.4,New Zealand,MJ Guptill,CJ Anderson,Shahid Afridi,0,0,"",""
ball,1,9.5,New Zealand,MJ Guptill,CJ Anderson,Shahid Afridi,0,0,bowled,MJ Guptill
ball,1,9.6,New Zealand,L Ronchi,CJ Anderson,Shahid Afridi,0,0,"",""
ball,1,10.1,New Zealand,CJ Anderson,L Ronchi,Raza Hasan,6,0,"",""
ball,1,10.2,New Zealand,CJ Anderson,L Ronchi,Raza Hasan,0,0,"",""
ball,1,10.3,New Zealand,CJ Anderson,L Ronchi,Raza Hasan,1,0,"",""
ball,1,10.4,New Zealand,L Ronchi,CJ Anderson,Raza Hasan,0,1,"",""
ball,1,10.5,New Zealand,L Ronchi,CJ Anderson,Raza Hasan,0,0,"",""
ball,1,10.6,New Zealand,L Ronchi,CJ Anderson,Raza Hasan,0,0,"",""
ball,1,10.7,New Zealand,L Ronchi,CJ Anderson,Raza Hasan,2,0,"",""
ball,1,11.1,New Zealand,CJ Anderson,L Ronchi,Shahid Afridi,2,0,"",""
ball,1,11.2,New Zealand,CJ Anderson,L Ronchi,Shahid Afridi,0,0,"",""
ball,1,11.3,New Zealand,CJ Anderson,L Ronchi,Shahid Afridi,1,0,"",""
ball,1,11.4,New Zealand,L Ronchi,CJ Anderson,Shahid Afridi,4,0,"",""
ball,1,11.5,New Zealand,L Ronchi,CJ Anderson,Shahid Afridi,0,0,"",""
ball,1,11.6,New Zealand,L Ronchi,CJ Anderson,Shahid Afridi,1,0,"",""
ball,1,12.1,New Zealand,L Ronchi,CJ Anderson,Anwar Ali,1,0,"",""
ball,1,12.2,New Zealand,CJ Anderson,L Ronchi,Anwar Ali,0,0,"",""
ball,1,12.3,New Zealand,CJ Anderson,L Ronchi,Anwar Ali,6,0,"",""
ball,1,12.4,New Zealand,CJ Anderson,L Ronchi,Anwar Ali,0,0,"",""
ball,1,12.5,New Zealand,CJ Anderson,L Ronchi,Anwar Ali,6,0,"",""
ball,1,12.6,New Zealand,CJ Anderson,L Ronchi,Anwar Ali,1,0,"",""
ball,1,13.1,New Zealand,CJ Anderson,L Ronchi,Shahid Afridi,0,0,"",""
ball,1,13.2,New Zealand,CJ Anderson,L Ronchi,Shahid Afridi,1,0,"",""
ball,1,13.3,New Zealand,L Ronchi,CJ Anderson,Shahid Afridi,1,0,"",""
ball,1,13.4,New Zealand,CJ Anderson,L Ronchi,Shahid Afridi,0,0,"",""
ball,1,13.5,New Zealand,CJ Anderson,L Ronchi,Shahid Afridi,1,0,"",""
ball,1,13.6,New Zealand,L Ronchi,CJ Anderson,Shahid Afridi,4,0,"",""
ball,1,14.1,New Zealand,CJ Anderson,L Ronchi,Mohammad Irfan,0,1,"",""
ball,1,14.2,New Zealand,CJ Anderson,L Ronchi,Mohammad Irfan,1,0,"",""
ball,1,14.3,New Zealand,L Ronchi,CJ Anderson,Mohammad Irfan,2,0,"",""
ball,1,14.4,New Zealand,L Ronchi,CJ Anderson,Mohammad Irfan,2,0,"",""
ball,1,14.5,New Zealand,L Ronchi,CJ Anderson,Mohammad Irfan,0,0,"",""
ball,1,14.6,New Zealand,L Ronchi,CJ Anderson,Mohammad Irfan,4,0,"",""
ball,1,14.7,New Zealand,L Ronchi,CJ Anderson,Mohammad Irfan,0,0,"",""
ball,1,15.1,New Zealand,CJ Anderson,L Ronchi,Raza Hasan,1,0,"",""
ball,1,15.2,New Zealand,L Ronchi,CJ Anderson,Raza Hasan,0,0,"",""
ball,1,15.3,New Zealand,L Ronchi,CJ Anderson,Raza Hasan,1,0,"",""
ball,1,15.4,New Zealand,CJ Anderson,L Ronchi,Raza Hasan,0,0,caught,CJ Anderson
ball,1,15.5,New Zealand,L Ronchi,JDS Neesham,Raza Hasan,0,0,"",""
ball,1,15.6,New Zealand,L Ronchi,JDS Neesham,Raza Hasan,1,0,"",""
ball,1,16.1,New Zealand,L Ronchi,JDS Neesham,Sohail Tanvir,0,0,"",""
ball,1,16.2,New Zealand,L Ronchi,JDS Neesham,Sohail Tanvir,0,0,"",""
ball,1,16.3,New Zealand,L Ronchi,JDS Neesham,Sohail Tanvir,2,0,"",""
ball,1,16.4,New Zealand,L Ronchi,JDS Neesham,Sohail Tanvir,1,0,"",""
ball,1,16.5,New Zealand,JDS Neesham,L Ronchi,Sohail Tanvir,1,0,"",""
ball,1,16.6,New Zealand,L Ronchi,JDS Neesham,Sohail Tanvir,4,0,"",""
ball,1,17.1,New Zealand,JDS Neesham,L Ronchi,Raza Hasan,0,0,"",""
ball,1,17.2,New Zealand,JDS Neesham,L Ronchi,Raza Hasan,1,0,"",""
ball,1,17.3,New Zealand,L Ronchi,JDS Neesham,Raza Hasan,1,0,"",""
ball,1,17.4,New Zealand,JDS Neesham,L Ronchi,Raza Hasan,0,0,"",""
ball,1,17.5,New Zealand,JDS Neesham,L Ronchi,Raza Hasan,2,0,"",""
ball,1,17.6,New Zealand,JDS Neesham,L Ronchi,Raza Hasan,1,0,"",""
ball,1,18.1,New Zealand,JDS Neesham,L Ronchi,Mohammad Irfan,1,0,"",""
ball,1,18.2,New Zealand,L Ronchi,JDS Neesham,Mohammad Irfan,1,0,"",""
ball,1,18.3,New Zealand,JDS Neesham,L Ronchi,Mohammad Irfan,0,0,"",""
ball,1,18.4,New Zealand,JDS Neesham,L Ronchi,Mohammad Irfan,0,0,caught,JDS Neesham
ball,1,18.5,New Zealand,L Ronchi,NL McCullum,Mohammad Irfan,1,0,"",""
ball,1,18.6,New Zealand,NL McCullum,L Ronchi,Mohammad Irfan,0,1,"",""
ball,1,18.7,New Zealand,NL McCullum,L Ronchi,Mohammad Irfan,0,0,"",""
ball,1,19.1,New Zealand,L Ronchi,NL McCullum,Sohail Tanvir,0,0,bowled,L Ronchi
ball,1,19.2,New Zealand,AF Milne,NL McCullum,Sohail Tanvir,1,0,"",""
ball,1,19.3,New Zealand,NL McCullum,AF Milne,Sohail Tanvir,0,1,"",""
ball,1,19.4,New Zealand,AF Milne,NL McCullum,Sohail Tanvir,0,1,"",""
ball,1,19.5,New Zealand,NL McCullum,AF Milne,Sohail Tanvir,1,0,"",""
ball,1,19.6,New Zealand,AF Milne,NL McCullum,Sohail Tanvir,1,0,"",""
ball,2,0.1,Pakistan,Sarfraz Ahmed,Awais Zia,MJ Henry,1,0,"",""
ball,2,0.2,Pakistan,Awais Zia,Sarfraz Ahmed,MJ Henry,0,0,"",""
ball,2,0.3,Pakistan,Awais Zia,Sarfraz Ahmed,MJ Henry,1,0,"",""
ball,2,0.4,Pakistan,Sarfraz Ahmed,Awais Zia,MJ Henry,0,1,"",""
ball,2,0.5,Pakistan,Sarfraz Ahmed,Awais Zia,MJ Henry,0,0,"",""
ball,2,0.6,Pakistan,Sarfraz Ahmed,Awais Zia,MJ Henry,0,0,"",""
ball,2,0.7,Pakistan,Sarfraz Ahmed,Awais Zia,MJ Henry,0,0,"",""
ball,2,1.1,Pakistan,Awais Zia,Sarfraz Ahmed,MJ McClenaghan,0,0,"",""
ball,2,1.2,Pakistan,Awais Zia,Sarfraz Ahmed,MJ McClenaghan,4,0,"",""
ball,2,1.3,Pakistan,Awais Zia,Sarfraz Ahmed,MJ McClenaghan,1,0,"",""
ball,2,1.4,Pakistan,Sarfraz Ahmed,Awais Zia,MJ McClenaghan,4,0,"",""
ball,2,1.5,Pakistan,Sarfraz Ahmed,Awais Zia,MJ McClenaghan,0,0,"",""
ball,2,1.6,Pakistan,Sarfraz Ahmed,Awais Zia,MJ McClenaghan,1,0,"",""
ball,2,2.1,Pakistan,Sarfraz Ahmed,Awais Zia,MJ Henry,0,0,"",""
ball,2,2.2,Pakistan,Sarfraz Ahmed,Awais Zia,MJ Henry,1,0,"",""
ball,2,2.3,Pakistan,Awais Zia,Sarfraz Ahmed,MJ Henry,1,0,"",""
ball,2,2.4,Pakistan,Sarfraz Ahmed,Awais Zia,MJ Henry,0,0,"",""
ball,2,2.5,Pakistan,Sarfraz Ahmed,Awais Zia,MJ Henry,0,0,"",""
ball,2,2.6,Pakistan,Sarfraz Ahmed,Awais Zia,MJ Henry,0,0,"",""
ball,2,3.1,Pakistan,Awais Zia,Sarfraz Ahmed,AF Milne,4,0,"",""
ball,2,3.2,Pakistan,Awais Zia,Sarfraz Ahmed,AF Milne,0,0,"",""
ball,2,3.3,Pakistan,Awais Zia,Sarfraz Ahmed,AF Milne,1,0,"",""
ball,2,3.4,Pakistan,Sarfraz Ahmed,Awais Zia,AF Milne,0,0,"",""
ball,2,3.5,Pakistan,Sarfraz Ahmed,Awais Zia,AF Milne,0,0,"",""
ball,2,3.6,Pakistan,Sarfraz Ahmed,Awais Zia,AF Milne,0,0,"",""
ball,2,4.1,Pakistan,Awais Zia,Sarfraz Ahmed,MJ Henry,2,0,"",""
ball,2,4.2,Pakistan,Awais Zia,Sarfraz Ahmed,MJ Henry,0,1,"",""
ball,2,4.3,Pakistan,Sarfraz Ahmed,Awais Zia,MJ Henry,0,0,"",""
ball,2,4.4,Pakistan,Sarfraz Ahmed,Awais Zia,MJ Henry,4,0,"",""
ball,2,4.5,Pakistan,Sarfraz Ahmed,Awais Zia,MJ Henry,6,0,"",""
ball,2,4.6,Pakistan,Sarfraz Ahmed,Awais Zia,MJ Henry,0,0,"",""
ball,2,5.1,Pakistan,Awais Zia,Sarfraz Ahmed,AP Devcich,2,0,"",""
ball,2,5.2,Pakistan,Awais Zia,Sarfraz Ahmed,AP Devcich,0,0,"",""
ball,2,5.3,Pakistan,Awais Zia,Sarfraz Ahmed,AP Devcich,1,0,"",""
ball,2,5.4,Pakistan,Sarfraz Ahmed,Awais Zia,AP Devcich,0,0,"",""
ball,2,5.5,Pakistan,Sarfraz Ahmed,Awais Zia,AP Devcich,4,0,"",""
ball,2,5.6,Pakistan,Sarfraz Ahmed,Awais Zia,AP Devcich,4,0,"",""
ball,2,6.1,Pakistan,Awais Zia,Sarfraz Ahmed,NL McCullum,0,1,"",""
ball,2,6.2,Pakistan,Awais Zia,Sarfraz Ahmed,NL McCullum,0,0,"",""
ball,2,6.3,Pakistan,Awais Zia,Sarfraz Ahmed,NL McCullum,1,0,"",""
ball,2,6.4,Pakistan,Sarfraz Ahmed,Awais Zia,NL McCullum,1,0,"",""
ball,2,6.5,Pakistan,Awais Zia,Sarfraz Ahmed,NL McCullum,1,0,"",""
ball,2,6.6,Pakistan,Sarfraz Ahmed,Awais Zia,NL McCullum,1,0,"",""
ball,2,6.7,Pakistan,Awais Zia,Sarfraz Ahmed,NL McCullum,0,0,"",""
ball,2,7.1,Pakistan,Sarfraz Ahmed,Awais Zia,MJ McClenaghan,0,0,"",""
ball,2,7.2,Pakistan,Sarfraz Ahmed,Awais Zia,MJ McClenaghan,0,0,"",""
ball,2,7.3,Pakistan,Sarfraz Ahmed,Awais Zia,MJ McClenaghan,0,0,"",""
ball,2,7.4,Pakistan,Sarfraz Ahmed,Awais Zia,MJ McClenaghan,1,0,"",""
ball,2,7.5,Pakistan,Awais Zia,Sarfraz Ahmed,MJ McClenaghan,0,0,"",""
ball,2,7.6,Pakistan,Awais Zia,Sarfraz Ahmed,MJ McClenaghan,1,0,"",""
ball,2,8.1,Pakistan,Awais Zia,Sarfraz Ahmed,NL McCullum,0,0,run out,Awais Zia
ball,2,8.2,Pakistan,Sarfraz Ahmed,Mohammad Hafeez,NL McCullum,1,0,"",""
ball,2,8.3,Pakistan,Mohammad Hafeez,Sarfraz Ahmed,NL McCullum,1,0,"",""
ball,2,8.4,Pakistan,Sarfraz Ahmed,Mohammad Hafeez,NL McCullum,4,0,"",""
ball,2,8.5,Pakistan,Sarfraz Ahmed,Mohammad Hafeez,NL McCullum,1,0,"",""
ball,2,8.6,Pakistan,Mohammad Hafeez,Sarfraz Ahmed,NL McCullum,0,0,"",""
ball,2,9.1,Pakistan,Sarfraz Ahmed,Mohammad Hafeez,AF Milne,1,0,"",""
ball,2,9.2,Pakistan,Mohammad Hafeez,Sarfraz Ahmed,AF Milne,0,0,"",""
ball,2,9.3,Pakistan,Mohammad Hafeez,Sarfraz Ahmed,AF Milne,1,0,"",""
ball,2,9.4,Pakistan,Sarfraz Ahmed,Mohammad Hafeez,AF Milne,0,0,"",""
ball,2,9.5,Pakistan,Sarfraz Ahmed,Mohammad Hafeez,AF Milne,0,0,"",""
ball,2,9.6,Pakistan,Sarfraz Ahmed,Mohammad Hafeez,AF Milne,0,0,run out,Mohammad Hafeez
ball,2,10.1,Pakistan,Sarfraz Ahmed,Haris Sohail,CJ Anderson,4,0,"",""
ball,2,10.2,Pakistan,Sarfraz Ahmed,Haris Sohail,CJ Anderson,4,0,"",""
ball,2,10.3,Pakistan,Sarfraz Ahmed,Haris Sohail,CJ Anderson,2,0,"",""
ball,2,10.4,Pakistan,Sarfraz Ahmed,Haris Sohail,CJ Anderson,0,0,"",""
ball,2,10.5,Pakistan,Sarfraz Ahmed,Haris Sohail,CJ Anderson,6,0,"",""
ball,2,10.6,Pakistan,Sarfraz Ahmed,Haris Sohail,CJ Anderson,1,0,"",""
ball,2,11.1,Pakistan,Sarfraz Ahmed,Haris Sohail,AF Milne,1,0,"",""
ball,2,11.2,Pakistan,Haris Sohail,Sarfraz Ahmed,AF Milne,0,0,"",""
ball,2,11.3,Pakistan,Haris Sohail,Sarfraz Ahmed,AF Milne,0,0,"",""
ball,2,11.4,Pakistan,Haris Sohail,Sarfraz Ahmed,AF Milne,0,0,"",""
ball,2,11.5,Pakistan,Haris Sohail,Sarfraz Ahmed,AF Milne,4,0,"",""
ball,2,11.6,Pakistan,Haris Sohail,Sarfraz Ahmed,AF Milne,2,0,"",""
ball,2,12.1,Pakistan,Sarfraz Ahmed,Haris Sohail,NL McCullum,1,0,"",""
ball,2,12.2,Pakistan,Haris Sohail,Sarfraz Ahmed,NL McCullum,1,0,"",""
ball,2,12.3,Pakistan,Sarfraz Ahmed,Haris Sohail,NL McCullum,2,0,"",""
ball,2,12.4,Pakistan,Sarfraz Ahmed,Haris Sohail,NL McCullum,1,0,"",""
ball,2,12.5,Pakistan,Haris Sohail,Sarfraz Ahmed,NL McCullum,1,0,"",""
ball,2,12.6,Pakistan,Sarfraz Ahmed,Haris Sohail,NL McCullum,1,0,"",""
ball,2,13.1,Pakistan,Sarfraz Ahmed,Haris Sohail,AF Milne,1,0,"",""
ball,2,13.2,Pakistan,Haris Sohail,Sarfraz Ahmed,AF Milne,0,0,"",""
ball,2,13.3,Pakistan,Haris Sohail,Sarfraz Ahmed,AF Milne,1,0,"",""
ball,2,13.4,Pakistan,Sarfraz Ahmed,Haris Sohail,AF Milne,1,0,"",""
ball,2,13.5,Pakistan,Haris Sohail,Sarfraz Ahmed,AF Milne,1,0,"",""
ball,2,13.6,Pakistan,Sarfraz Ahmed,Haris Sohail,AF Milne,0,0,"",""
ball,2,14.1,Pakistan,Haris Sohail,Sarfraz Ahmed,MJ McClenaghan,1,0,"",""
ball,2,14.2,Pakistan,Sarfraz Ahmed,Haris Sohail,MJ McClenaghan,1,0,"",""
ball,2,14.3,Pakistan,Haris Sohail,Sarfraz Ahmed,MJ McClenaghan,0,0,caught,Haris Sohail
ball,2,14.4,Pakistan,Umar Akmal,Sarfraz Ahmed,MJ McClenaghan,1,0,"",""
ball,2,14.5,Pakistan,Sarfraz Ahmed,Umar Akmal,MJ McClenaghan,1,0,"",""
ball,2,14.6,Pakistan,Umar Akmal,Sarfraz Ahmed,MJ McClenaghan,1,0,"",""
ball,2,15.1,Pakistan,Umar Akmal,Sarfraz Ahmed,MJ Henry,4,0,"",""
ball,2,15.2,Pakistan,Umar Akmal,Sarfraz Ahmed,MJ Henry,4,0,"",""
ball,2,15.3,Pakistan,Umar Akmal,Sarfraz Ahmed,MJ Henry,0,0,"",""
ball,2,15.4,Pakistan,Umar Akmal,Sarfraz Ahmed,MJ Henry,1,0,"",""
ball,2,15.5,Pakistan,Sarfraz Ahmed,Umar Akmal,MJ Henry,1,0,"",""
ball,2,15.6,Pakistan,Umar Akmal,Sarfraz Ahmed,MJ Henry,4,0,"",""
ball,2,16.1,Pakistan,Sarfraz Ahmed,Umar Akmal,NL McCullum,1,0,"",""
ball,2,16.2,Pakistan,Umar Akmal,Sarfraz Ahmed,NL McCullum,1,0,"",""
ball,2,16.3,Pakistan,Sarfraz Ahmed,Umar Akmal,NL McCullum,0,0,"",""
ball,2,16.4,Pakistan,Sarfraz Ahmed,Umar Akmal,NL McCullum,2,0,"",""
ball,2,16.5,Pakistan,Sarfraz Ahmed,Umar Akmal,NL McCullum,1,0,"",""
ball,2,16.6,Pakistan,Umar Akmal,Sarfraz Ahmed,NL McCullum,2,0,"",""
ball,2,17.1,Pakistan,Sarfraz Ahmed,Umar Akmal,MJ McClenaghan,1,0,"",""
ball,2,17.2,Pakistan,Umar Akmal,Sarfraz Ahmed,MJ McClenaghan,0,1,"",""
ball,2,17.3,Pakistan,Sarfraz Ahmed,Umar Akmal,MJ McClenaghan,1,0,"",""
ball,2,17.4,Pakistan,Umar Akmal,Sarfraz Ahmed,MJ McClenaghan,1,0,"",""
ball,2,17.5,Pakistan,Sarfraz Ahmed,Umar Akmal,MJ McClenaghan,0,0,"",""
ball,2,17.6,Pakistan,Sarfraz Ahmed,Umar Akmal,MJ McClenaghan,1,0,"",""
ball,2,18.1,Pakistan,Sarfraz Ahmed,Umar Akmal,AP Devcich,4,0,"",""
ball,2,18.2,Pakistan,Sarfraz Ahmed,Umar Akmal,AP Devcich,1,0,"",""
ball,2,18.3,Pakistan,Umar Akmal,Sarfraz Ahmed,AP Devcich,1,0,"",""
ball,2,18.4,Pakistan,Sarfraz Ahmed,Umar Akmal,AP Devcich,0,0,"",""
ball,2,18.5,Pakistan,Sarfraz Ahmed,Umar Akmal,AP Devcich,1,0,"",""
ball,2,18.6,Pakistan,Umar Akmal,Sarfraz Ahmed,AP Devcich,1,0,"",""
ball,2,19.1,Pakistan,Umar Akmal,Sarfraz Ahmed,JDS Neesham,6,0,"",""
