version,1.3.0
info,team,Ireland
info,team,Hong Kong
info,gender,male
info,season,2015
info,date,2015/07/17
info,competition,ICC World Twenty20 Qualifier
info,match_number,33
info,venue,"The Village, Malahide"
info,city,Dublin
info,toss_winner,Ireland
info,toss_decision,field
info,player_of_match,Irfan Ahmed
info,umpire,RSA Palliyaguruge
info,umpire,P Wilson
info,reserve_umpire,JD Cloete
info,tv_umpire,RT Robinson
info,match_referee,GF Labrooy
info,winner,Hong Kong
info,winner_runs,5
ball,1,0.1,Hong Kong,Irfan Ahmed,Anshuman Rath,AR Cusack,1,0,"",""
ball,1,0.2,Hong Kong,Anshuman Rath,Irfan Ahmed,AR Cusack,0,0,"",""
ball,1,0.3,Hong Kong,Anshuman Rath,Irfan Ahmed,AR Cusack,1,0,"",""
ball,1,0.4,Hong Kong,Irfan Ahmed,Anshuman Rath,AR Cusack,0,1,"",""
ball,1,0.5,Hong Kong,Irfan Ahmed,Anshuman Rath,AR Cusack,4,0,"",""
ball,1,0.6,Hong Kong,Irfan Ahmed,Anshuman Rath,AR Cusack,0,0,"",""
ball,1,0.7,Hong Kong,Irfan Ahmed,Anshuman Rath,AR Cusack,1,0,"",""
ball,1,1.1,Hong Kong,Irfan Ahmed,Anshuman Rath,CA Young,0,0,"",""
ball,1,1.2,Hong Kong,Irfan Ahmed,Anshuman Rath,CA Young,0,0,"",""
ball,1,1.3,Hong Kong,Irfan Ahmed,Anshuman Rath,CA Young,0,0,caught,Irfan Ahmed
ball,1,1.4,Hong Kong,Anshuman Rath,Nizakat Khan,CA Young,0,0,"",""
ball,1,1.5,Hong Kong,Anshuman Rath,Nizakat Khan,CA Young,0,0,"",""
ball,1,1.6,Hong Kong,Anshuman Rath,Nizakat Khan,CA Young,0,0,"",""
ball,1,2.1,Hong Kong,Nizakat Khan,Anshuman Rath,AR Cusack,0,0,"",""
ball,1,2.2,Hong Kong,Nizakat Khan,Anshuman Rath,AR Cusack,1,0,"",""
ball,1,2.3,Hong Kong,Anshuman Rath,Nizakat Khan,AR Cusack,1,0,"",""
ball,1,2.4,Hong Kong,Nizakat Khan,Anshuman Rath,AR Cusack,1,0,"",""
ball,1,2.5,Hong Kong,Anshuman Rath,Nizakat Khan,AR Cusack,0,0,"",""
ball,1,2.6,Hong Kong,Anshuman Rath,Nizakat Khan,AR Cusack,1,0,"",""
ball,1,3.1,Hong Kong,Anshuman Rath,Nizakat Khan,CA Young,0,0,"",""
ball,1,3.2,Hong Kong,Anshuman Rath,Nizakat Khan,CA Young,1,0,"",""
ball,1,3.3,Hong Kong,Nizakat Khan,Anshuman Rath,CA Young,1,0,"",""
ball,1,3.4,Hong Kong,Anshuman Rath,Nizakat Khan,CA Young,0,0,"",""
ball,1,3.5,Hong Kong,Anshuman Rath,Nizakat Khan,CA Young,1,0,"",""
ball,1,3.6,Hong Kong,Nizakat Khan,Anshuman Rath,CA Young,0,0,"",""
ball,1,4.1,Hong Kong,Anshuman Rath,Nizakat Khan,SR Thompson,0,0,"",""
ball,1,4.2,Hong Kong,Anshuman Rath,Nizakat Khan,SR Thompson,1,0,"",""
ball,1,4.3,Hong Kong,Nizakat Khan,Anshuman Rath,SR Thompson,0,0,"",""
ball,1,4.4,Hong Kong,Nizakat Khan,Anshuman Rath,SR Thompson,0,0,"",""
ball,1,4.5,Hong Kong,Nizakat Khan,Anshuman Rath,SR Thompson,1,0,"",""
ball,1,4.6,Hong Kong,Anshuman Rath,Nizakat Khan,SR Thompson,4,0,"",""
ball,1,5.1,Hong Kong,Nizakat Khan,Anshuman Rath,CA Young,0,0,"",""
ball,1,5.2,Hong Kong,Nizakat Khan,Anshuman Rath,CA Young,6,0,"",""
ball,1,5.3,Hong Kong,Nizakat Khan,Anshuman Rath,CA Young,0,1,"",""
ball,1,5.4,Hong Kong,Nizakat Khan,Anshuman Rath,CA Young,6,0,"",""
ball,1,5.5,Hong Kong,Nizakat Khan,Anshuman Rath,CA Young,1,0,"",""
ball,1,5.6,Hong Kong,Anshuman Rath,Nizakat Khan,CA Young,0,0,"",""
ball,1,5.7,Hong Kong,Anshuman Rath,Nizakat Khan,CA Young,0,0,"",""
ball,1,6.1,Hong Kong,Nizakat Khan,Anshuman Rath,SR Thompson,1,0,"",""
ball,1,6.2,Hong Kong,Anshuman Rath,Nizakat Khan,SR Thompson,0,0,"",""
ball,1,6.3,Hong Kong,Anshuman Rath,Nizakat Khan,SR Thompson,0,1,"",""
ball,1,6.4,Hong Kong,Anshuman Rath,Nizakat Khan,SR Thompson,0,0,"",""
ball,1,6.5,Hong Kong,Anshuman Rath,Nizakat Khan,SR Thompson,4,0,"",""
ball,1,6.6,Hong Kong,Anshuman Rath,Nizakat Khan,SR Thompson,0,0,"",""
ball,1,6.7,Hong Kong,Anshuman Rath,Nizakat Khan,SR Thompson,1,0,"",""
ball,1,7.1,Hong Kong,Anshuman Rath,Nizakat Khan,JF Mooney,0,0,"",""
ball,1,7.2,Hong Kong,Anshuman Rath,Nizakat Khan,JF Mooney,4,0,"",""
ball,1,7.3,Hong Kong,Anshuman Rath,Nizakat Khan,JF Mooney,0,0,"",""
ball,1,7.4,Hong Kong,Anshuman Rath,Nizakat Khan,JF Mooney,0,0,"",""
ball,1,7.5,Hong Kong,Anshuman Rath,Nizakat Khan,JF Mooney,0,1,"",""
ball,1,7.6,Hong Kong,Anshuman Rath,Nizakat Khan,JF Mooney,0,0,"",""
ball,1,7.7,Hong Kong,Anshuman Rath,Nizakat Khan,JF Mooney,0,0,"",""
ball,1,8.1,Hong Kong,Nizakat Khan,Anshuman Rath,GH Dockrell,1,0,"",""
ball,1,8.2,Hong Kong,Anshuman Rath,Nizakat Khan,GH Dockrell,0,0,"",""
ball,1,8.3,Hong Kong,Anshuman Rath,Nizakat Khan,GH Dockrell,0,0,"",""
ball,1,8.4,Hong Kong,Anshuman Rath,Nizakat Khan,GH Dockrell,1,0,"",""
ball,1,8.5,Hong Kong,Nizakat Khan,Anshuman Rath,GH Dockrell,0,0,"",""
ball,1,8.6,Hong Kong,Nizakat Khan,Anshuman Rath,GH Dockrell,0,0,"",""
ball,1,9.1,Hong Kong,Anshuman Rath,Nizakat Khan,JF Mooney,1,0,"",""
ball,1,9.2,Hong Kong,Nizakat Khan,Anshuman Rath,JF Mooney,1,0,"",""
ball,1,9.3,Hong Kong,Anshuman Rath,Nizakat Khan,JF Mooney,0,0,"",""
ball,1,9.4,Hong Kong,Anshuman Rath,Nizakat Khan,JF Mooney,1,0,"",""
ball,1,9.5,Hong Kong,Nizakat Khan,Anshuman Rath,JF Mooney,0,0,"",""
ball,1,9.6,Hong Kong,Nizakat Khan,Anshuman Rath,JF Mooney,0,0,"",""
ball,1,10.1,Hong Kong,Anshuman Rath,Nizakat Khan,GH Dockrell,0,0,bowled,Anshuman Rath
ball,1,10.2,Hong Kong,MS Chapman,Nizakat Khan,GH Dockrell,0,0,"",""
ball,1,10.3,Hong Kong,MS Chapman,Nizakat Khan,GH Dockrell,0,0,"",""
ball,1,10.4,Hong Kong,MS Chapman,Nizakat Khan,GH Dockrell,4,0,"",""
ball,1,10.5,Hong Kong,MS Chapman,Nizakat Khan,GH Dockrell,0,0,"",""
ball,1,10.6,Hong Kong,MS Chapman,Nizakat Khan,GH Dockrell,1,0,"",""
ball,1,11.1,Hong Kong,MS Chapman,Nizakat Khan,KJ O'Brien,0,0,"",""
ball,1,11.2,Hong Kong,MS Chapman,Nizakat Khan,KJ O'Brien,1,0,"",""
ball,1,11.3,Hong Kong,Nizakat Khan,MS Chapman,KJ O'Brien,4,0,"",""
ball,1,11.4,Hong Kong,Nizakat Khan,MS Chapman,KJ O'Brien,1,0,"",""
ball,1,11.5,Hong Kong,MS Chapman,Nizakat Khan,KJ O'Brien,1,0,"",""
ball,1,11.6,Hong Kong,Nizakat Khan,MS Chapman,KJ O'Brien,0,1,stumped,Nizakat Khan
ball,1,11.7,Hong Kong,Babar Hayat,MS Chapman,KJ O'Brien,1,0,"",""
ball,1,12.1,Hong Kong,Babar Hayat,MS Chapman,GH Dockrell,0,0,"",""
ball,1,12.2,Hong Kong,Babar Hayat,MS Chapman,GH Dockrell,6,0,"",""
ball,1,12.3,Hong Kong,Babar Hayat,MS Chapman,GH Dockrell,0,2,"",""
ball,1,12.4,Hong Kong,Babar Hayat,MS Chapman,GH Dockrell,0,0,"",""
ball,1,12.5,Hong Kong,Babar Hayat,MS Chapman,GH Dockrell,0,0,lbw,Babar Hayat
ball,1,12.6,Hong Kong,JJ Atkinson,MS Chapman,GH Dockrell,1,0,"",""
ball,1,13.1,Hong Kong,JJ Atkinson,MS Chapman,KJ O'Brien,0,0,"",""
ball,1,13.2,Hong Kong,JJ Atkinson,MS Chapman,KJ O'Brien,4,0,"",""
ball,1,13.3,Hong Kong,JJ Atkinson,MS Chapman,KJ O'Brien,4,0,"",""
ball,1,13.4,Hong Kong,JJ Atkinson,MS Chapman,KJ O'Brien,0,0,bowled,JJ Atkinson
ball,1,13.5,Hong Kong,Aizaz Khan,MS Chapman,KJ O'Brien,0,0,"",""
ball,1,13.6,Hong Kong,Aizaz Khan,MS Chapman,KJ O'Brien,0,0,"",""
ball,1,14.1,Hong Kong,MS Chapman,Aizaz Khan,GH Dockrell,0,0,"",""
ball,1,14.2,Hong Kong,MS Chapman,Aizaz Khan,GH Dockrell,0,1,"",""
ball,1,14.3,Hong Kong,MS Chapman,Aizaz Khan,GH Dockrell,1,0,"",""
ball,1,14.4,Hong Kong,Aizaz Khan,MS Chapman,GH Dockrell,0,0,"",""
ball,1,14.5,Hong Kong,Aizaz Khan,MS Chapman,GH Dockrell,0,0,"",""
ball,1,14.6,Hong Kong,Aizaz Khan,MS Chapman,GH Dockrell,1,0,"",""
ball,1,14.7,Hong Kong,MS Chapman,Aizaz Khan,GH Dockrell,4,0,"",""
ball,1,15.1,Hong Kong,Aizaz Khan,MS Chapman,KJ O'Brien,2,0,"",""
ball,1,15.2,Hong Kong,Aizaz Khan,MS Chapman,KJ O'Brien,0,0,caught,Aizaz Khan
ball,1,15.3,Hong Kong,Tanwir Afzal,MS Chapman,KJ O'Brien,0,0,"",""
ball,1,15.4,Hong Kong,Tanwir Afzal,MS Chapman,KJ O'Brien,2,0,"",""
ball,1,15.5,Hong Kong,Tanwir Afzal,MS Chapman,KJ O'Brien,0,0,"",""
ball,1,15.6,Hong Kong,Tanwir Afzal,MS Chapman,KJ O'Brien,2,0,"",""
ball,1,16.1,Hong Kong,MS Chapman,Tanwir Afzal,AR Cusack,0,0,"",""
ball,1,16.2,Hong Kong,MS Chapman,Tanwir Afzal,AR Cusack,1,0,"",""
ball,1,16.3,Hong Kong,Tanwir Afzal,MS Chapman,AR Cusack,0,0,"",""
ball,1,16.4,Hong Kong,Tanwir Afzal,MS Chapman,AR Cusack,1,0,"",""
ball,1,16.5,Hong Kong,MS Chapman,Tanwir Afzal,AR Cusack,1,0,"",""
ball,1,16.6,Hong Kong,Tanwir Afzal,MS Chapman,AR Cusack,1,0,"",""
ball,1,17.1,Hong Kong,Tanwir Afzal,MS Chapman,KJ O'Brien,6,0,"",""
ball,1,17.2,Hong Kong,Tanwir Afzal,MS Chapman,KJ O'Brien,1,0,"",""
ball,1,17.3,Hong Kong,MS Chapman,Tanwir Afzal,KJ O'Brien,1,0,"",""
ball,1,17.4,Hong Kong,Tanwir Afzal,MS Chapman,KJ O'Brien,1,0,"",""
ball,1,17.5,Hong Kong,MS Chapman,Tanwir Afzal,KJ O'Brien,0,0,"",""
ball,1,17.6,Hong Kong,MS Chapman,Tanwir Afzal,KJ O'Brien,0,0,"",""
ball,1,18.1,Hong Kong,Tanwir Afzal,MS Chapman,AR Cusack,1,0,"",""
ball,1,18.2,Hong Kong,MS Chapman,Tanwir Afzal,AR Cusack,1,0,"",""
ball,1,18.3,Hong Kong,Tanwir Afzal,MS Chapman,AR Cusack,0,0,"",""
ball,1,18.4,Hong Kong,Tanwir Afzal,MS Chapman,AR Cusack,0,1,"",""
ball,1,18.5,Hong Kong,Tanwir Afzal,MS Chapman,AR Cusack,2,0,"",""
ball,1,18.6,Hong Kong,Tanwir Afzal,MS Chapman,AR Cusack,1,0,"",""
ball,1,18.7,Hong Kong,MS Chapman,Tanwir Afzal,AR Cusack,4,0,"",""
ball,1,19.1,Hong Kong,Tanwir Afzal,MS Chapman,JF Mooney,0,0,caught,Tanwir Afzal
ball,1,19.2,Hong Kong,MS Chapman,Haseeb Amjad,JF Mooney,4,0,"",""
ball,1,19.3,Hong Kong,MS Chapman,Haseeb Amjad,JF Mooney,2,0,"",""
ball,1,19.4,Hong Kong,MS Chapman,Haseeb Amjad,JF Mooney,4,0,"",""
ball,1,19.5,Hong Kong,MS Chapman,Haseeb Amjad,JF Mooney,0,0,"",""
ball,1,19.6,Hong Kong,MS Chapman,Haseeb Amjad,JF Mooney,0,0,caught,MS Chapman
ball,2,0.1,Ireland,A Balbirnie,PR Stirling,Tanwir Afzal,0,0,"",""
ball,2,0.2,Ireland,A Balbirnie,PR Stirling,Tanwir Afzal,0,0,"",""
ball,2,0.3,Ireland,A Balbirnie,PR Stirling,Tanwir Afzal,0,0,"",""
ball,2,0.4,Ireland,A Balbirnie,PR Stirling,Tanwir Afzal,1,0,"",""
ball,2,0.5,Ireland,PR Stirling,A Balbirnie,Tanwir Afzal,0,0,"",""
ball,2,0.6,Ireland,PR Stirling,A Balbirnie,Tanwir Afzal,0,0,"",""
ball,2,1.1,Ireland,A Balbirnie,PR Stirling,Haseeb Amjad,0,0,"",""
ball,2,1.2,Ireland,A Balbirnie,PR Stirling,Haseeb Amjad,4,0,"",""
ball,2,1.3,Ireland,A Balbirnie,PR Stirling,Haseeb Amjad,4,0,"",""
ball,2,1.4,Ireland,A Balbirnie,PR Stirling,Haseeb Amjad,0,0,"",""
ball,2,1.5,Ireland,A Balbirnie,PR Stirling,Haseeb Amjad,0,0,"",""
ball,2,1.6,Ireland,A Balbirnie,PR Stirling,Haseeb Amjad,0,0,caught,A Balbirnie
ball,2,2.1,Ireland,WTS Porterfield,PR Stirling,Tanwir Afzal,0,0,"",""
ball,2,2.2,Ireland,WTS Porterfield,PR Stirling,Tanwir Afzal,0,0,"",""
ball,2,2.3,Ireland,WTS Porterfield,PR Stirling,Tanwir Afzal,0,0,"",""
ball,2,2.4,Ireland,WTS Porterfield,PR Stirling,Tanwir Afzal,0,0,"",""
ball,2,2.5,Ireland,WTS Porterfield,PR Stirling,Tanwir Afzal,4,0,"",""
ball,2,2.6,Ireland,WTS Porterfield,PR Stirling,Tanwir Afzal,0,0,"",""
ball,2,3.1,Ireland,PR Stirling,WTS Porterfield,Haseeb Amjad,0,0,"",""
ball,2,3.2,Ireland,PR Stirling,WTS Porterfield,Haseeb Amjad,0,0,"",""
ball,2,3.3,Ireland,PR Stirling,WTS Porterfield,Haseeb Amjad,4,0,"",""
ball,2,3.4,Ireland,PR Stirling,WTS Porterfield,Haseeb Amjad,4,0,"",""
ball,2,3.5,Ireland,PR Stirling,WTS Porterfield,Haseeb Amjad,1,0,"",""
ball,2,3.6,Ireland,WTS Porterfield,PR Stirling,Haseeb Amjad,0,0,"",""
ball,2,4.1,Ireland,PR Stirling,WTS Porterfield,Tanwir Afzal,0,0,"",""
ball,2,4.2,Ireland,PR Stirling,WTS Porterfield,Tanwir Afzal,0,0,"",""
ball,2,4.3,Ireland,PR Stirling,WTS Porterfield,Tanwir Afzal,0,0,"",""
ball,2,4.4,Ireland,PR Stirling,WTS Porterfield,Tanwir Afzal,0,1,"",""
ball,2,4.5,Ireland,WTS Porterfield,PR Stirling,Tanwir Afzal,0,0,"",""
ball,2,4.6,Ireland,WTS Porterfield,PR Stirling,Tanwir Afzal,0,0,"",""
ball,2,5.1,Ireland,PR Stirling,WTS Porterfield,Aizaz Khan,6,0,"",""
ball,2,5.2,Ireland,PR Stirling,WTS Porterfield,Aizaz Khan,4,0,"",""
ball,2,5.3,Ireland,PR Stirling,WTS Porterfield,Aizaz Khan,2,0,"",""
ball,2,5.4,Ireland,PR Stirling,WTS Porterfield,Aizaz Khan,4,0,"",""
ball,2,5.5,Ireland,PR Stirling,WTS Porterfield,Aizaz Khan,2,0,"",""
ball,2,5.6,Ireland,PR Stirling,WTS Porterfield,Aizaz Khan,2,0,"",""
ball,2,6.1,Ireland,WTS Porterfield,PR Stirling,Tanwir Afzal,1,0,"",""
ball,2,6.2,Ireland,PR Stirling,WTS Porterfield,Tanwir Afzal,0,0,"",""
ball,2,6.3,Ireland,PR Stirling,WTS Porterfield,Tanwir Afzal,1,0,"",""
ball,2,6.4,Ireland,WTS Porterfield,PR Stirling,Tanwir Afzal,1,0,"",""
ball,2,6.5,Ireland,PR Stirling,WTS Porterfield,Tanwir Afzal,0,0,"",""
ball,2,6.6,Ireland,PR Stirling,WTS Porterfield,Tanwir Afzal,1,0,"",""
ball,2,7.1,Ireland,PR Stirling,WTS Porterfield,Nizakat Khan,1,0,"",""
ball,2,7.2,Ireland,WTS Porterfield,PR Stirling,Nizakat Khan,1,0,"",""
ball,2,7.3,Ireland,PR Stirling,WTS Porterfield,Nizakat Khan,1,0,"",""
ball,2,7.4,Ireland,WTS Porterfield,PR Stirling,Nizakat Khan,1,0,"",""
ball,2,7.5,Ireland,PR Stirling,WTS Porterfield,Nizakat Khan,1,0,"",""
ball,2,7.6,Ireland,WTS Porterfield,PR Stirling,Nizakat Khan,0,0,"",""
ball,2,8.1,Ireland,PR Stirling,WTS Porterfield,Irfan Ahmed,0,0,"",""
ball,2,8.2,Ireland,PR Stirling,WTS Porterfield,Irfan Ahmed,0,0,caught,PR Stirling
ball,2,8.3,Ireland,WTS Porterfield,KJ O'Brien,Irfan Ahmed,0,0,"",""
ball,2,8.4,Ireland,WTS Porterfield,KJ O'Brien,Irfan Ahmed,1,0,"",""
ball,2,8.5,Ireland,KJ O'Brien,WTS Porterfield,Irfan Ahmed,0,0,"",""
ball,2,8.6,Ireland,KJ O'Brien,WTS Porterfield,Irfan Ahmed,0,0,"",""
ball,2,9.1,Ireland,WTS Porterfield,KJ O'Brien,Nizakat Khan,0,0,"",""
ball,2,9.2,Ireland,WTS Porterfield,KJ O'Brien,Nizakat Khan,0,0,"",""
ball,2,9.3,Ireland,WTS Porterfield,KJ O'Brien,Nizakat Khan,1,0,"",""
ball,2,9.4,Ireland,KJ O'Brien,WTS Porterfield,Nizakat Khan,2,0,"",""
ball,2,9.5,Ireland,KJ O'Brien,WTS Porterfield,Nizakat Khan,0,0,"",""
ball,2,9.6,Ireland,KJ O'Brien,WTS Porterfield,Nizakat Khan,1,0,"",""
ball,2,10.1,Ireland,KJ O'Brien,WTS Porterfield,Irfan Ahmed,0,1,"",""
ball,2,10.2,Ireland,WTS Porterfield,KJ O'Brien,Irfan Ahmed,1,0,"",""
ball,2,10.3,Ireland,KJ O'Brien,WTS Porterfield,Irfan Ahmed,0,0,"",""
ball,2,10.4,Ireland,KJ O'Brien,WTS Porterfield,Irfan Ahmed,0,0,"",""
ball,2,10.5,Ireland,KJ O'Brien,WTS Porterfield,Irfan Ahmed,1,0,"",""
ball,2,10.6,Ireland,WTS Porterfield,KJ O'Brien,Irfan Ahmed,0,0,"",""
ball,2,11.1,Ireland,KJ O'Brien,WTS Porterfield,Nizakat Khan,1,0,"",""
ball,2,11.2,Ireland,WTS Porterfield,KJ O'Brien,Nizakat Khan,0,1,"",""
ball,2,11.3,Ireland,WTS Porterfield,KJ O'Brien,Nizakat Khan,1,0,run out,KJ O'Brien
ball,2,11.4,Ireland,WTS Porterfield,GC Wilson,Nizakat Khan,0,0,"",""
ball,2,11.5,Ireland,WTS Porterfield,GC Wilson,Nizakat Khan,1,0,"",""
ball,2,11.6,Ireland,GC Wilson,WTS Porterfield,Nizakat Khan,0,0,"",""
ball,2,11.7,Ireland,GC Wilson,WTS Porterfield,Nizakat Khan,1,0,"",""
ball,2,12.1,Ireland,GC Wilson,WTS Porterfield,Nadeem Ahmed,0,0,"",""
ball,2,12.2,Ireland,GC Wilson,WTS Porterfield,Nadeem Ahmed,1,0,"",""
ball,2,12.3,Ireland,WTS Porterfield,GC Wilson,Nadeem Ahmed,1,0,"",""
ball,2,12.4,Ireland,GC Wilson,WTS Porterfield,Nadeem Ahmed,4,0,"",""
ball,2,12.5,Ireland,GC Wilson,WTS Porterfield,Nadeem Ahmed,0,0,"",""
ball,2,12.6,Ireland,GC Wilson,WTS Porterfield,Nadeem Ahmed,0,0,"",""
ball,2,13.1,Ireland,WTS Porterfield,GC Wilson,Nizakat Khan,0,0,"",""
ball,2,13.2,Ireland,WTS Porterfield,GC Wilson,Nizakat Khan,0,0,"",""
ball,2,13.3,Ireland,WTS Porterfield,GC Wilson,Nizakat Khan,1,0,"",""
ball,2,13.4,Ireland,GC Wilson,WTS Porterfield,Nizakat Khan,1,0,"",""
ball,2,13.5,Ireland,WTS Porterfield,GC Wilson,Nizakat Khan,1,0,"",""
ball,2,13.6,Ireland,GC Wilson,WTS Porterfield,Nizakat Khan,0,0,"",""
ball,2,14.1,Ireland,WTS Porterfield,GC Wilson,Nadeem Ahmed,0,1,"",""
ball,2,14.2,Ireland,GC Wilson,WTS Porterfield,Nadeem Ahmed,1,0,"",""
ball,2,14.3,Ireland,WTS Porterfield,GC Wilson,Nadeem Ahmed,2,0,"",""
ball,2,14.4,Ireland,WTS Porterfield,GC Wilson,Nadeem Ahmed,4,0,"",""
ball,2,14.5,Ireland,WTS Porterfield,GC Wilson,Nadeem Ahmed,1,0,"",""
ball,2,14.6,Ireland,GC Wilson,WTS Porterfield,Nadeem Ahmed,1,0,"",""
ball,2,15.1,Ireland,GC Wilson,WTS Porterfield,Aizaz Khan,4,0,"",""
ball,2,15.2,Ireland,GC Wilson,WTS Porterfield,Aizaz Khan,1,0,"",""
ball,2,15.3,Ireland,WTS Porterfield,GC Wilson,Aizaz Khan,1,0,"",""
ball,2,15.4,Ireland,GC Wilson,WTS Porterfield,Aizaz Khan,0,0,"",""
ball,2,15.5,Ireland,GC Wilson,WTS Porterfield,Aizaz Khan,2,0,"",""
ball,2,15.6,Ireland,GC Wilson,WTS Porterfield,Aizaz Khan,0,1,"",""
ball,2,15.7,Ireland,GC Wilson,WTS Porterfield,Aizaz Khan,0,0,caught,GC Wilson
ball,2,16.1,Ireland,WTS Porterfield,SW Poynter,Irfan Ahmed,0,0,"",""
ball,2,16.2,Ireland,WTS Porterfield,SW Poynter,Irfan Ahmed,0,0,"",""
ball,2,16.3,Ireland,WTS Porterfield,SW Poynter,Irfan Ahmed,1,0,"",""
ball,2,16.4,Ireland,SW Poynter,WTS Porterfield,Irfan Ahmed,0,0,"",""
ball,2,16.5,Ireland,SW Poynter,WTS Porterfield,Irfan Ahmed,4,0,"",""
ball,2,16.6,Ireland,SW Poynter,WTS Porterfield,Irfan Ahmed,1,0,"",""
ball,2,17.1,Ireland,SW Poynter,WTS Porterfield,Haseeb Amjad,0,1,"",""
ball,2,17.2,Ireland,SW Poynter,WTS Porterfield,Haseeb Amjad,1,0,"",""
ball,2,17.3,Ireland,WTS Porterfield,SW Poynter,Haseeb Amjad,1,0,"",""
ball,2,17.4,Ireland,SW Poynter,WTS Porterfield,Haseeb Amjad,1,0,"",""
ball,2,17.5,Ireland,WTS Porterfield,SW Poynter,Haseeb Amjad,2,0,"",""
ball,2,17.6,Ireland,WTS Porterfield,SW Poynter,Haseeb Amjad,0,0,bowled,WTS Porterfield
ball,2,17.7,Ireland,SR Thompson,SW Poynter,Haseeb Amjad,0,0,run out,SR Thompson
ball,2,18.1,Ireland,JF Mooney,SW Poynter,Irfan Ahmed,1,0,"",""
ball,2,18.2,Ireland,SW Poynter,JF Mooney,Irfan Ahmed,0,0,"",""
ball,2,18.3,Ireland,SW Poynter,JF Mooney,Irfan Ahmed,0,0,caught,SW Poynter
ball,2,18.4,Ireland,GH Dockrell,JF Mooney,Irfan Ahmed,0,0,"",""
ball,2,18.5,Ireland,GH Dockrell,JF Mooney,Irfan Ahmed,0,0,caught,GH Dockrell
ball,2,18.6,Ireland,JF Mooney,AR Cusack,Irfan Ahmed,1,0,"",""
ball,2,19.1,Ireland,JF Mooney,AR Cusack,Haseeb Amjad,4,0,"",""
ball,2,19.2,Ireland,JF Mooney,AR Cusack,Haseeb Amjad,0,0,"",""
ball,2,19.3,Ireland,JF Mooney,AR Cusack,Haseeb Amjad,2,0,"",""
ball,2,19.4,Ireland,JF Mooney,AR Cusack,Haseeb Amjad,0,1,"",""
ball,2,19.5,Ireland,JF Mooney,AR Cusack,Haseeb Amjad,0,0,"",""
ball,2,19.6,Ireland,JF Mooney,AR Cusack,Haseeb Amjad,6,0,"",""
ball,2,19.7,Ireland,JF Mooney,AR Cusack,Haseeb Amjad,4,0,"",""
