version,1.3.0
info,team,Nepal
info,team,Papua New Guinea
info,gender,male
info,season,2015
info,date,2015/07/17
info,competition,ICC World Twenty20 Qualifier
info,match_number,29
info,venue,"The Village, Malahide"
info,city,Dublin
info,neutralvenue,true
info,toss_winner,Papua New Guinea
info,toss_decision,field
info,player_of_match,A Vala
info,umpire,JD Cloete
info,umpire,RT Robinson
info,reserve_umpire,P Wilson
info,tv_umpire,RSA Palliyaguruge
info,match_referee,SR Bernard
info,winner,Papua New Guinea
info,winner_wickets,8
ball,1,0.1,Nepal,Sagar Pun,PS Airee,L Nou,0,0,"",""
ball,1,0.2,Nepal,Sagar Pun,PS Airee,L Nou,0,0,"",""
ball,1,0.3,Nepal,Sagar Pun,PS Airee,L Nou,0,0,"",""
ball,1,0.4,Nepal,Sagar Pun,PS Airee,L Nou,4,0,"",""
ball,1,0.5,Nepal,Sagar Pun,PS Airee,L Nou,1,0,"",""
ball,1,0.6,Nepal,PS Airee,Sagar Pun,L Nou,0,0,"",""
ball,1,1.1,Nepal,Sagar Pun,PS Airee,N Vanua,4,0,"",""
ball,1,1.2,Nepal,Sagar Pun,PS Airee,N Vanua,4,0,"",""
ball,1,1.3,Nepal,Sagar Pun,PS Airee,N Vanua,0,0,"",""
ball,1,1.4,Nepal,Sagar Pun,PS Airee,N Vanua,0,0,"",""
ball,1,1.5,Nepal,Sagar Pun,PS Airee,N Vanua,0,0,"",""
ball,1,1.6,Nepal,Sagar Pun,PS Airee,N Vanua,1,0,"",""
ball,1,2.1,Nepal,Sagar Pun,PS Airee,L Nou,1,0,"",""
ball,1,2.2,Nepal,PS Airee,Sagar Pun,L Nou,2,0,run out,Sagar Pun
ball,1,2.3,Nepal,G Malla,PS Airee,L Nou,1,0,"",""
ball,1,2.4,Nepal,PS Airee,G Malla,L Nou,1,0,"",""
ball,1,2.5,Nepal,G Malla,PS Airee,L Nou,0,0,"",""
ball,1,2.6,Nepal,G Malla,PS Airee,L Nou,0,0,"",""
ball,1,3.1,Nepal,PS Airee,G Malla,N Vanua,0,0,"",""
ball,1,3.2,Nepal,PS Airee,G Malla,N Vanua,0,0,"",""
ball,1,3.3,Nepal,PS Airee,G Malla,N Vanua,0,0,"",""
ball,1,3.4,Nepal,PS Airee,G Malla,N Vanua,0,0,"",""
ball,1,3.5,Nepal,PS Airee,G Malla,N Vanua,1,0,"",""
ball,1,3.6,Nepal,G Malla,PS Airee,N Vanua,0,0,"",""
ball,1,4.1,Nepal,PS Airee,G Malla,WT Gavera,0,0,"",""
ball,1,4.2,Nepal,PS Airee,G Malla,WT Gavera,0,0,"",""
ball,1,4.3,Nepal,PS Airee,G Malla,WT Gavera,0,0,"",""
ball,1,4.4,Nepal,PS Airee,G Malla,WT Gavera,2,0,"",""
ball,1,4.5,Nepal,PS Airee,G Malla,WT Gavera,4,0,"",""
ball,1,4.6,Nepal,PS Airee,G Malla,WT Gavera,0,4,"",""
ball,1,5.1,Nepal,G Malla,PS Airee,JB Reva,1,0,"",""
ball,1,5.2,Nepal,PS Airee,G Malla,JB Reva,2,0,"",""
ball,1,5.3,Nepal,PS Airee,G Malla,JB Reva,0,0,"",""
ball,1,5.4,Nepal,PS Airee,G Malla,JB Reva,0,0,"",""
ball,1,5.5,Nepal,PS Airee,G Malla,JB Reva,1,0,"",""
ball,1,5.6,Nepal,G Malla,PS Airee,JB Reva,0,0,"",""
ball,1,6.1,Nepal,PS Airee,G Malla,WT Gavera,4,0,"",""
ball,1,6.2,Nepal,PS Airee,G Malla,WT Gavera,4,0,"",""
ball,1,6.3,Nepal,PS Airee,G Malla,WT Gavera,4,0,"",""
ball,1,6.4,Nepal,PS Airee,G Malla,WT Gavera,2,0,"",""
ball,1,6.5,Nepal,PS Airee,G Malla,WT Gavera,0,0,"",""
ball,1,6.6,Nepal,PS Airee,G Malla,WT Gavera,0,0,"",""
ball,1,7.1,Nepal,G Malla,PS Airee,MD Dai,0,0,bowled,G Malla
ball,1,7.2,Nepal,P Khadka,PS Airee,MD Dai,0,0,"",""
ball,1,7.3,Nepal,P Khadka,PS Airee,MD Dai,1,0,"",""
ball,1,7.4,Nepal,PS Airee,P Khadka,MD Dai,0,0,"",""
ball,1,7.5,Nepal,PS Airee,P Khadka,MD Dai,1,0,"",""
ball,1,7.6,Nepal,P Khadka,PS Airee,MD Dai,1,0,"",""
ball,1,8.1,Nepal,P Khadka,PS Airee,JB Reva,0,0,"",""
ball,1,8.2,Nepal,P Khadka,PS Airee,JB Reva,0,0,"",""
ball,1,8.3,Nepal,P Khadka,PS Airee,JB Reva,1,0,"",""
ball,1,8.4,Nepal,PS Airee,P Khadka,JB Reva,1,0,"",""
ball,1,8.5,Nepal,P Khadka,PS Airee,JB Reva,1,0,"",""
ball,1,8.6,Nepal,PS Airee,P Khadka,JB Reva,0,0,bowled,PS Airee
ball,1,9.1,Nepal,P Khadka,S Vesawkar,MD Dai,1,0,"",""
ball,1,9.2,Nepal,S Vesawkar,P Khadka,MD Dai,1,0,"",""
ball,1,9.3,Nepal,P Khadka,S Vesawkar,MD Dai,0,0,caught,P Khadka
ball,1,9.4,Nepal,RP Magar,S Vesawkar,MD Dai,0,0,"",""
ball,1,9.5,Nepal,RP Magar,S Vesawkar,MD Dai,0,0,"",""
ball,1,9.6,Nepal,RP Magar,S Vesawkar,MD Dai,0,0,"",""
ball,1,10.1,Nepal,S Vesawkar,RP Magar,JB Reva,1,0,"",""
ball,1,10.2,Nepal,RP Magar,S Vesawkar,JB Reva,0,0,"",""
ball,1,10.3,Nepal,RP Magar,S Vesawkar,JB Reva,0,0,"",""
ball,1,10.4,Nepal,RP Magar,S Vesawkar,JB Reva,0,1,"",""
ball,1,10.5,Nepal,S Vesawkar,RP Magar,JB Reva,0,0,"",""
ball,1,10.6,Nepal,S Vesawkar,RP Magar,JB Reva,1,0,"",""
ball,1,11.1,Nepal,S Vesawkar,RP Magar,MD Dai,1,0,"",""
ball,1,11.2,Nepal,RP Magar,S Vesawkar,MD Dai,0,0,"",""
ball,1,11.3,Nepal,RP Magar,S Vesawkar,MD Dai,1,0,"",""
ball,1,11.4,Nepal,S Vesawkar,RP Magar,MD Dai,1,0,"",""
ball,1,11.5,Nepal,RP Magar,S Vesawkar,MD Dai,0,0,"",""
ball,1,11.6,Nepal,RP Magar,S Vesawkar,MD Dai,0,0,"",""
ball,1,12.1,Nepal,S Vesawkar,RP Magar,L Nou,1,0,"",""
ball,1,12.2,Nepal,RP Magar,S Vesawkar,L Nou,1,0,"",""
ball,1,12.3,Nepal,S Vesawkar,RP Magar,L Nou,0,0,"",""
ball,1,12.4,Nepal,S Vesawkar,RP Magar,L Nou,1,0,"",""
ball,1,12.5,Nepal,RP Magar,S Vesawkar,L Nou,1,0,"",""
ball,1,12.6,Nepal,S Vesawkar,RP Magar,L Nou,1,0,"",""
ball,1,13.1,Nepal,S Vesawkar,RP Magar,MD Dai,1,0,"",""
ball,1,13.2,Nepal,RP Magar,S Vesawkar,MD Dai,0,0,"",""
ball,1,13.3,Nepal,RP Magar,S Vesawkar,MD Dai,1,0,"",""
ball,1,13.4,Nepal,S Vesawkar,RP Magar,MD Dai,1,0,"",""
ball,1,13.5,Nepal,RP Magar,S Vesawkar,MD Dai,1,0,"",""
ball,1,13.6,Nepal,S Vesawkar,RP Magar,MD Dai,1,0,"",""
ball,1,14.1,Nepal,S Vesawkar,RP Magar,N Vanua,0,1,"",""
ball,1,14.2,Nepal,S Vesawkar,RP Magar,N Vanua,0,0,"",""
ball,1,14.3,Nepal,S Vesawkar,RP Magar,N Vanua,0,1,"",""
ball,1,14.4,Nepal,S Vesawkar,RP Magar,N Vanua,0,0,caught,S Vesawkar
ball,1,14.5,Nepal,RP Magar,B Bhandari,N Vanua,1,0,"",""
ball,1,14.6,Nepal,B Bhandari,RP Magar,N Vanua,4,0,"",""
ball,1,14.7,Nepal,B Bhandari,RP Magar,N Vanua,0,0,run out,B Bhandari
ball,1,14.8,Nepal,RP Magar,Sompal Kami,N Vanua,0,0,"",""
ball,1,15.1,Nepal,Sompal Kami,RP Magar,A Vala,1,0,"",""
ball,1,15.2,Nepal,RP Magar,Sompal Kami,A Vala,1,0,"",""
ball,1,15.3,Nepal,Sompal Kami,RP Magar,A Vala,0,0,"",""
ball,1,15.4,Nepal,Sompal Kami,RP Magar,A Vala,1,0,"",""
ball,1,15.5,Nepal,RP Magar,Sompal Kami,A Vala,0,0,caught,RP Magar
ball,1,15.6,Nepal,Sompal Kami,B Regmi,A Vala,0,0,"",""
ball,1,16.1,Nepal,B Regmi,Sompal Kami,WT Gavera,0,0,"",""
ball,1,16.2,Nepal,B Regmi,Sompal Kami,WT Gavera,0,1,"",""
ball,1,16.3,Nepal,Sompal Kami,B Regmi,WT Gavera,1,0,"",""
ball,1,16.4,Nepal,B Regmi,Sompal Kami,WT Gavera,1,0,"",""
ball,1,16.5,Nepal,Sompal Kami,B Regmi,WT Gavera,0,0,"",""
ball,1,16.6,Nepal,Sompal Kami,B Regmi,WT Gavera,1,0,"",""
ball,1,17.1,Nepal,Sompal Kami,B Regmi,A Vala,0,0,run out,B Regmi
ball,1,17.2,Nepal,SP Gauchan,Sompal Kami,A Vala,0,0,"",""
ball,1,17.3,Nepal,SP Gauchan,Sompal Kami,A Vala,0,0,"",""
ball,1,17.4,Nepal,SP Gauchan,Sompal Kami,A Vala,0,0,"",""
ball,1,17.5,Nepal,SP Gauchan,Sompal Kami,A Vala,0,0,"",""
ball,1,17.6,Nepal,SP Gauchan,Sompal Kami,A Vala,1,0,"",""
ball,1,18.1,Nepal,SP Gauchan,Sompal Kami,JB Reva,0,0,"",""
ball,1,18.2,Nepal,SP Gauchan,Sompal Kami,JB Reva,0,0,"",""
ball,1,18.3,Nepal,SP Gauchan,Sompal Kami,JB Reva,1,0,"",""
ball,1,18.4,Nepal,Sompal Kami,SP Gauchan,JB Reva,0,0,caught,Sompal Kami
ball,1,18.5,Nepal,Karan KC,SP Gauchan,JB Reva,0,1,"",""
ball,1,18.6,Nepal,SP Gauchan,Karan KC,JB Reva,1,0,"",""
ball,1,19.1,Nepal,SP Gauchan,Karan KC,A Vala,2,0,"",""
ball,1,19.2,Nepal,SP Gauchan,Karan KC,A Vala,0,0,"",""
ball,1,19.3,Nepal,SP Gauchan,Karan KC,A Vala,1,0,"",""
ball,1,19.4,Nepal,Karan KC,SP Gauchan,A Vala,0,0,caught,Karan KC
ball,2,0.1,Papua New Guinea,TP Ura,L Siaka,SP Gauchan,0,0,"",""
ball,2,0.2,Papua New Guinea,TP Ura,L Siaka,SP Gauchan,1,0,"",""
ball,2,0.3,Papua New Guinea,L Siaka,TP Ura,SP Gauchan,0,0,"",""
ball,2,0.4,Papua New Guinea,L Siaka,TP Ura,SP Gauchan,1,0,"",""
ball,2,0.5,Papua New Guinea,TP Ura,L Siaka,SP Gauchan,6,0,"",""
ball,2,0.6,Papua New Guinea,TP Ura,L Siaka,SP Gauchan,2,0,"",""
ball,2,1.1,Papua New Guinea,L Siaka,TP Ura,Sompal Kami,0,0,"",""
ball,2,1.2,Papua New Guinea,L Siaka,TP Ura,Sompal Kami,0,0,caught,L Siaka
ball,2,1.3,Papua New Guinea,A Vala,TP Ura,Sompal Kami,0,1,"",""
ball,2,1.4,Papua New Guinea,A Vala,TP Ura,Sompal Kami,2,0,"",""
ball,2,1.5,Papua New Guinea,A Vala,TP Ura,Sompal Kami,0,0,"",""
ball,2,1.6,Papua New Guinea,A Vala,TP Ura,Sompal Kami,0,0,"",""
ball,2,1.7,Papua New Guinea,A Vala,TP Ura,Sompal Kami,0,0,"",""
ball,2,2.1,Papua New Guinea,TP Ura,A Vala,Karan KC,0,0,"",""
ball,2,2.2,Papua New Guinea,TP Ura,A Vala,Karan KC,4,0,"",""
ball,2,2.3,Papua New Guinea,TP Ura,A Vala,Karan KC,2,0,"",""
ball,2,2.4,Papua New Guinea,TP Ura,A Vala,Karan KC,0,1,"",""
ball,2,2.5,Papua New Guinea,TP Ura,A Vala,Karan KC,0,1,"",""
ball,2,2.6,Papua New Guinea,TP Ura,A Vala,Karan KC,4,0,"",""
ball,2,2.7,Papua New Guinea,TP Ura,A Vala,Karan KC,0,0,"",""
ball,2,2.8,Papua New Guinea,TP Ura,A Vala,Karan KC,4,0,"",""
ball,2,3.1,Papua New Guinea,A Vala,TP Ura,Sompal Kami,1,0,"",""
ball,2,3.2,Papua New Guinea,TP Ura,A Vala,Sompal Kami,1,0,"",""
ball,2,3.3,Papua New Guinea,A Vala,TP Ura,Sompal Kami,0,0,"",""
ball,2,3.4,Papua New Guinea,A Vala,TP Ura,Sompal Kami,0,0,"",""
ball,2,3.5,Papua New Guinea,A Vala,TP Ura,Sompal Kami,0,1,"",""
ball,2,3.6,Papua New Guinea,TP Ura,A Vala,Sompal Kami,1,0,"",""
ball,2,4.1,Papua New Guinea,TP Ura,A Vala,P Khadka,1,0,"",""
ball,2,4.2,Papua New Guinea,A Vala,TP Ura,P Khadka,0,0,"",""
ball,2,4.3,Papua New Guinea,A Vala,TP Ura,P Khadka,1,0,"",""
ball,2,4.4,Papua New Guinea,TP Ura,A Vala,P Khadka,0,0,"",""
ball,2,4.5,Papua New Guinea,TP Ura,A Vala,P Khadka,1,0,"",""
ball,2,4.6,Papua New Guinea,A Vala,TP Ura,P Khadka,1,0,"",""
ball,2,5.1,Papua New Guinea,A Vala,TP Ura,Sompal Kami,0,0,"",""
ball,2,5.2,Papua New Guinea,A Vala,TP Ura,Sompal Kami,1,0,"",""
ball,2,5.3,Papua New Guinea,TP Ura,A Vala,Sompal Kami,0,0,"",""
ball,2,5.4,Papua New Guinea,TP Ura,A Vala,Sompal Kami,4,0,"",""
ball,2,5.5,Papua New Guinea,TP Ura,A Vala,Sompal Kami,1,0,"",""
ball,2,5.6,Papua New Guinea,A Vala,TP Ura,Sompal Kami,2,0,"",""
ball,2,6.1,Papua New Guinea,TP Ura,A Vala,P Khadka,0,0,"",""
ball,2,6.2,Papua New Guinea,TP Ura,A Vala,P Khadka,0,1,"",""
ball,2,6.3,Papua New Guinea,A Vala,TP Ura,P Khadka,0,1,"",""
ball,2,6.4,Papua New Guinea,A Vala,TP Ura,P Khadka,4,0,"",""
ball,2,6.5,Papua New Guinea,A Vala,TP Ura,P Khadka,0,0,"",""
ball,2,6.6,Papua New Guinea,A Vala,TP Ura,P Khadka,0,0,"",""
ball,2,6.7,Papua New Guinea,A Vala,TP Ura,P Khadka,0,0,"",""
ball,2,7.1,Papua New Guinea,TP Ura,A Vala,B Regmi,0,1,"",""
ball,2,7.2,Papua New Guinea,TP Ura,A Vala,B Regmi,0,1,"",""
ball,2,7.3,Papua New Guinea,TP Ura,A Vala,B Regmi,0,0,stumped,TP Ura
ball,2,7.4,Papua New Guinea,K Pala,A Vala,B Regmi,1,0,"",""
ball,2,7.5,Papua New Guinea,A Vala,K Pala,B Regmi,0,0,"",""
ball,2,7.6,Papua New Guinea,A Vala,K Pala,B Regmi,0,0,"",""
ball,2,7.7,Papua New Guinea,A Vala,K Pala,B Regmi,1,0,"",""
ball,2,7.8,Papua New Guinea,K Pala,A Vala,B Regmi,0,0,"",""
ball,2,8.1,Papua New Guinea,A Vala,K Pala,P Khadka,0,0,"",""
ball,2,8.2,Papua New Guinea,A Vala,K Pala,P Khadka,0,0,"",""
ball,2,8.3,Papua New Guinea,A Vala,K Pala,P Khadka,1,0,"",""
ball,2,8.4,Papua New Guinea,K Pala,A Vala,P Khadka,1,0,"",""
ball,2,8.5,Papua New Guinea,A Vala,K Pala,P Khadka,1,0,"",""
ball,2,8.6,Papua New Guinea,K Pala,A Vala,P Khadka,0,0,"",""
ball,2,9.1,Papua New Guinea,A Vala,K Pala,SP Gauchan,1,0,"",""
ball,2,9.2,Papua New Guinea,K Pala,A Vala,SP Gauchan,0,0,"",""
ball,2,9.3,Papua New Guinea,K Pala,A Vala,SP Gauchan,4,0,"",""
ball,2,9.4,Papua New Guinea,K Pala,A Vala,SP Gauchan,0,0,"",""
ball,2,9.5,Papua New Guinea,K Pala,A Vala,SP Gauchan,0,0,"",""
ball,2,9.6,Papua New Guinea,K Pala,A Vala,SP Gauchan,0,0,"",""
ball,2,10.1,Papua New Guinea,A Vala,K Pala,B Regmi,0,0,"",""
ball,2,10.2,Papua New Guinea,A Vala,K Pala,B Regmi,0,1,"",""
ball,2,10.3,Papua New Guinea,A Vala,K Pala,B Regmi,4,0,"",""
ball,2,10.4,Papua New Guinea,A Vala,K Pala,B Regmi,0,0,"",""
ball,2,10.5,Papua New Guinea,A Vala,K Pala,B Regmi,1,0,"",""
ball,2,10.6,Papua New Guinea,K Pala,A Vala,B Regmi,0,0,"",""
ball,2,10.7,Papua New Guinea,K Pala,A Vala,B Regmi,2,0,"",""
ball,2,11.1,Papua New Guinea,A Vala,K Pala,SP Gauchan,0,0,"",""
ball,2,11.2,Papua New Guinea,A Vala,K Pala,SP Gauchan,0,1,"",""
ball,2,11.3,Papua New Guinea,A Vala,K Pala,SP Gauchan,0,0,"",""
ball,2,11.4,Papua New Guinea,A Vala,K Pala,SP Gauchan,0,0,"",""
ball,2,11.5,Papua New Guinea,A Vala,K Pala,SP Gauchan,0,0,"",""
ball,2,11.6,Papua New Guinea,A Vala,K Pala,SP Gauchan,0,0,"",""
ball,2,11.7,Papua New Guinea,A Vala,K Pala,SP Gauchan,0,0,"",""
ball,2,12.1,Papua New Guinea,K Pala,A Vala,B Regmi,1,0,"",""
ball,2,12.2,Papua New Guinea,A Vala,K Pala,B Regmi,0,0,"",""
ball,2,12.3,Papua New Guinea,A Vala,K Pala,B Regmi,2,0,"",""
ball,2,12.4,Papua New Guinea,A Vala,K Pala,B Regmi,0,0,"",""
ball,2,12.5,Papua New Guinea,A Vala,K Pala,B Regmi,0,0,"",""
ball,2,12.6,Papua New Guinea,A Vala,K Pala,B Regmi,1,0,"",""
ball,2,13.1,Papua New Guinea,A Vala,K Pala,P Khadka,1,0,"",""
ball,2,13.2,Papua New Guinea,K Pala,A Vala,P Khadka,6,0,"",""
ball,2,13.3,Papua New Guinea,K Pala,A Vala,P Khadka,0,0,"",""
ball,2,13.4,Papua New Guinea,K Pala,A Vala,P Khadka,1,0,"",""
ball,2,13.5,Papua New Guinea,A Vala,K Pala,P Khadka,3,0,"",""
ball,2,13.6,Papua New Guinea,K Pala,A Vala,P Khadka,6,0,"",""
ball,2,14.1,Papua New Guinea,A Vala,K Pala,B Regmi,6,0,"",""
