version,1.3.0
info,team,Australia
info,team,India
info,gender,male
info,season,2015/16
info,date,2016/01/31
info,series,India in Australia T20I Series
info,match_number,3
info,venue,Sydney Cricket Ground
info,city,
info,toss_winner,Australia
info,toss_decision,bat
info,player_of_match,SR Watson
info,umpire,SD Fry
info,umpire,JD Ward
info,reserve_umpire,GC Joshua
info,tv_umpire,P Wilson
info,match_referee,JJ Crowe
info,winner,India
info,winner_wickets,7
ball,1,0.1,Australia,UT Khawaja,SR Watson,A Nehra,1,0,"",""
ball,1,0.2,Australia,SR Watson,UT Khawaja,A Nehra,0,0,"",""
ball,1,0.3,Australia,SR Watson,UT Khawaja,A Nehra,0,0,"",""
ball,1,0.4,Australia,SR Watson,UT Khawaja,A Nehra,0,0,"",""
ball,1,0.5,Australia,SR Watson,UT Khawaja,A Nehra,0,0,"",""
ball,1,0.6,Australia,SR Watson,UT Khawaja,A Nehra,0,0,"",""
ball,1,1.1,Australia,UT Khawaja,SR Watson,JJ Bumrah,3,0,"",""
ball,1,1.2,Australia,SR Watson,UT Khawaja,JJ Bumrah,0,0,"",""
ball,1,1.3,Australia,SR Watson,UT Khawaja,JJ Bumrah,1,0,"",""
ball,1,1.4,Australia,UT Khawaja,SR Watson,JJ Bumrah,4,0,"",""
ball,1,1.5,Australia,UT Khawaja,SR Watson,JJ Bumrah,4,0,"",""
ball,1,1.6,Australia,UT Khawaja,SR Watson,JJ Bumrah,2,0,"",""
ball,1,2.1,Australia,SR Watson,UT Khawaja,A Nehra,1,0,"",""
ball,1,2.2,Australia,UT Khawaja,SR Watson,A Nehra,0,0,caught,UT Khawaja
ball,1,2.3,Australia,SE Marsh,SR Watson,A Nehra,0,0,"",""
ball,1,2.4,Australia,SE Marsh,SR Watson,A Nehra,1,0,"",""
ball,1,2.5,Australia,SR Watson,SE Marsh,A Nehra,6,0,"",""
ball,1,2.6,Australia,SR Watson,SE Marsh,A Nehra,1,0,"",""
ball,1,3.1,Australia,SR Watson,SE Marsh,JJ Bumrah,0,0,"",""
ball,1,3.2,Australia,SR Watson,SE Marsh,JJ Bumrah,0,0,"",""
ball,1,3.3,Australia,SR Watson,SE Marsh,JJ Bumrah,0,1,"",""
ball,1,3.4,Australia,SR Watson,SE Marsh,JJ Bumrah,4,1,"",""
ball,1,3.5,Australia,SR Watson,SE Marsh,JJ Bumrah,4,0,"",""
ball,1,3.6,Australia,SR Watson,SE Marsh,JJ Bumrah,1,0,"",""
ball,1,3.7,Australia,SE Marsh,SR Watson,JJ Bumrah,0,1,"",""
ball,1,3.8,Australia,SR Watson,SE Marsh,JJ Bumrah,1,0,"",""
ball,1,4.1,Australia,SR Watson,SE Marsh,A Nehra,4,0,"",""
ball,1,4.2,Australia,SR Watson,SE Marsh,A Nehra,4,0,"",""
ball,1,4.3,Australia,SR Watson,SE Marsh,A Nehra,0,0,"",""
ball,1,4.4,Australia,SR Watson,SE Marsh,A Nehra,0,0,"",""
ball,1,4.5,Australia,SR Watson,SE Marsh,A Nehra,1,0,"",""
ball,1,4.6,Australia,SE Marsh,SR Watson,A Nehra,2,0,"",""
ball,1,5.1,Australia,SR Watson,SE Marsh,R Ashwin,2,0,"",""
ball,1,5.2,Australia,SR Watson,SE Marsh,R Ashwin,0,0,"",""
ball,1,5.3,Australia,SR Watson,SE Marsh,R Ashwin,4,0,"",""
ball,1,5.4,Australia,SR Watson,SE Marsh,R Ashwin,0,0,"",""
ball,1,5.5,Australia,SR Watson,SE Marsh,R Ashwin,3,0,"",""
ball,1,5.6,Australia,SE Marsh,SR Watson,R Ashwin,0,0,"",""
ball,1,6.1,Australia,SR Watson,SE Marsh,RA Jadeja,1,0,"",""
ball,1,6.2,Australia,SE Marsh,SR Watson,RA Jadeja,0,0,"",""
ball,1,6.3,Australia,SE Marsh,SR Watson,RA Jadeja,0,0,"",""
ball,1,6.4,Australia,SE Marsh,SR Watson,RA Jadeja,0,0,"",""
ball,1,6.5,Australia,SE Marsh,SR Watson,RA Jadeja,1,0,"",""
ball,1,6.6,Australia,SR Watson,SE Marsh,RA Jadeja,4,0,"",""
ball,1,7.1,Australia,SE Marsh,SR Watson,R Ashwin,4,0,"",""
ball,1,7.2,Australia,SE Marsh,SR Watson,R Ashwin,1,0,"",""
ball,1,7.3,Australia,SR Watson,SE Marsh,R Ashwin,1,0,"",""
ball,1,7.4,Australia,SE Marsh,SR Watson,R Ashwin,0,0,bowled,SE Marsh
ball,1,7.5,Australia,GJ Maxwell,SR Watson,R Ashwin,1,0,"",""
ball,1,7.6,Australia,SR Watson,GJ Maxwell,R Ashwin,2,0,"",""
ball,1,8.1,Australia,GJ Maxwell,SR Watson,RA Jadeja,0,0,"",""
ball,1,8.2,Australia,GJ Maxwell,SR Watson,RA Jadeja,1,0,"",""
ball,1,8.3,Australia,SR Watson,GJ Maxwell,RA Jadeja,0,0,"",""
ball,1,8.4,Australia,SR Watson,GJ Maxwell,RA Jadeja,1,0,"",""
ball,1,8.5,Australia,GJ Maxwell,SR Watson,RA Jadeja,1,0,"",""
ball,1,8.6,Australia,SR Watson,GJ Maxwell,RA Jadeja,0,0,"",""
ball,1,9.1,Australia,GJ Maxwell,SR Watson,Yuvraj Singh,0,0,caught,GJ Maxwell
ball,1,9.2,Australia,TM Head,SR Watson,Yuvraj Singh,2,0,"",""
ball,1,9.3,Australia,TM Head,SR Watson,Yuvraj Singh,1,0,"",""
ball,1,9.4,Australia,SR Watson,TM Head,Yuvraj Singh,0,0,"",""
ball,1,9.5,Australia,SR Watson,TM Head,Yuvraj Singh,1,0,"",""
ball,1,9.6,Australia,TM Head,SR Watson,Yuvraj Singh,1,0,"",""
ball,1,10.1,Australia,TM Head,SR Watson,HH Pandya,1,0,"",""
ball,1,10.2,Australia,SR Watson,TM Head,HH Pandya,4,0,"",""
ball,1,10.3,Australia,SR Watson,TM Head,HH Pandya,0,1,"",""
ball,1,10.4,Australia,SR Watson,TM Head,HH Pandya,1,0,"",""
ball,1,10.5,Australia,TM Head,SR Watson,HH Pandya,0,0,"",""
ball,1,10.6,Australia,TM Head,SR Watson,HH Pandya,1,0,"",""
ball,1,10.7,Australia,SR Watson,TM Head,HH Pandya,1,0,"",""
ball,1,11.1,Australia,SR Watson,TM Head,Yuvraj Singh,2,0,"",""
ball,1,11.2,Australia,SR Watson,TM Head,Yuvraj Singh,1,0,"",""
ball,1,11.3,Australia,TM Head,SR Watson,Yuvraj Singh,6,0,"",""
ball,1,11.4,Australia,TM Head,SR Watson,Yuvraj Singh,4,0,"",""
ball,1,11.5,Australia,TM Head,SR Watson,Yuvraj Singh,0,0,"",""
ball,1,11.6,Australia,TM Head,SR Watson,Yuvraj Singh,1,0,"",""
ball,1,12.1,Australia,TM Head,SR Watson,HH Pandya,1,0,"",""
ball,1,12.2,Australia,SR Watson,TM Head,HH Pandya,2,0,"",""
ball,1,12.3,Australia,SR Watson,TM Head,HH Pandya,4,0,"",""
ball,1,12.4,Australia,SR Watson,TM Head,HH Pandya,0,1,"",""
ball,1,12.5,Australia,SR Watson,TM Head,HH Pandya,0,1,"",""
ball,1,12.6,Australia,SR Watson,TM Head,HH Pandya,0,0,"",""
ball,1,12.7,Australia,SR Watson,TM Head,HH Pandya,4,0,"",""
ball,1,12.8,Australia,SR Watson,TM Head,HH Pandya,2,0,"",""
ball,1,13.1,Australia,TM Head,SR Watson,R Ashwin,1,0,"",""
ball,1,13.2,Australia,SR Watson,TM Head,R Ashwin,0,1,"",""
ball,1,13.3,Australia,SR Watson,TM Head,R Ashwin,2,0,"",""
ball,1,13.4,Australia,SR Watson,TM Head,R Ashwin,1,0,"",""
ball,1,13.5,Australia,TM Head,SR Watson,R Ashwin,2,0,"",""
ball,1,13.6,Australia,TM Head,SR Watson,R Ashwin,1,0,"",""
ball,1,13.7,Australia,SR Watson,TM Head,R Ashwin,1,0,"",""
ball,1,14.1,Australia,SR Watson,TM Head,RA Jadeja,2,0,"",""
ball,1,14.2,Australia,SR Watson,TM Head,RA Jadeja,6,0,"",""
ball,1,14.3,Australia,SR Watson,TM Head,RA Jadeja,1,0,"",""
ball,1,14.4,Australia,TM Head,SR Watson,RA Jadeja,2,0,"",""
ball,1,14.5,Australia,TM Head,SR Watson,RA Jadeja,1,0,"",""
ball,1,14.6,Australia,SR Watson,TM Head,RA Jadeja,1,0,"",""
ball,1,15.1,Australia,SR Watson,TM Head,R Ashwin,1,0,"",""
ball,1,15.2,Australia,TM Head,SR Watson,R Ashwin,1,0,"",""
ball,1,15.3,Australia,SR Watson,TM Head,R Ashwin,6,0,"",""
ball,1,15.4,Australia,SR Watson,TM Head,R Ashwin,0,0,"",""
ball,1,15.5,Australia,SR Watson,TM Head,R Ashwin,1,0,"",""
ball,1,15.6,Australia,TM Head,SR Watson,R Ashwin,0,0,"",""
ball,1,16.1,Australia,SR Watson,TM Head,RA Jadeja,6,0,"",""
ball,1,16.2,Australia,SR Watson,TM Head,RA Jadeja,2,0,"",""
ball,1,16.3,Australia,SR Watson,TM Head,RA Jadeja,4,0,"",""
ball,1,16.4,Australia,SR Watson,TM Head,RA Jadeja,6,0,"",""
ball,1,16.5,Australia,SR Watson,TM Head,RA Jadeja,1,0,"",""
ball,1,16.6,Australia,TM Head,SR Watson,RA Jadeja,0,0,bowled,TM Head
ball,1,17.1,Australia,SR Watson,CA Lynn,JJ Bumrah,0,0,"",""
ball,1,17.2,Australia,SR Watson,CA Lynn,JJ Bumrah,1,0,"",""
ball,1,17.3,Australia,CA Lynn,SR Watson,JJ Bumrah,4,0,"",""
ball,1,17.4,Australia,CA Lynn,SR Watson,JJ Bumrah,1,0,"",""
ball,1,17.5,Australia,SR Watson,CA Lynn,JJ Bumrah,1,0,"",""
ball,1,17.6,Australia,CA Lynn,SR Watson,JJ Bumrah,1,0,"",""
ball,1,18.1,Australia,CA Lynn,SR Watson,A Nehra,1,0,"",""
ball,1,18.2,Australia,SR Watson,CA Lynn,A Nehra,1,0,"",""
ball,1,18.3,Australia,CA Lynn,SR Watson,A Nehra,1,0,"",""
ball,1,18.4,Australia,SR Watson,CA Lynn,A Nehra,6,0,"",""
ball,1,18.5,Australia,SR Watson,CA Lynn,A Nehra,1,0,"",""
ball,1,18.6,Australia,CA Lynn,SR Watson,A Nehra,1,0,"",""
ball,1,19.1,Australia,CA Lynn,SR Watson,JJ Bumrah,0,1,"",""
ball,1,19.2,Australia,SR Watson,CA Lynn,JJ Bumrah,1,0,"",""
ball,1,19.3,Australia,CA Lynn,SR Watson,JJ Bumrah,4,0,"",""
ball,1,19.4,Australia,CA Lynn,SR Watson,JJ Bumrah,0,0,caught,CA Lynn
ball,1,19.5,Australia,SR Watson,CT Bancroft,JJ Bumrah,2,0,"",""
ball,1,19.6,Australia,SR Watson,CT Bancroft,JJ Bumrah,2,0,"",""
ball,2,0.1,India,RG Sharma,S Dhawan,SW Tait,0,0,"",""
ball,2,0.2,India,RG Sharma,S Dhawan,SW Tait,0,0,"",""
ball,2,0.3,India,RG Sharma,S Dhawan,SW Tait,4,0,"",""
ball,2,0.4,India,RG Sharma,S Dhawan,SW Tait,0,1,"",""
ball,2,0.5,India,RG Sharma,S Dhawan,SW Tait,0,0,"",""
ball,2,0.6,India,RG Sharma,S Dhawan,SW Tait,0,1,"",""
ball,2,0.7,India,RG Sharma,S Dhawan,SW Tait,1,0,"",""
ball,2,0.8,India,S Dhawan,RG Sharma,SW Tait,0,0,"",""
ball,2,1.1,India,RG Sharma,S Dhawan,SM Boland,1,0,"",""
ball,2,1.2,India,S Dhawan,RG Sharma,SM Boland,4,0,"",""
ball,2,1.3,India,S Dhawan,RG Sharma,SM Boland,1,0,"",""
ball,2,1.4,India,RG Sharma,S Dhawan,SM Boland,0,0,"",""
ball,2,1.5,India,RG Sharma,S Dhawan,SM Boland,4,0,"",""
ball,2,1.6,India,RG Sharma,S Dhawan,SM Boland,1,0,"",""
ball,2,2.1,India,RG Sharma,S Dhawan,SW Tait,2,0,"",""
ball,2,2.2,India,RG Sharma,S Dhawan,SW Tait,0,1,"",""
ball,2,2.3,India,RG Sharma,S Dhawan,SW Tait,3,0,"",""
ball,2,2.4,India,S Dhawan,RG Sharma,SW Tait,0,1,"",""
ball,2,2.5,India,S Dhawan,RG Sharma,SW Tait,4,0,"",""
ball,2,2.6,India,S Dhawan,RG Sharma,SW Tait,6,0,"",""
ball,2,2.7,India,S Dhawan,RG Sharma,SW Tait,4,0,"",""
ball,2,2.8,India,S Dhawan,RG Sharma,SW Tait,3,0,"",""
ball,2,3.1,India,S Dhawan,RG Sharma,SR Watson,4,0,"",""
ball,2,3.2,India,S Dhawan,RG Sharma,SR Watson,0,0,caught,S Dhawan
ball,2,3.3,India,V Kohli,RG Sharma,SR Watson,0,0,"",""
ball,2,3.4,India,V Kohli,RG Sharma,SR Watson,1,0,"",""
ball,2,3.5,India,RG Sharma,V Kohli,SR Watson,0,0,"",""
ball,2,3.6,India,RG Sharma,V Kohli,SR Watson,2,0,"",""
ball,2,4.1,India,V Kohli,RG Sharma,SM Boland,4,0,"",""
ball,2,4.2,India,V Kohli,RG Sharma,SM Boland,0,1,"",""
ball,2,4.3,India,V Kohli,RG Sharma,SM Boland,1,0,"",""
ball,2,4.4,India,RG Sharma,V Kohli,SM Boland,0,0,"",""
ball,2,4.5,India,RG Sharma,V Kohli,SM Boland,0,1,"",""
ball,2,4.6,India,RG Sharma,V Kohli,SM Boland,2,0,"",""
ball,2,4.7,India,RG Sharma,V Kohli,SM Boland,0,0,"",""
ball,2,4.8,India,RG Sharma,V Kohli,SM Boland,4,0,"",""
ball,2,5.1,India,V Kohli,RG Sharma,AJ Tye,0,0,"",""
ball,2,5.2,India,V Kohli,RG Sharma,AJ Tye,0,0,"",""
ball,2,5.3,India,V Kohli,RG Sharma,AJ Tye,2,0,"",""
ball,2,5.4,India,V Kohli,RG Sharma,AJ Tye,6,0,"",""
ball,2,5.5,India,V Kohli,RG Sharma,AJ Tye,2,0,"",""
ball,2,5.6,India,V Kohli,RG Sharma,AJ Tye,2,0,"",""
ball,2,6.1,India,RG Sharma,V Kohli,CJ Boyce,1,0,"",""
ball,2,6.2,India,V Kohli,RG Sharma,CJ Boyce,2,0,"",""
ball,2,6.3,India,V Kohli,RG Sharma,CJ Boyce,0,0,"",""
ball,2,6.4,India,V Kohli,RG Sharma,CJ Boyce,3,0,"",""
ball,2,6.5,India,RG Sharma,V Kohli,CJ Boyce,1,0,"",""
ball,2,6.6,India,V Kohli,RG Sharma,CJ Boyce,0,0,"",""
ball,2,7.1,India,RG Sharma,V Kohli,SR Watson,4,0,"",""
ball,2,7.2,India,RG Sharma,V Kohli,SR Watson,1,0,"",""
ball,2,7.3,India,V Kohli,RG Sharma,SR Watson,2,0,"",""
ball,2,7.4,India,V Kohli,RG Sharma,SR Watson,1,0,"",""
ball,2,7.5,India,RG Sharma,V Kohli,SR Watson,1,0,"",""
ball,2,7.6,India,V Kohli,RG Sharma,SR Watson,1,0,"",""
ball,2,8.1,India,V Kohli,RG Sharma,CJ Boyce,1,0,"",""
ball,2,8.2,India,RG Sharma,V Kohli,CJ Boyce,2,0,"",""
ball,2,8.3,India,RG Sharma,V Kohli,CJ Boyce,0,0,"",""
ball,2,8.4,India,RG Sharma,V Kohli,CJ Boyce,0,0,"",""
ball,2,8.5,India,RG Sharma,V Kohli,CJ Boyce,1,0,"",""
ball,2,8.6,India,V Kohli,RG Sharma,CJ Boyce,1,0,"",""
ball,2,9.1,India,V Kohli,RG Sharma,SW Tait,1,0,"",""
ball,2,9.2,India,RG Sharma,V Kohli,SW Tait,0,0,"",""
ball,2,9.3,India,RG Sharma,V Kohli,SW Tait,1,0,"",""
ball,2,9.4,India,V Kohli,RG Sharma,SW Tait,2,0,"",""
ball,2,9.5,India,V Kohli,RG Sharma,SW Tait,1,0,"",""
ball,2,9.6,India,RG Sharma,V Kohli,SW Tait,1,0,"",""
ball,2,10.1,India,RG Sharma,V Kohli,GJ Maxwell,1,0,"",""
ball,2,10.2,India,V Kohli,RG Sharma,GJ Maxwell,1,0,"",""
ball,2,10.3,India,RG Sharma,V Kohli,GJ Maxwell,0,0,"",""
ball,2,10.4,India,RG Sharma,V Kohli,GJ Maxwell,6,0,"",""
ball,2,10.5,India,RG Sharma,V Kohli,GJ Maxwell,1,0,"",""
ball,2,10.6,India,V Kohli,RG Sharma,GJ Maxwell,1,0,"",""
ball,2,11.1,India,V Kohli,RG Sharma,SM Boland,1,0,"",""
ball,2,11.2,India,RG Sharma,V Kohli,SM Boland,4,0,"",""
ball,2,11.3,India,RG Sharma,V Kohli,SM Boland,1,0,"",""
ball,2,11.4,India,V Kohli,RG Sharma,SM Boland,2,0,"",""
ball,2,11.5,India,V Kohli,RG Sharma,SM Boland,1,0,"",""
ball,2,11.6,India,RG Sharma,V Kohli,SM Boland,1,0,"",""
ball,2,12.1,India,RG Sharma,V Kohli,CJ Boyce,1,0,"",""
ball,2,12.2,India,V Kohli,RG Sharma,CJ Boyce,1,0,"",""
ball,2,12.3,India,RG Sharma,V Kohli,CJ Boyce,0,0,caught,RG Sharma
ball,2,12.4,India,SK Raina,V Kohli,CJ Boyce,0,0,"",""
ball,2,12.5,India,SK Raina,V Kohli,CJ Boyce,0,0,"",""
ball,2,12.6,India,SK Raina,V Kohli,CJ Boyce,6,0,"",""
ball,2,13.1,India,V Kohli,SK Raina,SW Tait,1,0,"",""
ball,2,13.2,India,SK Raina,V Kohli,SW Tait,1,0,"",""
ball,2,13.3,India,V Kohli,SK Raina,SW Tait,0,0,"",""
ball,2,13.4,India,V Kohli,SK Raina,SW Tait,1,0,"",""
ball,2,13.5,India,SK Raina,V Kohli,SW Tait,4,0,"",""
ball,2,13.6,India,SK Raina,V Kohli,SW Tait,2,0,"",""
ball,2,14.1,India,V Kohli,SK Raina,CJ Boyce,4,0,"",""
ball,2,14.2,India,V Kohli,SK Raina,CJ Boyce,0,0,"",""
ball,2,14.3,India,V Kohli,SK Raina,CJ Boyce,2,0,"",""
ball,2,14.4,India,V Kohli,SK Raina,CJ Boyce,2,0,"",""
ball,2,14.5,India,V Kohli,SK Raina,CJ Boyce,0,0,bowled,V Kohli
ball,2,14.6,India,Yuvraj Singh,SK Raina,CJ Boyce,0,0,"",""
ball,2,15.1,India,SK Raina,Yuvraj Singh,AJ Tye,2,0,"",""
ball,2,15.2,India,SK Raina,Yuvraj Singh,AJ Tye,0,0,"",""
ball,2,15.3,India,SK Raina,Yuvraj Singh,AJ Tye,4,0,"",""
ball,2,15.4,India,SK Raina,Yuvraj Singh,AJ Tye,2,0,"",""
ball,2,15.5,India,SK Raina,Yuvraj Singh,AJ Tye,1,0,"",""
ball,2,15.6,India,Yuvraj Singh,SK Raina,AJ Tye,0,0,"",""
ball,2,16.1,India,SK Raina,Yuvraj Singh,SR Watson,4,0,"",""
ball,2,16.2,India,SK Raina,Yuvraj Singh,SR Watson,1,0,"",""
ball,2,16.3,India,Yuvraj Singh,SK Raina,SR Watson,1,0,"",""
ball,2,16.4,India,SK Raina,Yuvraj Singh,SR Watson,0,0,"",""
ball,2,16.5,India,SK Raina,Yuvraj Singh,SR Watson,0,1,"",""
ball,2,16.6,India,SK Raina,Yuvraj Singh,SR Watson,1,0,"",""
ball,2,16.7,India,Yuvraj Singh,SK Raina,SR Watson,0,0,"",""
ball,2,17.1,India,SK Raina,Yuvraj Singh,AJ Tye,0,0,"",""
ball,2,17.2,India,SK Raina,Yuvraj Singh,AJ Tye,2,0,"",""
ball,2,17.3,India,SK Raina,Yuvraj Singh,AJ Tye,0,0,"",""
ball,2,17.4,India,SK Raina,Yuvraj Singh,AJ Tye,2,0,"",""
ball,2,17.5,India,SK Raina,Yuvraj Singh,AJ Tye,4,0,"",""
ball,2,17.6,India,SK Raina,Yuvraj Singh,AJ Tye,4,0,"",""
ball,2,18.1,India,Yuvraj Singh,SK Raina,SR Watson,0,0,"",""
ball,2,18.2,India,Yuvraj Singh,SK Raina,SR Watson,1,0,"",""
ball,2,18.3,India,SK Raina,Yuvraj Singh,SR Watson,1,0,"",""
ball,2,18.4,India,Yuvraj Singh,SK Raina,SR Watson,0,0,"",""
ball,2,18.5,India,Yuvraj Singh,SK Raina,SR Watson,2,0,"",""
ball,2,18.6,India,Yuvraj Singh,SK Raina,SR Watson,1,0,"",""
ball,2,19.1,India,Yuvraj Singh,SK Raina,AJ Tye,4,0,"",""
ball,2,19.2,India,Yuvraj Singh,SK Raina,AJ Tye,6,0,"",""
ball,2,19.3,India,Yuvraj Singh,SK Raina,AJ Tye,0,1,"",""
ball,2,19.4,India,SK Raina,Yuvraj Singh,AJ Tye,2,0,"",""
ball,2,19.5,India,SK Raina,Yuvraj Singh,AJ Tye,2,0,"",""
ball,2,19.6,India,SK Raina,Yuvraj Singh,AJ Tye,4,0,"",""
