version,1.3.0
info,team,England
info,team,Sri Lanka
info,gender,male
info,season,2016
info,date,2016/07/05
info,venue,The Rose Bowl
info,city,Southampton
info,toss_winner,Sri Lanka
info,toss_decision,bat
info,player_of_match,JC Buttler
info,umpire,RJ Bailey
info,umpire,MA Gough
info,reserve_umpire,NGB Cook
info,tv_umpire,RT Robinson
info,match_referee,DC Boon
info,winner,England
info,winner_wickets,8
ball,1,0.1,Sri Lanka,MDKJ Perera,MD Gunathilaka,CJ Jordan,0,0,"",""
ball,1,0.2,Sri Lanka,MDKJ Perera,MD Gunathilaka,CJ Jordan,0,0,"",""
ball,1,0.3,Sri Lanka,MDKJ Perera,MD Gunathilaka,CJ Jordan,0,0,"",""
ball,1,0.4,Sri Lanka,MDKJ Perera,MD Gunathilaka,CJ Jordan,0,1,"",""
ball,1,0.5,Sri Lanka,MDKJ Perera,MD Gunathilaka,CJ Jordan,0,0,"",""
ball,1,0.6,Sri Lanka,MDKJ Perera,MD Gunathilaka,CJ Jordan,1,0,"",""
ball,1,0.7,Sri Lanka,MD Gunathilaka,MDKJ Perera,CJ Jordan,1,0,"",""
ball,1,1.1,Sri Lanka,MD Gunathilaka,MDKJ Perera,TS Mills,0,0,"",""
ball,1,1.2,Sri Lanka,MD Gunathilaka,MDKJ Perera,TS Mills,1,0,"",""
ball,1,1.3,Sri Lanka,MDKJ Perera,MD Gunathilaka,TS Mills,2,0,"",""
ball,1,1.4,Sri Lanka,MDKJ Perera,MD Gunathilaka,TS Mills,4,0,"",""
ball,1,1.5,Sri Lanka,MDKJ Perera,MD Gunathilaka,TS Mills,0,0,"",""
ball,1,1.6,Sri Lanka,MDKJ Perera,MD Gunathilaka,TS Mills,0,1,"",""
ball,1,2.1,Sri Lanka,MDKJ Perera,MD Gunathilaka,LE Plunkett,0,0,"",""
ball,1,2.2,Sri Lanka,MDKJ Perera,MD Gunathilaka,LE Plunkett,2,0,"",""
ball,1,2.3,Sri Lanka,MDKJ Perera,MD Gunathilaka,LE Plunkett,2,0,"",""
ball,1,2.4,Sri Lanka,MDKJ Perera,MD Gunathilaka,LE Plunkett,0,0,"",""
ball,1,2.5,Sri Lanka,MDKJ Perera,MD Gunathilaka,LE Plunkett,2,0,"",""
ball,1,2.6,Sri Lanka,MDKJ Perera,MD Gunathilaka,LE Plunkett,0,0,caught,MDKJ Perera
ball,1,3.1,Sri Lanka,MD Gunathilaka,BKG Mendis,TS Mills,1,0,"",""
ball,1,3.2,Sri Lanka,BKG Mendis,MD Gunathilaka,TS Mills,0,0,"",""
ball,1,3.3,Sri Lanka,BKG Mendis,MD Gunathilaka,TS Mills,0,0,"",""
ball,1,3.4,Sri Lanka,BKG Mendis,MD Gunathilaka,TS Mills,0,1,"",""
ball,1,3.5,Sri Lanka,BKG Mendis,MD Gunathilaka,TS Mills,1,0,"",""
ball,1,3.6,Sri Lanka,MD Gunathilaka,BKG Mendis,TS Mills,2,0,"",""
ball,1,3.7,Sri Lanka,MD Gunathilaka,BKG Mendis,TS Mills,0,1,"",""
ball,1,4.1,Sri Lanka,MD Gunathilaka,BKG Mendis,LE Plunkett,2,0,"",""
ball,1,4.2,Sri Lanka,MD Gunathilaka,BKG Mendis,LE Plunkett,0,1,"",""
ball,1,4.3,Sri Lanka,BKG Mendis,MD Gunathilaka,LE Plunkett,0,0,"",""
ball,1,4.4,Sri Lanka,BKG Mendis,MD Gunathilaka,LE Plunkett,1,0,"",""
ball,1,4.5,Sri Lanka,MD Gunathilaka,BKG Mendis,LE Plunkett,4,0,"",""
ball,1,4.6,Sri Lanka,MD Gunathilaka,BKG Mendis,LE Plunkett,0,0,"",""
ball,1,5.1,Sri Lanka,BKG Mendis,MD Gunathilaka,CJ Jordan,6,0,"",""
ball,1,5.2,Sri Lanka,BKG Mendis,MD Gunathilaka,CJ Jordan,2,0,"",""
ball,1,5.3,Sri Lanka,BKG Mendis,MD Gunathilaka,CJ Jordan,1,0,"",""
ball,1,5.4,Sri Lanka,MD Gunathilaka,BKG Mendis,CJ Jordan,0,1,"",""
ball,1,5.5,Sri Lanka,MD Gunathilaka,BKG Mendis,CJ Jordan,4,0,"",""
ball,1,5.6,Sri Lanka,MD Gunathilaka,BKG Mendis,CJ Jordan,2,0,"",""
ball,1,5.7,Sri Lanka,MD Gunathilaka,BKG Mendis,CJ Jordan,4,0,"",""
ball,1,6.1,Sri Lanka,BKG Mendis,MD Gunathilaka,LA Dawson,1,0,"",""
ball,1,6.2,Sri Lanka,MD Gunathilaka,BKG Mendis,LA Dawson,1,0,"",""
ball,1,6.3,Sri Lanka,BKG Mendis,MD Gunathilaka,LA Dawson,1,0,"",""
ball,1,6.4,Sri Lanka,MD Gunathilaka,BKG Mendis,LA Dawson,4,0,"",""
ball,1,6.5,Sri Lanka,MD Gunathilaka,BKG Mendis,LA Dawson,0,0,caught,MD Gunathilaka
ball,1,6.6,Sri Lanka,BKG Mendis,AD Mathews,LA Dawson,1,0,"",""
ball,1,7.1,Sri Lanka,BKG Mendis,AD Mathews,AU Rashid,1,0,"",""
ball,1,7.2,Sri Lanka,AD Mathews,BKG Mendis,AU Rashid,0,0,"",""
ball,1,7.3,Sri Lanka,AD Mathews,BKG Mendis,AU Rashid,1,0,"",""
ball,1,7.4,Sri Lanka,BKG Mendis,AD Mathews,AU Rashid,2,0,"",""
ball,1,7.5,Sri Lanka,BKG Mendis,AD Mathews,AU Rashid,3,0,"",""
ball,1,7.6,Sri Lanka,AD Mathews,BKG Mendis,AU Rashid,1,0,"",""
ball,1,8.1,Sri Lanka,AD Mathews,BKG Mendis,LA Dawson,1,0,"",""
ball,1,8.2,Sri Lanka,BKG Mendis,AD Mathews,LA Dawson,1,0,"",""
ball,1,8.3,Sri Lanka,AD Mathews,BKG Mendis,LA Dawson,4,0,"",""
ball,1,8.4,Sri Lanka,AD Mathews,BKG Mendis,LA Dawson,1,0,"",""
ball,1,8.5,Sri Lanka,BKG Mendis,AD Mathews,LA Dawson,0,0,caught and bowled,BKG Mendis
ball,1,8.6,Sri Lanka,LD Chandimal,AD Mathews,LA Dawson,1,0,"",""
ball,1,9.1,Sri Lanka,LD Chandimal,AD Mathews,AU Rashid,0,1,"",""
ball,1,9.2,Sri Lanka,AD Mathews,LD Chandimal,AU Rashid,1,0,"",""
ball,1,9.3,Sri Lanka,LD Chandimal,AD Mathews,AU Rashid,0,0,"",""
ball,1,9.4,Sri Lanka,LD Chandimal,AD Mathews,AU Rashid,1,0,"",""
ball,1,9.5,Sri Lanka,AD Mathews,LD Chandimal,AU Rashid,1,0,"",""
ball,1,9.6,Sri Lanka,LD Chandimal,AD Mathews,AU Rashid,0,0,"",""
ball,1,10.1,Sri Lanka,AD Mathews,LD Chandimal,LA Dawson,1,0,"",""
ball,1,10.2,Sri Lanka,LD Chandimal,AD Mathews,LA Dawson,1,0,"",""
ball,1,10.3,Sri Lanka,AD Mathews,LD Chandimal,LA Dawson,0,0,bowled,AD Mathews
ball,1,10.4,Sri Lanka,MD Shanaka,LD Chandimal,LA Dawson,1,0,run out,MD Shanaka
ball,1,10.5,Sri Lanka,RLB Rambukwella,LD Chandimal,LA Dawson,0,0,"",""
ball,1,10.6,Sri Lanka,RLB Rambukwella,LD Chandimal,LA Dawson,1,0,"",""
ball,1,11.1,Sri Lanka,RLB Rambukwella,LD Chandimal,AU Rashid,0,0,"",""
ball,1,11.2,Sri Lanka,RLB Rambukwella,LD Chandimal,AU Rashid,0,0,"",""
ball,1,11.3,Sri Lanka,RLB Rambukwella,LD Chandimal,AU Rashid,0,0,"",""
ball,1,11.4,Sri Lanka,RLB Rambukwella,LD Chandimal,AU Rashid,0,0,"",""
ball,1,11.5,Sri Lanka,RLB Rambukwella,LD Chandimal,AU Rashid,0,1,"",""
ball,1,11.6,Sri Lanka,LD Chandimal,RLB Rambukwella,AU Rashid,0,0,"",""
ball,1,12.1,Sri Lanka,RLB Rambukwella,LD Chandimal,LA Dawson,2,0,"",""
ball,1,12.2,Sri Lanka,RLB Rambukwella,LD Chandimal,LA Dawson,1,0,"",""
ball,1,12.3,Sri Lanka,LD Chandimal,RLB Rambukwella,LA Dawson,1,0,"",""
ball,1,12.4,Sri Lanka,RLB Rambukwella,LD Chandimal,LA Dawson,1,0,"",""
ball,1,12.5,Sri Lanka,LD Chandimal,RLB Rambukwella,LA Dawson,1,0,"",""
ball,1,12.6,Sri Lanka,RLB Rambukwella,LD Chandimal,LA Dawson,1,0,"",""
ball,1,13.1,Sri Lanka,RLB Rambukwella,LD Chandimal,AU Rashid,6,0,"",""
ball,1,13.2,Sri Lanka,RLB Rambukwella,LD Chandimal,AU Rashid,4,0,"",""
ball,1,13.3,Sri Lanka,RLB Rambukwella,LD Chandimal,AU Rashid,1,0,"",""
ball,1,13.4,Sri Lanka,LD Chandimal,RLB Rambukwella,AU Rashid,0,0,"",""
ball,1,13.5,Sri Lanka,LD Chandimal,RLB Rambukwella,AU Rashid,1,0,"",""
ball,1,13.6,Sri Lanka,RLB Rambukwella,LD Chandimal,AU Rashid,2,0,"",""
ball,1,14.1,Sri Lanka,LD Chandimal,RLB Rambukwella,TS Mills,1,0,"",""
ball,1,14.2,Sri Lanka,RLB Rambukwella,LD Chandimal,TS Mills,0,0,run out,RLB Rambukwella
ball,1,14.3,Sri Lanka,LD Chandimal,S Prasanna,TS Mills,1,0,"",""
ball,1,14.4,Sri Lanka,S Prasanna,LD Chandimal,TS Mills,1,0,"",""
ball,1,14.5,Sri Lanka,LD Chandimal,S Prasanna,TS Mills,1,0,"",""
ball,1,14.6,Sri Lanka,S Prasanna,LD Chandimal,TS Mills,0,0,"",""
ball,1,15.1,Sri Lanka,LD Chandimal,S Prasanna,LE Plunkett,2,0,"",""
ball,1,15.2,Sri Lanka,LD Chandimal,S Prasanna,LE Plunkett,6,0,"",""
ball,1,15.3,Sri Lanka,LD Chandimal,S Prasanna,LE Plunkett,0,4,"",""
ball,1,15.4,Sri Lanka,LD Chandimal,S Prasanna,LE Plunkett,1,0,"",""
ball,1,15.5,Sri Lanka,S Prasanna,LD Chandimal,LE Plunkett,0,0,caught,S Prasanna
ball,1,15.6,Sri Lanka,MF Maharoof,LD Chandimal,LE Plunkett,0,0,"",""
ball,1,16.1,Sri Lanka,LD Chandimal,MF Maharoof,TS Mills,0,0,"",""
ball,1,16.2,Sri Lanka,LD Chandimal,MF Maharoof,TS Mills,4,0,"",""
ball,1,16.3,Sri Lanka,LD Chandimal,MF Maharoof,TS Mills,1,0,"",""
ball,1,16.4,Sri Lanka,MF Maharoof,LD Chandimal,TS Mills,0,0,"",""
ball,1,16.5,Sri Lanka,MF Maharoof,LD Chandimal,TS Mills,0,0,"",""
ball,1,16.6,Sri Lanka,MF Maharoof,LD Chandimal,TS Mills,1,0,"",""
ball,1,17.1,Sri Lanka,MF Maharoof,LD Chandimal,CJ Jordan,1,0,"",""
ball,1,17.2,Sri Lanka,LD Chandimal,MF Maharoof,CJ Jordan,0,0,caught,LD Chandimal
ball,1,17.3,Sri Lanka,KMC Bandara,MF Maharoof,CJ Jordan,1,0,"",""
ball,1,17.4,Sri Lanka,MF Maharoof,KMC Bandara,CJ Jordan,2,0,"",""
ball,1,17.5,Sri Lanka,MF Maharoof,KMC Bandara,CJ Jordan,1,0,"",""
ball,1,17.6,Sri Lanka,KMC Bandara,MF Maharoof,CJ Jordan,0,0,"",""
ball,1,18.1,Sri Lanka,MF Maharoof,KMC Bandara,LE Plunkett,1,0,"",""
ball,1,18.2,Sri Lanka,KMC Bandara,MF Maharoof,LE Plunkett,1,0,"",""
ball,1,18.3,Sri Lanka,MF Maharoof,KMC Bandara,LE Plunkett,0,0,"",""
ball,1,18.4,Sri Lanka,MF Maharoof,KMC Bandara,LE Plunkett,2,0,"",""
ball,1,18.5,Sri Lanka,MF Maharoof,KMC Bandara,LE Plunkett,0,0,"",""
ball,1,18.6,Sri Lanka,MF Maharoof,KMC Bandara,LE Plunkett,1,0,"",""
ball,1,19.1,Sri Lanka,MF Maharoof,KMC Bandara,CJ Jordan,1,0,"",""
ball,1,19.2,Sri Lanka,KMC Bandara,MF Maharoof,CJ Jordan,0,1,"",""
ball,1,19.3,Sri Lanka,MF Maharoof,KMC Bandara,CJ Jordan,0,0,"",""
ball,1,19.4,Sri Lanka,MF Maharoof,KMC Bandara,CJ Jordan,0,0,"",""
ball,1,19.5,Sri Lanka,MF Maharoof,KMC Bandara,CJ Jordan,0,0,caught,MF Maharoof
ball,1,19.6,Sri Lanka,N Pradeep,KMC Bandara,CJ Jordan,0,0,bowled,N Pradeep
ball,2,0.1,England,JJ Roy,JC Buttler,AD Mathews,0,0,"",""
ball,2,0.2,England,JJ Roy,JC Buttler,AD Mathews,0,0,"",""
ball,2,0.3,England,JJ Roy,JC Buttler,AD Mathews,0,0,bowled,JJ Roy
ball,2,0.4,England,JM Vince,JC Buttler,AD Mathews,0,0,"",""
ball,2,0.5,England,JM Vince,JC Buttler,AD Mathews,1,0,"",""
ball,2,0.6,England,JC Buttler,JM Vince,AD Mathews,2,0,"",""
ball,2,1.1,England,JM Vince,JC Buttler,RLB Rambukwella,4,0,"",""
ball,2,1.2,England,JM Vince,JC Buttler,RLB Rambukwella,1,0,"",""
ball,2,1.3,England,JC Buttler,JM Vince,RLB Rambukwella,1,0,"",""
ball,2,1.4,England,JM Vince,JC Buttler,RLB Rambukwella,1,0,"",""
ball,2,1.5,England,JC Buttler,JM Vince,RLB Rambukwella,0,0,"",""
ball,2,1.6,England,JC Buttler,JM Vince,RLB Rambukwella,2,0,"",""
ball,2,2.1,England,JM Vince,JC Buttler,AD Mathews,0,0,"",""
ball,2,2.2,England,JM Vince,JC Buttler,AD Mathews,1,0,"",""
ball,2,2.3,England,JC Buttler,JM Vince,AD Mathews,0,0,"",""
ball,2,2.4,England,JC Buttler,JM Vince,AD Mathews,0,0,"",""
ball,2,2.5,England,JC Buttler,JM Vince,AD Mathews,1,0,"",""
ball,2,2.6,England,JM Vince,JC Buttler,AD Mathews,1,0,"",""
ball,2,3.1,England,JM Vince,JC Buttler,MF Maharoof,1,0,"",""
ball,2,3.2,England,JC Buttler,JM Vince,MF Maharoof,0,0,"",""
ball,2,3.3,England,JC Buttler,JM Vince,MF Maharoof,0,0,"",""
ball,2,3.4,England,JC Buttler,JM Vince,MF Maharoof,1,0,"",""
ball,2,3.5,England,JM Vince,JC Buttler,MF Maharoof,0,0,"",""
ball,2,3.6,England,JM Vince,JC Buttler,MF Maharoof,2,0,"",""
ball,2,4.1,England,JC Buttler,JM Vince,AD Mathews,6,0,"",""
ball,2,4.2,England,JC Buttler,JM Vince,AD Mathews,1,0,"",""
ball,2,4.3,England,JM Vince,JC Buttler,AD Mathews,0,0,"",""
ball,2,4.4,England,JM Vince,JC Buttler,AD Mathews,4,0,"",""
ball,2,4.5,England,JM Vince,JC Buttler,AD Mathews,0,0,stumped,JM Vince
ball,2,4.6,England,EJG Morgan,JC Buttler,AD Mathews,1,0,"",""
ball,2,5.1,England,EJG Morgan,JC Buttler,MF Maharoof,0,0,"",""
ball,2,5.2,England,EJG Morgan,JC Buttler,MF Maharoof,1,0,"",""
ball,2,5.3,England,JC Buttler,EJG Morgan,MF Maharoof,0,0,"",""
ball,2,5.4,England,JC Buttler,EJG Morgan,MF Maharoof,6,0,"",""
ball,2,5.5,England,JC Buttler,EJG Morgan,MF Maharoof,3,0,"",""
ball,2,5.6,England,EJG Morgan,JC Buttler,MF Maharoof,0,0,"",""
ball,2,6.1,England,JC Buttler,EJG Morgan,S Prasanna,1,0,"",""
ball,2,6.2,England,EJG Morgan,JC Buttler,S Prasanna,1,0,"",""
ball,2,6.3,England,JC Buttler,EJG Morgan,S Prasanna,1,0,"",""
ball,2,6.4,England,EJG Morgan,JC Buttler,S Prasanna,1,0,"",""
ball,2,6.5,England,JC Buttler,EJG Morgan,S Prasanna,1,0,"",""
ball,2,6.6,England,EJG Morgan,JC Buttler,S Prasanna,1,0,"",""
ball,2,7.1,England,EJG Morgan,JC Buttler,MD Gunathilaka,1,0,"",""
ball,2,7.2,England,JC Buttler,EJG Morgan,MD Gunathilaka,6,0,"",""
ball,2,7.3,England,JC Buttler,EJG Morgan,MD Gunathilaka,1,0,"",""
ball,2,7.4,England,EJG Morgan,JC Buttler,MD Gunathilaka,0,0,"",""
ball,2,7.5,England,EJG Morgan,JC Buttler,MD Gunathilaka,0,0,"",""
ball,2,7.6,England,EJG Morgan,JC Buttler,MD Gunathilaka,1,0,"",""
ball,2,8.1,England,EJG Morgan,JC Buttler,S Prasanna,1,0,"",""
ball,2,8.2,England,JC Buttler,EJG Morgan,S Prasanna,0,0,"",""
ball,2,8.3,England,JC Buttler,EJG Morgan,S Prasanna,1,0,"",""
ball,2,8.4,England,EJG Morgan,JC Buttler,S Prasanna,2,0,"",""
ball,2,8.5,England,EJG Morgan,JC Buttler,S Prasanna,1,0,"",""
ball,2,8.6,England,JC Buttler,EJG Morgan,S Prasanna,1,0,"",""
ball,2,9.1,England,JC Buttler,EJG Morgan,N Pradeep,2,0,"",""
ball,2,9.2,England,JC Buttler,EJG Morgan,N Pradeep,0,0,"",""
ball,2,9.3,England,JC Buttler,EJG Morgan,N Pradeep,0,0,"",""
ball,2,9.4,England,JC Buttler,EJG Morgan,N Pradeep,1,0,"",""
ball,2,9.5,England,EJG Morgan,JC Buttler,N Pradeep,0,0,"",""
ball,2,9.6,England,EJG Morgan,JC Buttler,N Pradeep,1,0,"",""
ball,2,10.1,England,EJG Morgan,JC Buttler,S Prasanna,6,0,"",""
ball,2,10.2,England,EJG Morgan,JC Buttler,S Prasanna,1,0,"",""
ball,2,10.3,England,JC Buttler,EJG Morgan,S Prasanna,4,0,"",""
ball,2,10.4,England,JC Buttler,EJG Morgan,S Prasanna,1,0,"",""
ball,2,10.5,England,EJG Morgan,JC Buttler,S Prasanna,0,1,"",""
ball,2,10.6,England,EJG Morgan,JC Buttler,S Prasanna,0,0,"",""
ball,2,10.7,England,EJG Morgan,JC Buttler,S Prasanna,0,0,"",""
ball,2,11.1,England,JC Buttler,EJG Morgan,N Pradeep,1,0,"",""
ball,2,11.2,England,EJG Morgan,JC Buttler,N Pradeep,2,0,"",""
ball,2,11.3,England,EJG Morgan,JC Buttler,N Pradeep,1,0,"",""
ball,2,11.4,England,JC Buttler,EJG Morgan,N Pradeep,0,1,"",""
ball,2,11.5,England,JC Buttler,EJG Morgan,N Pradeep,1,0,"",""
ball,2,11.6,England,EJG Morgan,JC Buttler,N Pradeep,1,0,"",""
ball,2,11.7,England,JC Buttler,EJG Morgan,N Pradeep,1,0,"",""
ball,2,12.1,England,JC Buttler,EJG Morgan,KMC Bandara,1,0,"",""
ball,2,12.2,England,EJG Morgan,JC Buttler,KMC Bandara,1,0,"",""
ball,2,12.3,England,JC Buttler,EJG Morgan,KMC Bandara,4,0,"",""
ball,2,12.4,England,JC Buttler,EJG Morgan,KMC Bandara,1,0,"",""
ball,2,12.5,England,EJG Morgan,JC Buttler,KMC Bandara,4,0,"",""
ball,2,12.6,England,EJG Morgan,JC Buttler,KMC Bandara,0,0,"",""
ball,2,13.1,England,JC Buttler,EJG Morgan,AD Mathews,4,0,"",""
ball,2,13.2,England,JC Buttler,EJG Morgan,AD Mathews,0,0,"",""
ball,2,13.3,England,JC Buttler,EJG Morgan,AD Mathews,0,1,"",""
ball,2,13.4,England,EJG Morgan,JC Buttler,AD Mathews,2,0,"",""
ball,2,13.5,England,EJG Morgan,JC Buttler,AD Mathews,1,0,"",""
ball,2,13.6,England,JC Buttler,EJG Morgan,AD Mathews,2,0,"",""
ball,2,14.1,England,EJG Morgan,JC Buttler,MF Maharoof,0,5,"",""
ball,2,14.2,England,EJG Morgan,JC Buttler,MF Maharoof,2,0,"",""
ball,2,14.3,England,EJG Morgan,JC Buttler,MF Maharoof,2,0,"",""
ball,2,14.4,England,EJG Morgan,JC Buttler,MF Maharoof,1,0,"",""
ball,2,14.5,England,JC Buttler,EJG Morgan,MF Maharoof,1,0,"",""
ball,2,14.6,England,EJG Morgan,JC Buttler,MF Maharoof,1,0,"",""
ball,2,14.7,England,JC Buttler,EJG Morgan,MF Maharoof,0,0,"",""
ball,2,15.1,England,EJG Morgan,JC Buttler,RLB Rambukwella,1,0,"",""
ball,2,15.2,England,JC Buttler,EJG Morgan,RLB Rambukwella,1,0,"",""
ball,2,15.3,England,EJG Morgan,JC Buttler,RLB Rambukwella,0,0,"",""
ball,2,15.4,England,EJG Morgan,JC Buttler,RLB Rambukwella,1,0,"",""
ball,2,15.5,England,JC Buttler,EJG Morgan,RLB Rambukwella,6,0,"",""
ball,2,15.6,England,JC Buttler,EJG Morgan,RLB Rambukwella,2,0,"",""
ball,2,16.1,England,EJG Morgan,JC Buttler,S Prasanna,0,0,"",""
ball,2,16.2,England,EJG Morgan,JC Buttler,S Prasanna,1,0,"",""
ball,2,16.3,England,JC Buttler,EJG Morgan,S Prasanna,2,0,"",""
ball,2,16.4,England,JC Buttler,EJG Morgan,S Prasanna,1,0,"",""
ball,2,16.5,England,EJG Morgan,JC Buttler,S Prasanna,1,0,"",""
ball,2,16.6,England,JC Buttler,EJG Morgan,S Prasanna,1,0,"",""
ball,2,17.1,England,JC Buttler,EJG Morgan,RLB Rambukwella,0,0,"",""
ball,2,17.2,England,JC Buttler,EJG Morgan,RLB Rambukwella,1,0,"",""
ball,2,17.3,England,EJG Morgan,JC Buttler,RLB Rambukwella,6,0,"",""
