version,1.3.0
info,team,South Africa
info,team,Sri Lanka
info,gender,male
info,season,2016/17
info,date,2017/01/25
info,series,Sri Lanka in South Africa T20I Series
info,match_number,3
info,venue,Newlands
info,city,Cape Town
info,toss_winner,South Africa
info,toss_decision,bat
info,player_of_match,N Dickwella
info,umpire,S George
info,umpire,BP Jele
info,reserve_umpire,A Paleker
info,tv_umpire,AT Holdstock
info,match_referee,RB Richardson
info,winner,Sri Lanka
info,winner_wickets,5
ball,1,0.1,South Africa,JT Smuts,RR Hendricks,ST de Silva,1,0,"",""
ball,1,0.2,South Africa,RR Hendricks,JT Smuts,ST de Silva,1,0,"",""
ball,1,0.3,South Africa,JT Smuts,RR Hendricks,ST de Silva,0,0,"",""
ball,1,0.4,South Africa,JT Smuts,RR Hendricks,ST de Silva,4,0,"",""
ball,1,0.5,South Africa,JT Smuts,RR Hendricks,ST de Silva,4,0,"",""
ball,1,0.6,South Africa,JT Smuts,RR Hendricks,ST de Silva,0,0,"",""
ball,1,1.1,South Africa,RR Hendricks,JT Smuts,KMDN Kulasekara,4,0,"",""
ball,1,1.2,South Africa,RR Hendricks,JT Smuts,KMDN Kulasekara,1,0,"",""
ball,1,1.3,South Africa,JT Smuts,RR Hendricks,KMDN Kulasekara,2,0,"",""
ball,1,1.4,South Africa,JT Smuts,RR Hendricks,KMDN Kulasekara,1,0,"",""
ball,1,1.5,South Africa,RR Hendricks,JT Smuts,KMDN Kulasekara,0,0,"",""
ball,1,1.6,South Africa,RR Hendricks,JT Smuts,KMDN Kulasekara,4,0,"",""
ball,1,2.1,South Africa,JT Smuts,RR Hendricks,I Udana,0,0,"",""
ball,1,2.2,South Africa,JT Smuts,RR Hendricks,I Udana,1,0,"",""
ball,1,2.3,South Africa,RR Hendricks,JT Smuts,I Udana,1,0,"",""
ball,1,2.4,South Africa,JT Smuts,RR Hendricks,I Udana,1,0,"",""
ball,1,2.5,South Africa,RR Hendricks,JT Smuts,I Udana,2,0,"",""
ball,1,2.6,South Africa,RR Hendricks,JT Smuts,I Udana,0,0,"",""
ball,1,3.1,South Africa,JT Smuts,RR Hendricks,KMDN Kulasekara,4,0,"",""
ball,1,3.2,South Africa,JT Smuts,RR Hendricks,KMDN Kulasekara,1,0,"",""
ball,1,3.3,South Africa,RR Hendricks,JT Smuts,KMDN Kulasekara,1,0,"",""
ball,1,3.4,South Africa,JT Smuts,RR Hendricks,KMDN Kulasekara,0,1,"",""
ball,1,3.5,South Africa,RR Hendricks,JT Smuts,KMDN Kulasekara,0,0,"",""
ball,1,3.6,South Africa,RR Hendricks,JT Smuts,KMDN Kulasekara,1,0,"",""
ball,1,4.1,South Africa,RR Hendricks,JT Smuts,S Prasanna,1,0,"",""
ball,1,4.2,South Africa,JT Smuts,RR Hendricks,S Prasanna,0,0,lbw,JT Smuts
ball,1,4.3,South Africa,AB de Villiers,RR Hendricks,S Prasanna,0,0,"",""
ball,1,4.4,South Africa,AB de Villiers,RR Hendricks,S Prasanna,0,0,"",""
ball,1,4.5,South Africa,AB de Villiers,RR Hendricks,S Prasanna,0,0,"",""
ball,1,4.6,South Africa,AB de Villiers,RR Hendricks,S Prasanna,0,0,"",""
ball,1,5.1,South Africa,RR Hendricks,AB de Villiers,I Udana,1,0,"",""
ball,1,5.2,South Africa,AB de Villiers,RR Hendricks,I Udana,1,0,"",""
ball,1,5.3,South Africa,RR Hendricks,AB de Villiers,I Udana,4,0,"",""
ball,1,5.4,South Africa,RR Hendricks,AB de Villiers,I Udana,1,0,"",""
ball,1,5.5,South Africa,AB de Villiers,RR Hendricks,I Udana,1,0,"",""
ball,1,5.6,South Africa,RR Hendricks,AB de Villiers,I Udana,4,0,"",""
ball,1,6.1,South Africa,AB de Villiers,RR Hendricks,S Prasanna,1,0,"",""
ball,1,6.2,South Africa,RR Hendricks,AB de Villiers,S Prasanna,2,0,"",""
ball,1,6.3,South Africa,RR Hendricks,AB de Villiers,S Prasanna,1,0,"",""
ball,1,6.4,South Africa,AB de Villiers,RR Hendricks,S Prasanna,1,0,"",""
ball,1,6.5,South Africa,RR Hendricks,AB de Villiers,S Prasanna,1,0,"",""
ball,1,6.6,South Africa,AB de Villiers,RR Hendricks,S Prasanna,1,0,"",""
ball,1,7.1,South Africa,AB de Villiers,RR Hendricks,PADLR Sandakan,1,0,"",""
ball,1,7.2,South Africa,RR Hendricks,AB de Villiers,PADLR Sandakan,1,0,"",""
ball,1,7.3,South Africa,AB de Villiers,RR Hendricks,PADLR Sandakan,2,0,"",""
ball,1,7.4,South Africa,AB de Villiers,RR Hendricks,PADLR Sandakan,0,0,"",""
ball,1,7.5,South Africa,AB de Villiers,RR Hendricks,PADLR Sandakan,1,0,"",""
ball,1,7.6,South Africa,RR Hendricks,AB de Villiers,PADLR Sandakan,0,0,"",""
ball,1,8.1,South Africa,AB de Villiers,RR Hendricks,S Prasanna,1,0,"",""
ball,1,8.2,South Africa,RR Hendricks,AB de Villiers,S Prasanna,1,0,"",""
ball,1,8.3,South Africa,AB de Villiers,RR Hendricks,S Prasanna,0,1,"",""
ball,1,8.4,South Africa,AB de Villiers,RR Hendricks,S Prasanna,2,0,"",""
ball,1,8.5,South Africa,AB de Villiers,RR Hendricks,S Prasanna,4,0,"",""
ball,1,8.6,South Africa,AB de Villiers,RR Hendricks,S Prasanna,2,0,"",""
ball,1,8.7,South Africa,AB de Villiers,RR Hendricks,S Prasanna,2,0,"",""
ball,1,9.1,South Africa,RR Hendricks,AB de Villiers,PADLR Sandakan,1,0,"",""
ball,1,9.2,South Africa,AB de Villiers,RR Hendricks,PADLR Sandakan,1,0,"",""
ball,1,9.3,South Africa,RR Hendricks,AB de Villiers,PADLR Sandakan,1,0,"",""
ball,1,9.4,South Africa,AB de Villiers,RR Hendricks,PADLR Sandakan,1,0,"",""
ball,1,9.5,South Africa,RR Hendricks,AB de Villiers,PADLR Sandakan,1,0,"",""
ball,1,9.6,South Africa,AB de Villiers,RR Hendricks,PADLR Sandakan,1,0,"",""
ball,1,10.1,South Africa,AB de Villiers,RR Hendricks,DAS Gunaratne,2,0,"",""
ball,1,10.2,South Africa,AB de Villiers,RR Hendricks,DAS Gunaratne,0,0,"",""
ball,1,10.3,South Africa,AB de Villiers,RR Hendricks,DAS Gunaratne,1,0,"",""
ball,1,10.4,South Africa,RR Hendricks,AB de Villiers,DAS Gunaratne,1,0,"",""
ball,1,10.5,South Africa,AB de Villiers,RR Hendricks,DAS Gunaratne,3,0,"",""
ball,1,10.6,South Africa,RR Hendricks,AB de Villiers,DAS Gunaratne,2,0,"",""
ball,1,11.1,South Africa,AB de Villiers,RR Hendricks,PADLR Sandakan,1,0,"",""
ball,1,11.2,South Africa,RR Hendricks,AB de Villiers,PADLR Sandakan,1,0,"",""
ball,1,11.3,South Africa,AB de Villiers,RR Hendricks,PADLR Sandakan,1,0,"",""
ball,1,11.4,South Africa,RR Hendricks,AB de Villiers,PADLR Sandakan,1,0,"",""
ball,1,11.5,South Africa,AB de Villiers,RR Hendricks,PADLR Sandakan,6,0,"",""
ball,1,11.6,South Africa,AB de Villiers,RR Hendricks,PADLR Sandakan,0,0,"",""
ball,1,12.1,South Africa,RR Hendricks,AB de Villiers,DAS Gunaratne,0,0,"",""
ball,1,12.2,South Africa,RR Hendricks,AB de Villiers,DAS Gunaratne,0,1,"",""
ball,1,12.3,South Africa,AB de Villiers,RR Hendricks,DAS Gunaratne,6,0,"",""
ball,1,12.4,South Africa,AB de Villiers,RR Hendricks,DAS Gunaratne,1,0,"",""
ball,1,12.5,South Africa,RR Hendricks,AB de Villiers,DAS Gunaratne,1,0,"",""
ball,1,12.6,South Africa,AB de Villiers,RR Hendricks,DAS Gunaratne,0,0,"",""
ball,1,13.1,South Africa,RR Hendricks,AB de Villiers,PADLR Sandakan,0,0,"",""
ball,1,13.2,South Africa,RR Hendricks,AB de Villiers,PADLR Sandakan,0,0,stumped,RR Hendricks
ball,1,13.3,South Africa,DA Miller,AB de Villiers,PADLR Sandakan,0,0,"",""
ball,1,13.4,South Africa,DA Miller,AB de Villiers,PADLR Sandakan,1,0,"",""
ball,1,13.5,South Africa,AB de Villiers,DA Miller,PADLR Sandakan,1,0,"",""
ball,1,13.6,South Africa,DA Miller,AB de Villiers,PADLR Sandakan,0,0,"",""
ball,1,14.1,South Africa,AB de Villiers,DA Miller,DAS Gunaratne,2,0,"",""
ball,1,14.2,South Africa,AB de Villiers,DA Miller,DAS Gunaratne,4,0,"",""
ball,1,14.3,South Africa,AB de Villiers,DA Miller,DAS Gunaratne,0,1,"",""
ball,1,14.4,South Africa,AB de Villiers,DA Miller,DAS Gunaratne,1,0,"",""
ball,1,14.5,South Africa,DA Miller,AB de Villiers,DAS Gunaratne,0,0,caught,DA Miller
ball,1,14.6,South Africa,AB de Villiers,F Behardien,DAS Gunaratne,1,0,"",""
ball,1,14.7,South Africa,F Behardien,AB de Villiers,DAS Gunaratne,1,0,"",""
ball,1,15.1,South Africa,F Behardien,AB de Villiers,KMDN Kulasekara,1,0,"",""
ball,1,15.2,South Africa,AB de Villiers,F Behardien,KMDN Kulasekara,1,0,"",""
ball,1,15.3,South Africa,F Behardien,AB de Villiers,KMDN Kulasekara,1,0,"",""
ball,1,15.4,South Africa,AB de Villiers,F Behardien,KMDN Kulasekara,1,0,"",""
ball,1,15.5,South Africa,F Behardien,AB de Villiers,KMDN Kulasekara,1,0,"",""
ball,1,15.6,South Africa,AB de Villiers,F Behardien,KMDN Kulasekara,0,0,"",""
ball,1,16.1,South Africa,F Behardien,AB de Villiers,I Udana,1,0,"",""
ball,1,16.2,South Africa,AB de Villiers,F Behardien,I Udana,6,0,"",""
ball,1,16.3,South Africa,AB de Villiers,F Behardien,I Udana,1,0,"",""
ball,1,16.4,South Africa,F Behardien,AB de Villiers,I Udana,1,0,run out,F Behardien
ball,1,16.5,South Africa,M Mosehle,AB de Villiers,I Udana,1,0,"",""
ball,1,16.6,South Africa,AB de Villiers,M Mosehle,I Udana,1,0,"",""
ball,1,17.1,South Africa,AB de Villiers,M Mosehle,KMDN Kulasekara,0,0,caught,AB de Villiers
ball,1,17.2,South Africa,WD Parnell,M Mosehle,KMDN Kulasekara,1,0,"",""
ball,1,17.3,South Africa,M Mosehle,WD Parnell,KMDN Kulasekara,2,0,"",""
ball,1,17.4,South Africa,M Mosehle,WD Parnell,KMDN Kulasekara,1,0,"",""
ball,1,17.5,South Africa,WD Parnell,M Mosehle,KMDN Kulasekara,1,0,"",""
ball,1,17.6,South Africa,M Mosehle,WD Parnell,KMDN Kulasekara,1,0,"",""
ball,1,18.1,South Africa,M Mosehle,WD Parnell,DAS Gunaratne,0,0,"",""
ball,1,18.2,South Africa,M Mosehle,WD Parnell,DAS Gunaratne,4,0,"",""
ball,1,18.3,South Africa,M Mosehle,WD Parnell,DAS Gunaratne,0,0,"",""
ball,1,18.4,South Africa,M Mosehle,WD Parnell,DAS Gunaratne,1,0,"",""
ball,1,18.5,South Africa,WD Parnell,M Mosehle,DAS Gunaratne,1,0,"",""
ball,1,18.6,South Africa,M Mosehle,WD Parnell,DAS Gunaratne,1,0,"",""
ball,1,19.1,South Africa,M Mosehle,WD Parnell,I Udana,6,0,"",""
ball,1,19.2,South Africa,M Mosehle,WD Parnell,I Udana,0,0,"",""
ball,1,19.3,South Africa,M Mosehle,WD Parnell,I Udana,6,0,"",""
ball,1,19.4,South Africa,M Mosehle,WD Parnell,I Udana,6,0,"",""
ball,1,19.5,South Africa,M Mosehle,WD Parnell,I Udana,2,0,"",""
ball,1,19.6,South Africa,M Mosehle,WD Parnell,I Udana,1,0,"",""
ball,2,0.1,Sri Lanka,N Dickwella,WU Tharanga,L Ngidi,0,1,"",""
ball,2,0.2,Sri Lanka,WU Tharanga,N Dickwella,L Ngidi,1,0,"",""
ball,2,0.3,Sri Lanka,N Dickwella,WU Tharanga,L Ngidi,2,0,"",""
ball,2,0.4,Sri Lanka,N Dickwella,WU Tharanga,L Ngidi,4,0,"",""
ball,2,0.5,Sri Lanka,N Dickwella,WU Tharanga,L Ngidi,0,0,"",""
ball,2,0.6,Sri Lanka,N Dickwella,WU Tharanga,L Ngidi,1,0,"",""
ball,2,1.1,Sri Lanka,N Dickwella,WU Tharanga,D Paterson,0,0,"",""
ball,2,1.2,Sri Lanka,N Dickwella,WU Tharanga,D Paterson,1,0,"",""
ball,2,1.3,Sri Lanka,WU Tharanga,N Dickwella,D Paterson,0,0,"",""
ball,2,1.4,Sri Lanka,WU Tharanga,N Dickwella,D Paterson,0,0,"",""
ball,2,1.5,Sri Lanka,WU Tharanga,N Dickwella,D Paterson,4,0,"",""
ball,2,1.6,Sri Lanka,WU Tharanga,N Dickwella,D Paterson,4,0,"",""
ball,2,2.1,Sri Lanka,N Dickwella,WU Tharanga,L Ngidi,0,0,"",""
ball,2,2.2,Sri Lanka,N Dickwella,WU Tharanga,L Ngidi,0,1,"",""
ball,2,2.3,Sri Lanka,WU Tharanga,N Dickwella,L Ngidi,1,0,"",""
ball,2,2.4,Sri Lanka,N Dickwella,WU Tharanga,L Ngidi,4,0,"",""
ball,2,2.5,Sri Lanka,N Dickwella,WU Tharanga,L Ngidi,0,0,"",""
ball,2,2.6,Sri Lanka,N Dickwella,WU Tharanga,L Ngidi,0,0,"",""
ball,2,3.1,Sri Lanka,WU Tharanga,N Dickwella,D Paterson,1,0,"",""
ball,2,3.2,Sri Lanka,N Dickwella,WU Tharanga,D Paterson,0,0,"",""
ball,2,3.3,Sri Lanka,N Dickwella,WU Tharanga,D Paterson,1,0,"",""
ball,2,3.4,Sri Lanka,WU Tharanga,N Dickwella,D Paterson,4,0,"",""
ball,2,3.5,Sri Lanka,WU Tharanga,N Dickwella,D Paterson,4,0,"",""
ball,2,3.6,Sri Lanka,WU Tharanga,N Dickwella,D Paterson,0,1,"",""
ball,2,3.7,Sri Lanka,WU Tharanga,N Dickwella,D Paterson,1,0,"",""
ball,2,4.1,Sri Lanka,WU Tharanga,N Dickwella,WD Parnell,0,0,caught,WU Tharanga
ball,2,4.2,Sri Lanka,LD Chandimal,N Dickwella,WD Parnell,0,0,"",""
ball,2,4.3,Sri Lanka,LD Chandimal,N Dickwella,WD Parnell,2,0,"",""
ball,2,4.4,Sri Lanka,LD Chandimal,N Dickwella,WD Parnell,2,0,"",""
ball,2,4.5,Sri Lanka,LD Chandimal,N Dickwella,WD Parnell,1,0,"",""
ball,2,4.6,Sri Lanka,N Dickwella,LD Chandimal,WD Parnell,4,0,"",""
ball,2,5.1,Sri Lanka,LD Chandimal,N Dickwella,Imran Tahir,0,0,bowled,LD Chandimal
ball,2,5.2,Sri Lanka,DM de Silva,N Dickwella,Imran Tahir,1,0,"",""
ball,2,5.3,Sri Lanka,N Dickwella,DM de Silva,Imran Tahir,1,0,"",""
ball,2,5.4,Sri Lanka,DM de Silva,N Dickwella,Imran Tahir,0,0,"",""
ball,2,5.5,Sri Lanka,DM de Silva,N Dickwella,Imran Tahir,0,0,"",""
ball,2,5.6,Sri Lanka,DM de Silva,N Dickwella,Imran Tahir,1,0,"",""
ball,2,6.1,Sri Lanka,DM de Silva,N Dickwella,WD Parnell,1,0,"",""
ball,2,6.2,Sri Lanka,N Dickwella,DM de Silva,WD Parnell,0,0,"",""
ball,2,6.3,Sri Lanka,N Dickwella,DM de Silva,WD Parnell,1,0,"",""
ball,2,6.4,Sri Lanka,DM de Silva,N Dickwella,WD Parnell,1,0,"",""
ball,2,6.5,Sri Lanka,N Dickwella,DM de Silva,WD Parnell,4,0,"",""
ball,2,6.6,Sri Lanka,N Dickwella,DM de Silva,WD Parnell,0,0,"",""
ball,2,7.1,Sri Lanka,DM de Silva,N Dickwella,Imran Tahir,0,0,"",""
ball,2,7.2,Sri Lanka,DM de Silva,N Dickwella,Imran Tahir,0,0,"",""
ball,2,7.3,Sri Lanka,DM de Silva,N Dickwella,Imran Tahir,2,0,"",""
ball,2,7.4,Sri Lanka,DM de Silva,N Dickwella,Imran Tahir,0,0,"",""
ball,2,7.5,Sri Lanka,DM de Silva,N Dickwella,Imran Tahir,2,0,"",""
ball,2,7.6,Sri Lanka,DM de Silva,N Dickwella,Imran Tahir,1,0,"",""
ball,2,8.1,Sri Lanka,DM de Silva,N Dickwella,AL Phehlukwayo,0,1,"",""
ball,2,8.2,Sri Lanka,N Dickwella,DM de Silva,AL Phehlukwayo,4,0,"",""
ball,2,8.3,Sri Lanka,N Dickwella,DM de Silva,AL Phehlukwayo,0,0,"",""
ball,2,8.4,Sri Lanka,N Dickwella,DM de Silva,AL Phehlukwayo,4,0,"",""
ball,2,8.5,Sri Lanka,N Dickwella,DM de Silva,AL Phehlukwayo,0,0,"",""
ball,2,8.6,Sri Lanka,N Dickwella,DM de Silva,AL Phehlukwayo,4,0,"",""
ball,2,9.1,Sri Lanka,DM de Silva,N Dickwella,Imran Tahir,1,0,"",""
ball,2,9.2,Sri Lanka,N Dickwella,DM de Silva,Imran Tahir,4,0,"",""
ball,2,9.3,Sri Lanka,N Dickwella,DM de Silva,Imran Tahir,0,0,"",""
ball,2,9.4,Sri Lanka,N Dickwella,DM de Silva,Imran Tahir,1,0,"",""
ball,2,9.5,Sri Lanka,DM de Silva,N Dickwella,Imran Tahir,1,0,"",""
ball,2,9.6,Sri Lanka,N Dickwella,DM de Silva,Imran Tahir,1,0,"",""
ball,2,10.1,Sri Lanka,N Dickwella,DM de Silva,AL Phehlukwayo,1,0,"",""
ball,2,10.2,Sri Lanka,DM de Silva,N Dickwella,AL Phehlukwayo,0,0,"",""
ball,2,10.3,Sri Lanka,DM de Silva,N Dickwella,AL Phehlukwayo,0,0,"",""
ball,2,10.4,Sri Lanka,DM de Silva,N Dickwella,AL Phehlukwayo,1,0,"",""
ball,2,10.5,Sri Lanka,N Dickwella,DM de Silva,AL Phehlukwayo,1,0,"",""
ball,2,10.6,Sri Lanka,DM de Silva,N Dickwella,AL Phehlukwayo,1,0,"",""
ball,2,11.1,Sri Lanka,DM de Silva,N Dickwella,JT Smuts,1,0,"",""
ball,2,11.2,Sri Lanka,N Dickwella,DM de Silva,JT Smuts,1,0,"",""
ball,2,11.3,Sri Lanka,DM de Silva,N Dickwella,JT Smuts,1,0,"",""
ball,2,11.4,Sri Lanka,N Dickwella,DM de Silva,JT Smuts,4,0,"",""
ball,2,11.5,Sri Lanka,N Dickwella,DM de Silva,JT Smuts,2,0,"",""
ball,2,11.6,Sri Lanka,N Dickwella,DM de Silva,JT Smuts,1,0,"",""
ball,2,12.1,Sri Lanka,N Dickwella,DM de Silva,WD Parnell,1,0,"",""
ball,2,12.2,Sri Lanka,DM de Silva,N Dickwella,WD Parnell,1,0,"",""
ball,2,12.3,Sri Lanka,N Dickwella,DM de Silva,WD Parnell,2,0,"",""
ball,2,12.4,Sri Lanka,N Dickwella,DM de Silva,WD Parnell,2,0,"",""
ball,2,12.5,Sri Lanka,N Dickwella,DM de Silva,WD Parnell,0,0,"",""
ball,2,12.6,Sri Lanka,N Dickwella,DM de Silva,WD Parnell,1,0,"",""
ball,2,13.1,Sri Lanka,N Dickwella,DM de Silva,JT Smuts,0,0,"",""
ball,2,13.2,Sri Lanka,N Dickwella,DM de Silva,JT Smuts,4,0,"",""
ball,2,13.3,Sri Lanka,N Dickwella,DM de Silva,JT Smuts,6,0,"",""
ball,2,13.4,Sri Lanka,N Dickwella,DM de Silva,JT Smuts,1,0,"",""
ball,2,13.5,Sri Lanka,DM de Silva,N Dickwella,JT Smuts,1,0,"",""
ball,2,13.6,Sri Lanka,N Dickwella,DM de Silva,JT Smuts,0,0,"",""
ball,2,14.1,Sri Lanka,DM de Silva,N Dickwella,AL Phehlukwayo,1,0,"",""
ball,2,14.2,Sri Lanka,N Dickwella,DM de Silva,AL Phehlukwayo,0,0,"",""
ball,2,14.3,Sri Lanka,N Dickwella,DM de Silva,AL Phehlukwayo,0,0,"",""
ball,2,14.4,Sri Lanka,N Dickwella,DM de Silva,AL Phehlukwayo,0,0,"",""
ball,2,14.5,Sri Lanka,N Dickwella,DM de Silva,AL Phehlukwayo,0,1,"",""
ball,2,14.6,Sri Lanka,DM de Silva,N Dickwella,AL Phehlukwayo,0,0,"",""
ball,2,15.1,Sri Lanka,N Dickwella,DM de Silva,Imran Tahir,0,0,"",""
ball,2,15.2,Sri Lanka,N Dickwella,DM de Silva,Imran Tahir,0,0,caught,N Dickwella
ball,2,15.3,Sri Lanka,DM de Silva,S Prasanna,Imran Tahir,1,0,"",""
ball,2,15.4,Sri Lanka,S Prasanna,DM de Silva,Imran Tahir,1,0,"",""
ball,2,15.5,Sri Lanka,DM de Silva,S Prasanna,Imran Tahir,0,0,stumped,DM de Silva
ball,2,15.6,Sri Lanka,BKG Mendis,S Prasanna,Imran Tahir,0,0,"",""
ball,2,16.1,Sri Lanka,S Prasanna,BKG Mendis,WD Parnell,1,0,"",""
ball,2,16.2,Sri Lanka,BKG Mendis,S Prasanna,WD Parnell,1,0,"",""
ball,2,16.3,Sri Lanka,S Prasanna,BKG Mendis,WD Parnell,0,0,"",""
ball,2,16.4,Sri Lanka,S Prasanna,BKG Mendis,WD Parnell,4,0,"",""
ball,2,16.5,Sri Lanka,S Prasanna,BKG Mendis,WD Parnell,6,0,"",""
ball,2,16.6,Sri Lanka,S Prasanna,BKG Mendis,WD Parnell,0,1,"",""
ball,2,16.7,Sri Lanka,S Prasanna,BKG Mendis,WD Parnell,6,0,"",""
ball,2,17.1,Sri Lanka,BKG Mendis,S Prasanna,D Paterson,1,0,"",""
ball,2,17.2,Sri Lanka,S Prasanna,BKG Mendis,D Paterson,4,0,"",""
ball,2,17.3,Sri Lanka,S Prasanna,BKG Mendis,D Paterson,0,0,run out,BKG Mendis
ball,2,17.4,Sri Lanka,DAS Gunaratne,S Prasanna,D Paterson,0,1,"",""
ball,2,17.5,Sri Lanka,S Prasanna,DAS Gunaratne,D Paterson,0,0,"",""
ball,2,17.6,Sri Lanka,S Prasanna,DAS Gunaratne,D Paterson,1,0,"",""
ball,2,18.1,Sri Lanka,S Prasanna,DAS Gunaratne,AL Phehlukwayo,3,0,"",""
ball,2,18.2,Sri Lanka,DAS Gunaratne,S Prasanna,AL Phehlukwayo,1,0,"",""
ball,2,18.3,Sri Lanka,S Prasanna,DAS Gunaratne,AL Phehlukwayo,6,0,"",""
ball,2,18.4,Sri Lanka,S Prasanna,DAS Gunaratne,AL Phehlukwayo,0,1,"",""
ball,2,18.5,Sri Lanka,S Prasanna,DAS Gunaratne,AL Phehlukwayo,0,0,"",""
ball,2,18.6,Sri Lanka,S Prasanna,DAS Gunaratne,AL Phehlukwayo,0,0,"",""
ball,2,18.7,Sri Lanka,S Prasanna,DAS Gunaratne,AL Phehlukwayo,4,0,"",""
ball,2,19.1,Sri Lanka,DAS Gunaratne,S Prasanna,D Paterson,4,0,"",""
ball,2,19.2,Sri Lanka,DAS Gunaratne,S Prasanna,D Paterson,1,0,"",""
ball,2,19.3,Sri Lanka,S Prasanna,DAS Gunaratne,D Paterson,1,0,"",""
ball,2,19.4,Sri Lanka,DAS Gunaratne,S Prasanna,D Paterson,4,0,"",""
ball,2,19.5,Sri Lanka,DAS Gunaratne,S Prasanna,D Paterson,1,0,"",""
