version,1.3.0
info,team,Australia
info,team,Sri Lanka
info,gender,male
info,season,2016/17
info,date,2017/02/22
info,series,Sri Lanka in Australia T20I Series
info,match_number,3
info,venue,Adelaide Oval
info,city,
info,toss_winner,Sri Lanka
info,toss_decision,field
info,player_of_match,A Zampa
info,umpire,MD Martell
info,umpire,P Wilson
info,reserve_umpire,MW Graham-Smith
info,tv_umpire,SD Fry
info,match_referee,JJ Crowe
info,winner,Australia
info,winner_runs,41
ball,1,0.1,Australia,AJ Finch,M Klinger,SL Malinga,0,0,"",""
ball,1,0.2,Australia,AJ Finch,M Klinger,SL Malinga,0,0,"",""
ball,1,0.3,Australia,AJ Finch,M Klinger,SL Malinga,0,0,"",""
ball,1,0.4,Australia,AJ Finch,M Klinger,SL Malinga,0,0,"",""
ball,1,0.5,Australia,AJ Finch,M Klinger,SL Malinga,1,0,"",""
ball,1,0.6,Australia,M Klinger,AJ Finch,SL Malinga,0,0,"",""
ball,1,1.1,Australia,AJ Finch,M Klinger,KMDN Kulasekara,0,1,"",""
ball,1,1.2,Australia,AJ Finch,M Klinger,KMDN Kulasekara,6,0,"",""
ball,1,1.3,Australia,AJ Finch,M Klinger,KMDN Kulasekara,1,0,"",""
ball,1,1.4,Australia,M Klinger,AJ Finch,KMDN Kulasekara,0,0,"",""
ball,1,1.5,Australia,M Klinger,AJ Finch,KMDN Kulasekara,4,0,"",""
ball,1,1.6,Australia,M Klinger,AJ Finch,KMDN Kulasekara,1,0,"",""
ball,1,1.7,Australia,AJ Finch,M Klinger,KMDN Kulasekara,1,0,"",""
ball,1,2.1,Australia,AJ Finch,M Klinger,JRMVB Sanjaya,0,0,"",""
ball,1,2.2,Australia,AJ Finch,M Klinger,JRMVB Sanjaya,4,0,"",""
ball,1,2.3,Australia,AJ Finch,M Klinger,JRMVB Sanjaya,0,1,"",""
ball,1,2.4,Australia,AJ Finch,M Klinger,JRMVB Sanjaya,1,0,"",""
ball,1,2.5,Australia,M Klinger,AJ Finch,JRMVB Sanjaya,0,0,"",""
ball,1,2.6,Australia,M Klinger,AJ Finch,JRMVB Sanjaya,4,0,"",""
ball,1,2.7,Australia,M Klinger,AJ Finch,JRMVB Sanjaya,1,0,"",""
ball,1,3.1,Australia,M Klinger,AJ Finch,KMDN Kulasekara,1,0,"",""
ball,1,3.2,Australia,AJ Finch,M Klinger,KMDN Kulasekara,4,0,"",""
ball,1,3.3,Australia,AJ Finch,M Klinger,KMDN Kulasekara,0,0,"",""
ball,1,3.4,Australia,AJ Finch,M Klinger,KMDN Kulasekara,0,0,"",""
ball,1,3.5,Australia,AJ Finch,M Klinger,KMDN Kulasekara,4,0,"",""
ball,1,3.6,Australia,AJ Finch,M Klinger,KMDN Kulasekara,0,0,"",""
ball,1,4.1,Australia,M Klinger,AJ Finch,S Prasanna,4,0,"",""
ball,1,4.2,Australia,M Klinger,AJ Finch,S Prasanna,1,0,"",""
ball,1,4.3,Australia,AJ Finch,M Klinger,S Prasanna,4,0,"",""
ball,1,4.4,Australia,AJ Finch,M Klinger,S Prasanna,2,0,"",""
ball,1,4.5,Australia,AJ Finch,M Klinger,S Prasanna,6,0,"",""
ball,1,4.6,Australia,AJ Finch,M Klinger,S Prasanna,1,0,"",""
ball,1,5.1,Australia,AJ Finch,M Klinger,SL Malinga,4,0,"",""
ball,1,5.2,Australia,AJ Finch,M Klinger,SL Malinga,1,0,"",""
ball,1,5.3,Australia,M Klinger,AJ Finch,SL Malinga,2,0,"",""
ball,1,5.4,Australia,M Klinger,AJ Finch,SL Malinga,0,0,"",""
ball,1,5.5,Australia,M Klinger,AJ Finch,SL Malinga,0,1,"",""
ball,1,5.6,Australia,M Klinger,AJ Finch,SL Malinga,0,0,"",""
ball,1,5.7,Australia,M Klinger,AJ Finch,SL Malinga,1,0,"",""
ball,1,6.1,Australia,M Klinger,AJ Finch,S Prasanna,1,0,"",""
ball,1,6.2,Australia,AJ Finch,M Klinger,S Prasanna,0,0,"",""
ball,1,6.3,Australia,AJ Finch,M Klinger,S Prasanna,1,0,"",""
ball,1,6.4,Australia,M Klinger,AJ Finch,S Prasanna,0,0,"",""
ball,1,6.5,Australia,M Klinger,AJ Finch,S Prasanna,1,0,"",""
ball,1,6.6,Australia,AJ Finch,M Klinger,S Prasanna,1,0,"",""
ball,1,7.1,Australia,AJ Finch,M Klinger,TAM Siriwardana,2,0,"",""
ball,1,7.2,Australia,AJ Finch,M Klinger,TAM Siriwardana,2,0,"",""
ball,1,7.3,Australia,AJ Finch,M Klinger,TAM Siriwardana,0,0,"",""
ball,1,7.4,Australia,AJ Finch,M Klinger,TAM Siriwardana,1,0,"",""
ball,1,7.5,Australia,M Klinger,AJ Finch,TAM Siriwardana,1,0,"",""
ball,1,7.6,Australia,AJ Finch,M Klinger,TAM Siriwardana,6,0,"",""
ball,1,8.1,Australia,M Klinger,AJ Finch,S Prasanna,1,0,"",""
ball,1,8.2,Australia,AJ Finch,M Klinger,S Prasanna,0,0,"",""
ball,1,8.3,Australia,AJ Finch,M Klinger,S Prasanna,0,0,caught,AJ Finch
ball,1,8.4,Australia,M Klinger,BR Dunk,S Prasanna,0,0,"",""
ball,1,8.5,Australia,M Klinger,BR Dunk,S Prasanna,1,0,"",""
ball,1,8.6,Australia,BR Dunk,M Klinger,S Prasanna,1,0,"",""
ball,1,9.1,Australia,BR Dunk,M Klinger,DAS Gunaratne,0,2,"",""
ball,1,9.2,Australia,M Klinger,BR Dunk,DAS Gunaratne,1,0,"",""
ball,1,9.3,Australia,BR Dunk,M Klinger,DAS Gunaratne,1,0,"",""
ball,1,9.4,Australia,M Klinger,BR Dunk,DAS Gunaratne,6,0,"",""
ball,1,9.5,Australia,M Klinger,BR Dunk,DAS Gunaratne,1,0,"",""
ball,1,9.6,Australia,BR Dunk,M Klinger,DAS Gunaratne,1,0,"",""
ball,1,9.7,Australia,M Klinger,BR Dunk,DAS Gunaratne,0,0,"",""
ball,1,10.1,Australia,BR Dunk,M Klinger,JRMVB Sanjaya,6,0,"",""
ball,1,10.2,Australia,BR Dunk,M Klinger,JRMVB Sanjaya,0,0,"",""
ball,1,10.3,Australia,BR Dunk,M Klinger,JRMVB Sanjaya,0,0,"",""
ball,1,10.4,Australia,BR Dunk,M Klinger,JRMVB Sanjaya,0,0,"",""
ball,1,10.5,Australia,BR Dunk,M Klinger,JRMVB Sanjaya,0,0,"",""
ball,1,10.6,Australia,BR Dunk,M Klinger,JRMVB Sanjaya,1,0,"",""
ball,1,11.1,Australia,BR Dunk,M Klinger,MD Shanaka,1,0,"",""
ball,1,11.2,Australia,M Klinger,BR Dunk,MD Shanaka,2,0,"",""
ball,1,11.3,Australia,M Klinger,BR Dunk,MD Shanaka,2,0,"",""
ball,1,11.4,Australia,M Klinger,BR Dunk,MD Shanaka,0,0,"",""
ball,1,11.5,Australia,M Klinger,BR Dunk,MD Shanaka,1,0,"",""
ball,1,11.6,Australia,BR Dunk,M Klinger,MD Shanaka,1,0,"",""
ball,1,12.1,Australia,BR Dunk,M Klinger,JRMVB Sanjaya,1,0,"",""
ball,1,12.2,Australia,M Klinger,BR Dunk,JRMVB Sanjaya,0,1,"",""
ball,1,12.3,Australia,BR Dunk,M Klinger,JRMVB Sanjaya,4,0,"",""
ball,1,12.4,Australia,BR Dunk,M Klinger,JRMVB Sanjaya,6,0,"",""
ball,1,12.5,Australia,BR Dunk,M Klinger,JRMVB Sanjaya,1,0,"",""
ball,1,12.6,Australia,M Klinger,BR Dunk,JRMVB Sanjaya,4,0,"",""
ball,1,13.1,Australia,BR Dunk,M Klinger,MD Shanaka,0,0,"",""
ball,1,13.2,Australia,BR Dunk,M Klinger,MD Shanaka,4,0,"",""
ball,1,13.3,Australia,BR Dunk,M Klinger,MD Shanaka,0,0,"",""
ball,1,13.4,Australia,BR Dunk,M Klinger,MD Shanaka,0,0,"",""
ball,1,13.5,Australia,BR Dunk,M Klinger,MD Shanaka,0,0,"",""
ball,1,13.6,Australia,BR Dunk,M Klinger,MD Shanaka,0,0,caught,BR Dunk
ball,1,14.1,Australia,TM Head,M Klinger,KMDN Kulasekara,1,0,"",""
ball,1,14.2,Australia,M Klinger,TM Head,KMDN Kulasekara,1,0,"",""
ball,1,14.3,Australia,TM Head,M Klinger,KMDN Kulasekara,1,0,"",""
ball,1,14.4,Australia,M Klinger,TM Head,KMDN Kulasekara,2,0,"",""
ball,1,14.5,Australia,M Klinger,TM Head,KMDN Kulasekara,1,0,"",""
ball,1,14.6,Australia,TM Head,M Klinger,KMDN Kulasekara,1,0,"",""
ball,1,15.1,Australia,TM Head,M Klinger,MD Shanaka,1,0,"",""
ball,1,15.2,Australia,M Klinger,TM Head,MD Shanaka,1,0,"",""
ball,1,15.3,Australia,TM Head,M Klinger,MD Shanaka,1,0,"",""
ball,1,15.4,Australia,M Klinger,TM Head,MD Shanaka,4,0,"",""
ball,1,15.5,Australia,M Klinger,TM Head,MD Shanaka,3,0,"",""
ball,1,15.6,Australia,TM Head,M Klinger,MD Shanaka,2,0,"",""
ball,1,16.1,Australia,M Klinger,TM Head,SL Malinga,0,1,"",""
ball,1,16.2,Australia,M Klinger,TM Head,SL Malinga,1,0,"",""
ball,1,16.3,Australia,TM Head,M Klinger,SL Malinga,6,0,"",""
ball,1,16.4,Australia,TM Head,M Klinger,SL Malinga,6,0,"",""
ball,1,16.5,Australia,TM Head,M Klinger,SL Malinga,2,0,"",""
ball,1,16.6,Australia,TM Head,M Klinger,SL Malinga,4,0,"",""
ball,1,16.7,Australia,TM Head,M Klinger,SL Malinga,0,0,"",""
ball,1,17.1,Australia,M Klinger,TM Head,KMDN Kulasekara,1,0,"",""
ball,1,17.2,Australia,TM Head,M Klinger,KMDN Kulasekara,0,0,"",""
ball,1,17.3,Australia,TM Head,M Klinger,KMDN Kulasekara,2,0,"",""
ball,1,17.4,Australia,TM Head,M Klinger,KMDN Kulasekara,1,0,"",""
ball,1,17.5,Australia,M Klinger,TM Head,KMDN Kulasekara,4,0,"",""
ball,1,17.6,Australia,M Klinger,TM Head,KMDN Kulasekara,2,0,"",""
ball,1,18.1,Australia,TM Head,M Klinger,SL Malinga,2,0,"",""
ball,1,18.2,Australia,TM Head,M Klinger,SL Malinga,0,0,caught,TM Head
ball,1,18.3,Australia,M Klinger,MC Henriques,SL Malinga,1,0,run out,M Klinger
ball,1,18.4,Australia,AJ Turner,MC Henriques,SL Malinga,1,0,"",""
ball,1,18.5,Australia,MC Henriques,AJ Turner,SL Malinga,1,0,"",""
ball,1,18.6,Australia,AJ Turner,MC Henriques,SL Malinga,0,0,caught,AJ Turner
ball,1,19.1,Australia,JP Faulkner,MC Henriques,MD Shanaka,2,0,"",""
ball,1,19.2,Australia,JP Faulkner,MC Henriques,MD Shanaka,0,0,caught,JP Faulkner
ball,1,19.3,Australia,MC Henriques,TD Paine,MD Shanaka,0,1,"",""
ball,1,19.4,Australia,TD Paine,MC Henriques,MD Shanaka,0,0,"",""
ball,1,19.5,Australia,TD Paine,MC Henriques,MD Shanaka,1,0,"",""
ball,1,19.6,Australia,MC Henriques,TD Paine,MD Shanaka,1,0,"",""
ball,2,0.1,Sri Lanka,EMDY Munaweera,WU Tharanga,AJ Turner,0,0,"",""
ball,2,0.2,Sri Lanka,EMDY Munaweera,WU Tharanga,AJ Turner,3,0,"",""
ball,2,0.3,Sri Lanka,WU Tharanga,EMDY Munaweera,AJ Turner,0,1,"",""
ball,2,0.4,Sri Lanka,WU Tharanga,EMDY Munaweera,AJ Turner,0,0,"",""
ball,2,0.5,Sri Lanka,WU Tharanga,EMDY Munaweera,AJ Turner,4,0,"",""
ball,2,0.6,Sri Lanka,WU Tharanga,EMDY Munaweera,AJ Turner,0,0,"",""
ball,2,0.7,Sri Lanka,WU Tharanga,EMDY Munaweera,AJ Turner,0,0,"",""
ball,2,1.1,Sri Lanka,EMDY Munaweera,WU Tharanga,JA Richardson,6,0,"",""
ball,2,1.2,Sri Lanka,EMDY Munaweera,WU Tharanga,JA Richardson,0,0,"",""
ball,2,1.3,Sri Lanka,EMDY Munaweera,WU Tharanga,JA Richardson,6,0,"",""
ball,2,1.4,Sri Lanka,EMDY Munaweera,WU Tharanga,JA Richardson,4,0,"",""
ball,2,1.5,Sri Lanka,EMDY Munaweera,WU Tharanga,JA Richardson,0,1,"",""
ball,2,1.6,Sri Lanka,EMDY Munaweera,WU Tharanga,JA Richardson,1,0,"",""
ball,2,1.7,Sri Lanka,WU Tharanga,EMDY Munaweera,JA Richardson,2,0,"",""
ball,2,2.1,Sri Lanka,EMDY Munaweera,WU Tharanga,PJ Cummins,1,0,"",""
ball,2,2.2,Sri Lanka,WU Tharanga,EMDY Munaweera,PJ Cummins,0,0,"",""
ball,2,2.3,Sri Lanka,WU Tharanga,EMDY Munaweera,PJ Cummins,2,0,"",""
ball,2,2.4,Sri Lanka,WU Tharanga,EMDY Munaweera,PJ Cummins,0,1,"",""
ball,2,2.5,Sri Lanka,EMDY Munaweera,WU Tharanga,PJ Cummins,0,1,"",""
ball,2,2.6,Sri Lanka,EMDY Munaweera,WU Tharanga,PJ Cummins,0,0,"",""
ball,2,2.7,Sri Lanka,EMDY Munaweera,WU Tharanga,PJ Cummins,2,0,"",""
ball,2,3.1,Sri Lanka,WU Tharanga,EMDY Munaweera,JP Faulkner,0,0,"",""
ball,2,3.2,Sri Lanka,WU Tharanga,EMDY Munaweera,JP Faulkner,6,0,"",""
ball,2,3.3,Sri Lanka,WU Tharanga,EMDY Munaweera,JP Faulkner,0,0,"",""
ball,2,3.4,Sri Lanka,WU Tharanga,EMDY Munaweera,JP Faulkner,0,0,caught,WU Tharanga
ball,2,3.5,Sri Lanka,EMDY Munaweera,BKG Mendis,JP Faulkner,1,0,"",""
ball,2,3.6,Sri Lanka,BKG Mendis,EMDY Munaweera,JP Faulkner,1,0,"",""
ball,2,4.1,Sri Lanka,BKG Mendis,EMDY Munaweera,AJ Turner,0,0,"",""
ball,2,4.2,Sri Lanka,BKG Mendis,EMDY Munaweera,AJ Turner,1,0,"",""
ball,2,4.3,Sri Lanka,EMDY Munaweera,BKG Mendis,AJ Turner,0,0,"",""
ball,2,4.4,Sri Lanka,EMDY Munaweera,BKG Mendis,AJ Turner,1,0,"",""
ball,2,4.5,Sri Lanka,BKG Mendis,EMDY Munaweera,AJ Turner,4,0,"",""
ball,2,4.6,Sri Lanka,BKG Mendis,EMDY Munaweera,AJ Turner,1,0,"",""
ball,2,5.1,Sri Lanka,BKG Mendis,EMDY Munaweera,MC Henriques,1,0,"",""
ball,2,5.2,Sri Lanka,EMDY Munaweera,BKG Mendis,MC Henriques,0,0,"",""
ball,2,5.3,Sri Lanka,EMDY Munaweera,BKG Mendis,MC Henriques,0,0,"",""
ball,2,5.4,Sri Lanka,EMDY Munaweera,BKG Mendis,MC Henriques,4,0,"",""
ball,2,5.5,Sri Lanka,EMDY Munaweera,BKG Mendis,MC Henriques,4,0,"",""
ball,2,5.6,Sri Lanka,EMDY Munaweera,BKG Mendis,MC Henriques,1,0,"",""
ball,2,6.1,Sri Lanka,EMDY Munaweera,BKG Mendis,A Zampa,0,0,"",""
ball,2,6.2,Sri Lanka,EMDY Munaweera,BKG Mendis,A Zampa,0,0,"",""
ball,2,6.3,Sri Lanka,EMDY Munaweera,BKG Mendis,A Zampa,0,0,"",""
ball,2,6.4,Sri Lanka,EMDY Munaweera,BKG Mendis,A Zampa,1,0,"",""
ball,2,6.5,Sri Lanka,BKG Mendis,EMDY Munaweera,A Zampa,4,0,"",""
ball,2,6.6,Sri Lanka,BKG Mendis,EMDY Munaweera,A Zampa,1,0,"",""
ball,2,7.1,Sri Lanka,BKG Mendis,EMDY Munaweera,JA Richardson,1,0,"",""
ball,2,7.2,Sri Lanka,EMDY Munaweera,BKG Mendis,JA Richardson,1,0,"",""
ball,2,7.3,Sri Lanka,BKG Mendis,EMDY Munaweera,JA Richardson,0,0,caught,BKG Mendis
ball,2,7.4,Sri Lanka,EMDY Munaweera,DAS Gunaratne,JA Richardson,1,0,"",""
ball,2,7.5,Sri Lanka,DAS Gunaratne,EMDY Munaweera,JA Richardson,0,0,"",""
ball,2,7.6,Sri Lanka,DAS Gunaratne,EMDY Munaweera,JA Richardson,0,0,"",""
ball,2,8.1,Sri Lanka,EMDY Munaweera,DAS Gunaratne,TM Head,0,0,caught,EMDY Munaweera
ball,2,8.2,Sri Lanka,DAS Gunaratne,TAM Siriwardana,TM Head,1,0,"",""
ball,2,8.3,Sri Lanka,TAM Siriwardana,DAS Gunaratne,TM Head,0,0,"",""
ball,2,8.4,Sri Lanka,TAM Siriwardana,DAS Gunaratne,TM Head,1,0,"",""
ball,2,8.5,Sri Lanka,DAS Gunaratne,TAM Siriwardana,TM Head,3,0,"",""
ball,2,8.6,Sri Lanka,TAM Siriwardana,DAS Gunaratne,TM Head,1,0,"",""
ball,2,9.1,Sri Lanka,TAM Siriwardana,DAS Gunaratne,A Zampa,0,0,"",""
ball,2,9.2,Sri Lanka,TAM Siriwardana,DAS Gunaratne,A Zampa,1,0,"",""
ball,2,9.3,Sri Lanka,DAS Gunaratne,TAM Siriwardana,A Zampa,0,0,lbw,DAS Gunaratne
ball,2,9.4,Sri Lanka,CK Kapugedera,TAM Siriwardana,A Zampa,0,0,"",""
ball,2,9.5,Sri Lanka,CK Kapugedera,TAM Siriwardana,A Zampa,1,0,"",""
ball,2,9.6,Sri Lanka,TAM Siriwardana,CK Kapugedera,A Zampa,1,0,"",""
ball,2,10.1,Sri Lanka,TAM Siriwardana,CK Kapugedera,TM Head,1,0,"",""
ball,2,10.2,Sri Lanka,CK Kapugedera,TAM Siriwardana,TM Head,0,1,"",""
ball,2,10.3,Sri Lanka,CK Kapugedera,TAM Siriwardana,TM Head,1,0,"",""
ball,2,10.4,Sri Lanka,TAM Siriwardana,CK Kapugedera,TM Head,1,0,"",""
ball,2,10.5,Sri Lanka,CK Kapugedera,TAM Siriwardana,TM Head,4,0,"",""
ball,2,10.6,Sri Lanka,CK Kapugedera,TAM Siriwardana,TM Head,1,0,"",""
ball,2,10.7,Sri Lanka,TAM Siriwardana,CK Kapugedera,TM Head,1,0,"",""
ball,2,11.1,Sri Lanka,TAM Siriwardana,CK Kapugedera,A Zampa,2,0,"",""
ball,2,11.2,Sri Lanka,TAM Siriwardana,CK Kapugedera,A Zampa,0,0,"",""
ball,2,11.3,Sri Lanka,TAM Siriwardana,CK Kapugedera,A Zampa,1,0,"",""
ball,2,11.4,Sri Lanka,CK Kapugedera,TAM Siriwardana,A Zampa,0,0,bowled,CK Kapugedera
ball,2,11.5,Sri Lanka,MD Shanaka,TAM Siriwardana,A Zampa,0,0,"",""
ball,2,11.6,Sri Lanka,MD Shanaka,TAM Siriwardana,A Zampa,0,0,lbw,MD Shanaka
ball,2,12.1,Sri Lanka,TAM Siriwardana,S Prasanna,PJ Cummins,0,0,"",""
ball,2,12.2,Sri Lanka,TAM Siriwardana,S Prasanna,PJ Cummins,4,0,"",""
ball,2,12.3,Sri Lanka,TAM Siriwardana,S Prasanna,PJ Cummins,1,0,"",""
ball,2,12.4,Sri Lanka,S Prasanna,TAM Siriwardana,PJ Cummins,0,0,"",""
ball,2,12.5,Sri Lanka,S Prasanna,TAM Siriwardana,PJ Cummins,0,1,"",""
ball,2,12.6,Sri Lanka,S Prasanna,TAM Siriwardana,PJ Cummins,0,0,"",""
ball,2,12.7,Sri Lanka,S Prasanna,TAM Siriwardana,PJ Cummins,2,0,"",""
ball,2,13.1,Sri Lanka,TAM Siriwardana,S Prasanna,A Zampa,6,0,"",""
ball,2,13.2,Sri Lanka,TAM Siriwardana,S Prasanna,A Zampa,1,0,"",""
ball,2,13.3,Sri Lanka,S Prasanna,TAM Siriwardana,A Zampa,1,0,"",""
ball,2,13.4,Sri Lanka,TAM Siriwardana,S Prasanna,A Zampa,0,0,"",""
ball,2,13.5,Sri Lanka,TAM Siriwardana,S Prasanna,A Zampa,1,0,"",""
ball,2,13.6,Sri Lanka,S Prasanna,TAM Siriwardana,A Zampa,4,0,"",""
ball,2,14.1,Sri Lanka,TAM Siriwardana,S Prasanna,JP Faulkner,1,0,"",""
ball,2,14.2,Sri Lanka,S Prasanna,TAM Siriwardana,JP Faulkner,4,0,"",""
ball,2,14.3,Sri Lanka,S Prasanna,TAM Siriwardana,JP Faulkner,0,1,"",""
ball,2,14.4,Sri Lanka,S Prasanna,TAM Siriwardana,JP Faulkner,1,0,"",""
ball,2,14.5,Sri Lanka,TAM Siriwardana,S Prasanna,JP Faulkner,1,0,"",""
ball,2,14.6,Sri Lanka,S Prasanna,TAM Siriwardana,JP Faulkner,0,0,caught,S Prasanna
ball,2,14.7,Sri Lanka,KMDN Kulasekara,TAM Siriwardana,JP Faulkner,0,1,"",""
ball,2,15.1,Sri Lanka,KMDN Kulasekara,TAM Siriwardana,JA Richardson,1,0,"",""
ball,2,15.2,Sri Lanka,TAM Siriwardana,KMDN Kulasekara,JA Richardson,0,1,"",""
ball,2,15.3,Sri Lanka,TAM Siriwardana,KMDN Kulasekara,JA Richardson,6,0,"",""
ball,2,15.4,Sri Lanka,TAM Siriwardana,KMDN Kulasekara,JA Richardson,1,0,"",""
ball,2,15.5,Sri Lanka,KMDN Kulasekara,TAM Siriwardana,JA Richardson,4,0,"",""
ball,2,15.6,Sri Lanka,KMDN Kulasekara,TAM Siriwardana,JA Richardson,1,0,"",""
ball,2,15.7,Sri Lanka,TAM Siriwardana,KMDN Kulasekara,JA Richardson,1,0,"",""
ball,2,16.1,Sri Lanka,TAM Siriwardana,KMDN Kulasekara,JP Faulkner,2,0,"",""
ball,2,16.2,Sri Lanka,TAM Siriwardana,KMDN Kulasekara,JP Faulkner,0,0,"",""
ball,2,16.3,Sri Lanka,TAM Siriwardana,KMDN Kulasekara,JP Faulkner,0,0,caught and bowled,TAM Siriwardana
ball,2,16.4,Sri Lanka,KMDN Kulasekara,SL Malinga,JP Faulkner,1,0,"",""
ball,2,16.5,Sri Lanka,SL Malinga,KMDN Kulasekara,JP Faulkner,1,0,"",""
ball,2,16.6,Sri Lanka,KMDN Kulasekara,SL Malinga,JP Faulkner,0,0,"",""
ball,2,17.1,Sri Lanka,SL Malinga,KMDN Kulasekara,PJ Cummins,0,0,"",""
ball,2,17.2,Sri Lanka,SL Malinga,KMDN Kulasekara,PJ Cummins,0,0,run out,SL Malinga
ball,2,17.3,Sri Lanka,KMDN Kulasekara,JRMVB Sanjaya,PJ Cummins,1,0,"",""
ball,2,17.4,Sri Lanka,JRMVB Sanjaya,KMDN Kulasekara,PJ Cummins,4,0,"",""
ball,2,17.5,Sri Lanka,JRMVB Sanjaya,KMDN Kulasekara,PJ Cummins,0,0,"",""
ball,2,17.6,Sri Lanka,JRMVB Sanjaya,KMDN Kulasekara,PJ Cummins,1,0,run out,JRMVB Sanjaya
