version,1.3.0
info,team,United Arab Emirates
info,team,Afghanistan
info,gender,male
info,season,2016/17
info,date,2016/12/14
info,series,Afghanistan in United Arab Emirates T20I Series
info,match_number,1
info,venue,ICC Academy
info,city,Dubai
info,toss_winner,Afghanistan
info,toss_decision,bat
info,player_of_match,Karim Janat
info,umpire,Ahmed Shah Durrani
info,umpire,Iftikhar Ali
info,reserve_umpire,Akbar Ali
info,match_referee,GF Labrooy
info,winner,Afghanistan
info,winner_runs,11
ball,1,0.1,Afghanistan,Najeeb Tarakai,Mohammad Shahzad,Ahmed Raza,1,0,"",""
ball,1,0.2,Afghanistan,Mohammad Shahzad,Najeeb Tarakai,Ahmed Raza,1,0,"",""
ball,1,0.3,Afghanistan,Najeeb Tarakai,Mohammad Shahzad,Ahmed Raza,0,0,"",""
ball,1,0.4,Afghanistan,Najeeb Tarakai,Mohammad Shahzad,Ahmed Raza,1,0,"",""
ball,1,0.5,Afghanistan,Mohammad Shahzad,Najeeb Tarakai,Ahmed Raza,0,0,"",""
ball,1,0.6,Afghanistan,Mohammad Shahzad,Najeeb Tarakai,Ahmed Raza,0,0,"",""
ball,1,1.1,Afghanistan,Najeeb Tarakai,Mohammad Shahzad,Mohammad Naveed,1,0,"",""
ball,1,1.2,Afghanistan,Mohammad Shahzad,Najeeb Tarakai,Mohammad Naveed,1,0,"",""
ball,1,1.3,Afghanistan,Najeeb Tarakai,Mohammad Shahzad,Mohammad Naveed,0,0,"",""
ball,1,1.4,Afghanistan,Najeeb Tarakai,Mohammad Shahzad,Mohammad Naveed,1,0,"",""
ball,1,1.5,Afghanistan,Mohammad Shahzad,Najeeb Tarakai,Mohammad Naveed,1,0,"",""
ball,1,1.6,Afghanistan,Najeeb Tarakai,Mohammad Shahzad,Mohammad Naveed,0,0,"",""
ball,1,2.1,Afghanistan,Mohammad Shahzad,Najeeb Tarakai,Ahmed Raza,4,0,"",""
ball,1,2.2,Afghanistan,Mohammad Shahzad,Najeeb Tarakai,Ahmed Raza,1,0,"",""
ball,1,2.3,Afghanistan,Najeeb Tarakai,Mohammad Shahzad,Ahmed Raza,0,0,"",""
ball,1,2.4,Afghanistan,Najeeb Tarakai,Mohammad Shahzad,Ahmed Raza,0,0,"",""
ball,1,2.5,Afghanistan,Najeeb Tarakai,Mohammad Shahzad,Ahmed Raza,6,0,"",""
ball,1,2.6,Afghanistan,Najeeb Tarakai,Mohammad Shahzad,Ahmed Raza,0,0,"",""
ball,1,3.1,Afghanistan,Mohammad Shahzad,Najeeb Tarakai,Mohammad Naveed,0,0,"",""
ball,1,3.2,Afghanistan,Mohammad Shahzad,Najeeb Tarakai,Mohammad Naveed,2,0,"",""
ball,1,3.3,Afghanistan,Mohammad Shahzad,Najeeb Tarakai,Mohammad Naveed,0,0,"",""
ball,1,3.4,Afghanistan,Mohammad Shahzad,Najeeb Tarakai,Mohammad Naveed,1,0,"",""
ball,1,3.5,Afghanistan,Najeeb Tarakai,Mohammad Shahzad,Mohammad Naveed,0,0,"",""
ball,1,3.6,Afghanistan,Najeeb Tarakai,Mohammad Shahzad,Mohammad Naveed,0,0,"",""
ball,1,4.1,Afghanistan,Mohammad Shahzad,Najeeb Tarakai,Amjad Javed,4,0,"",""
ball,1,4.2,Afghanistan,Mohammad Shahzad,Najeeb Tarakai,Amjad Javed,1,0,"",""
ball,1,4.3,Afghanistan,Najeeb Tarakai,Mohammad Shahzad,Amjad Javed,1,0,"",""
ball,1,4.4,Afghanistan,Mohammad Shahzad,Najeeb Tarakai,Amjad Javed,4,0,"",""
ball,1,4.5,Afghanistan,Mohammad Shahzad,Najeeb Tarakai,Amjad Javed,0,0,"",""
ball,1,4.6,Afghanistan,Mohammad Shahzad,Najeeb Tarakai,Amjad Javed,1,0,"",""
ball,1,5.1,Afghanistan,Mohammad Shahzad,Najeeb Tarakai,Mohammad Naveed,4,0,"",""
ball,1,5.2,Afghanistan,Mohammad Shahzad,Najeeb Tarakai,Mohammad Naveed,0,0,"",""
ball,1,5.3,Afghanistan,Mohammad Shahzad,Najeeb Tarakai,Mohammad Naveed,0,1,"",""
ball,1,5.4,Afghanistan,Najeeb Tarakai,Mohammad Shahzad,Mohammad Naveed,0,1,"",""
ball,1,5.5,Afghanistan,Mohammad Shahzad,Najeeb Tarakai,Mohammad Naveed,3,0,"",""
ball,1,5.6,Afghanistan,Najeeb Tarakai,Mohammad Shahzad,Mohammad Naveed,0,0,"",""
ball,1,6.1,Afghanistan,Mohammad Shahzad,Najeeb Tarakai,Amjad Javed,0,0,"",""
ball,1,6.2,Afghanistan,Mohammad Shahzad,Najeeb Tarakai,Amjad Javed,4,0,"",""
ball,1,6.3,Afghanistan,Mohammad Shahzad,Najeeb Tarakai,Amjad Javed,1,0,"",""
ball,1,6.4,Afghanistan,Najeeb Tarakai,Mohammad Shahzad,Amjad Javed,0,0,caught,Najeeb Tarakai
ball,1,6.5,Afghanistan,Mohammad Shahzad,Asghar Stanikzai,Amjad Javed,0,0,"",""
ball,1,6.6,Afghanistan,Mohammad Shahzad,Asghar Stanikzai,Amjad Javed,2,0,"",""
ball,1,7.1,Afghanistan,Asghar Stanikzai,Mohammad Shahzad,Mohammad Shahzad (2),4,0,"",""
ball,1,7.2,Afghanistan,Asghar Stanikzai,Mohammad Shahzad,Mohammad Shahzad (2),0,0,"",""
ball,1,7.3,Afghanistan,Asghar Stanikzai,Mohammad Shahzad,Mohammad Shahzad (2),1,0,"",""
ball,1,7.4,Afghanistan,Mohammad Shahzad,Asghar Stanikzai,Mohammad Shahzad (2),1,0,"",""
ball,1,7.5,Afghanistan,Asghar Stanikzai,Mohammad Shahzad,Mohammad Shahzad (2),2,0,"",""
ball,1,7.6,Afghanistan,Asghar Stanikzai,Mohammad Shahzad,Mohammad Shahzad (2),1,0,"",""
ball,1,8.1,Afghanistan,Asghar Stanikzai,Mohammad Shahzad,Amjad Javed,0,0,"",""
ball,1,8.2,Afghanistan,Asghar Stanikzai,Mohammad Shahzad,Amjad Javed,1,0,"",""
ball,1,8.3,Afghanistan,Mohammad Shahzad,Asghar Stanikzai,Amjad Javed,1,0,"",""
ball,1,8.4,Afghanistan,Asghar Stanikzai,Mohammad Shahzad,Amjad Javed,1,0,"",""
ball,1,8.5,Afghanistan,Mohammad Shahzad,Asghar Stanikzai,Amjad Javed,1,0,"",""
ball,1,8.6,Afghanistan,Asghar Stanikzai,Mohammad Shahzad,Amjad Javed,2,0,"",""
ball,1,9.1,Afghanistan,Mohammad Shahzad,Asghar Stanikzai,Mohammad Shahzad (2),0,0,caught,Mohammad Shahzad
ball,1,9.2,Afghanistan,Samiullah Shenwari,Asghar Stanikzai,Mohammad Shahzad (2),0,0,caught,Samiullah Shenwari
ball,1,9.3,Afghanistan,Mohammad Nabi,Asghar Stanikzai,Mohammad Shahzad (2),0,0,"",""
ball,1,9.4,Afghanistan,Mohammad Nabi,Asghar Stanikzai,Mohammad Shahzad (2),1,0,"",""
ball,1,9.5,Afghanistan,Asghar Stanikzai,Mohammad Nabi,Mohammad Shahzad (2),0,0,"",""
ball,1,9.6,Afghanistan,Asghar Stanikzai,Mohammad Nabi,Mohammad Shahzad (2),1,0,"",""
ball,1,10.1,Afghanistan,Asghar Stanikzai,Mohammad Nabi,Mohammad Naveed,0,0,"",""
ball,1,10.2,Afghanistan,Asghar Stanikzai,Mohammad Nabi,Mohammad Naveed,0,0,bowled,Asghar Stanikzai
ball,1,10.3,Afghanistan,Karim Janat,Mohammad Nabi,Mohammad Naveed,0,0,"",""
ball,1,10.4,Afghanistan,Karim Janat,Mohammad Nabi,Mohammad Naveed,0,0,"",""
ball,1,10.5,Afghanistan,Karim Janat,Mohammad Nabi,Mohammad Naveed,1,0,"",""
ball,1,10.6,Afghanistan,Mohammad Nabi,Karim Janat,Mohammad Naveed,1,0,"",""
ball,1,11.1,Afghanistan,Mohammad Nabi,Karim Janat,Mohammad Shahzad (2),1,0,"",""
ball,1,11.2,Afghanistan,Karim Janat,Mohammad Nabi,Mohammad Shahzad (2),0,0,"",""
ball,1,11.3,Afghanistan,Karim Janat,Mohammad Nabi,Mohammad Shahzad (2),4,0,"",""
ball,1,11.4,Afghanistan,Karim Janat,Mohammad Nabi,Mohammad Shahzad (2),1,0,"",""
ball,1,11.5,Afghanistan,Mohammad Nabi,Karim Janat,Mohammad Shahzad (2),1,0,"",""
ball,1,11.6,Afghanistan,Karim Janat,Mohammad Nabi,Mohammad Shahzad (2),1,0,"",""
ball,1,12.1,Afghanistan,Karim Janat,Mohammad Nabi,Ahmed Raza,0,0,"",""
ball,1,12.2,Afghanistan,Karim Janat,Mohammad Nabi,Ahmed Raza,1,0,"",""
ball,1,12.3,Afghanistan,Mohammad Nabi,Karim Janat,Ahmed Raza,0,0,"",""
ball,1,12.4,Afghanistan,Mohammad Nabi,Karim Janat,Ahmed Raza,1,0,"",""
ball,1,12.5,Afghanistan,Karim Janat,Mohammad Nabi,Ahmed Raza,1,0,"",""
ball,1,12.6,Afghanistan,Mohammad Nabi,Karim Janat,Ahmed Raza,0,0,"",""
ball,1,13.1,Afghanistan,Karim Janat,Mohammad Nabi,Rohan Mustafa,1,0,"",""
ball,1,13.2,Afghanistan,Mohammad Nabi,Karim Janat,Rohan Mustafa,0,0,"",""
ball,1,13.3,Afghanistan,Mohammad Nabi,Karim Janat,Rohan Mustafa,4,0,"",""
ball,1,13.4,Afghanistan,Mohammad Nabi,Karim Janat,Rohan Mustafa,1,0,"",""
ball,1,13.5,Afghanistan,Karim Janat,Mohammad Nabi,Rohan Mustafa,0,0,"",""
ball,1,13.6,Afghanistan,Karim Janat,Mohammad Nabi,Rohan Mustafa,1,0,"",""
ball,1,14.1,Afghanistan,Karim Janat,Mohammad Nabi,Ahmed Raza,0,0,"",""
ball,1,14.2,Afghanistan,Karim Janat,Mohammad Nabi,Ahmed Raza,0,0,"",""
ball,1,14.3,Afghanistan,Karim Janat,Mohammad Nabi,Ahmed Raza,1,0,"",""
ball,1,14.4,Afghanistan,Mohammad Nabi,Karim Janat,Ahmed Raza,1,0,"",""
ball,1,14.5,Afghanistan,Karim Janat,Mohammad Nabi,Ahmed Raza,0,0,"",""
ball,1,14.6,Afghanistan,Karim Janat,Mohammad Nabi,Ahmed Raza,1,0,"",""
ball,1,15.1,Afghanistan,Karim Janat,Mohammad Nabi,Rohan Mustafa,6,0,"",""
ball,1,15.2,Afghanistan,Karim Janat,Mohammad Nabi,Rohan Mustafa,0,0,"",""
ball,1,15.3,Afghanistan,Karim Janat,Mohammad Nabi,Rohan Mustafa,1,0,"",""
ball,1,15.4,Afghanistan,Mohammad Nabi,Karim Janat,Rohan Mustafa,2,0,"",""
ball,1,15.5,Afghanistan,Mohammad Nabi,Karim Janat,Rohan Mustafa,0,0,"",""
ball,1,15.6,Afghanistan,Mohammad Nabi,Karim Janat,Rohan Mustafa,1,0,"",""
ball,1,16.1,Afghanistan,Mohammad Nabi,Karim Janat,Mohammed Qasim,1,0,"",""
ball,1,16.2,Afghanistan,Karim Janat,Mohammad Nabi,Mohammed Qasim,0,0,"",""
ball,1,16.3,Afghanistan,Karim Janat,Mohammad Nabi,Mohammed Qasim,4,0,"",""
ball,1,16.4,Afghanistan,Karim Janat,Mohammad Nabi,Mohammed Qasim,1,0,"",""
ball,1,16.5,Afghanistan,Mohammad Nabi,Karim Janat,Mohammed Qasim,1,0,run out,Karim Janat
ball,1,16.6,Afghanistan,Najibullah Zadran,Mohammad Nabi,Mohammed Qasim,1,0,"",""
ball,1,17.1,Afghanistan,Najibullah Zadran,Mohammad Nabi,Rohan Mustafa,1,0,"",""
ball,1,17.2,Afghanistan,Mohammad Nabi,Najibullah Zadran,Rohan Mustafa,4,0,"",""
ball,1,17.3,Afghanistan,Mohammad Nabi,Najibullah Zadran,Rohan Mustafa,1,0,"",""
ball,1,17.4,Afghanistan,Najibullah Zadran,Mohammad Nabi,Rohan Mustafa,6,0,"",""
ball,1,17.5,Afghanistan,Najibullah Zadran,Mohammad Nabi,Rohan Mustafa,6,0,"",""
ball,1,17.6,Afghanistan,Najibullah Zadran,Mohammad Nabi,Rohan Mustafa,2,0,"",""
ball,1,18.1,Afghanistan,Mohammad Nabi,Najibullah Zadran,Amjad Javed,2,0,"",""
ball,1,18.2,Afghanistan,Mohammad Nabi,Najibullah Zadran,Amjad Javed,2,0,"",""
ball,1,18.3,Afghanistan,Mohammad Nabi,Najibullah Zadran,Amjad Javed,1,0,"",""
ball,1,18.4,Afghanistan,Najibullah Zadran,Mohammad Nabi,Amjad Javed,6,0,"",""
ball,1,18.5,Afghanistan,Najibullah Zadran,Mohammad Nabi,Amjad Javed,4,0,"",""
ball,1,18.6,Afghanistan,Najibullah Zadran,Mohammad Nabi,Amjad Javed,0,1,"",""
ball,1,18.7,Afghanistan,Najibullah Zadran,Mohammad Nabi,Amjad Javed,4,0,"",""
ball,1,19.1,Afghanistan,Mohammad Nabi,Najibullah Zadran,Mohammad Shahzad (2),0,0,caught,Mohammad Nabi
ball,1,19.2,Afghanistan,Najibullah Zadran,Rashid Khan,Mohammad Shahzad (2),1,0,"",""
ball,1,19.3,Afghanistan,Rashid Khan,Najibullah Zadran,Mohammad Shahzad (2),0,0,"",""
ball,1,19.4,Afghanistan,Rashid Khan,Najibullah Zadran,Mohammad Shahzad (2),6,0,"",""
ball,1,19.5,Afghanistan,Rashid Khan,Najibullah Zadran,Mohammad Shahzad (2),4,0,"",""
ball,1,19.6,Afghanistan,Rashid Khan,Najibullah Zadran,Mohammad Shahzad (2),4,0,"",""
ball,2,0.1,United Arab Emirates,Rohan Mustafa,Mohammed Qasim,Fareed Ahmad,0,0,"",""
ball,2,0.2,United Arab Emirates,Rohan Mustafa,Mohammed Qasim,Fareed Ahmad,0,0,"",""
ball,2,0.3,United Arab Emirates,Rohan Mustafa,Mohammed Qasim,Fareed Ahmad,0,0,"",""
ball,2,0.4,United Arab Emirates,Rohan Mustafa,Mohammed Qasim,Fareed Ahmad,1,0,"",""
ball,2,0.5,United Arab Emirates,Mohammed Qasim,Rohan Mustafa,Fareed Ahmad,4,0,"",""
ball,2,0.6,United Arab Emirates,Mohammed Qasim,Rohan Mustafa,Fareed Ahmad,0,0,"",""
ball,2,1.1,United Arab Emirates,Rohan Mustafa,Mohammed Qasim,Aftab Alam,6,0,"",""
ball,2,1.2,United Arab Emirates,Rohan Mustafa,Mohammed Qasim,Aftab Alam,0,1,"",""
ball,2,1.3,United Arab Emirates,Mohammed Qasim,Rohan Mustafa,Aftab Alam,0,0,"",""
ball,2,1.4,United Arab Emirates,Mohammed Qasim,Rohan Mustafa,Aftab Alam,1,0,"",""
ball,2,1.5,United Arab Emirates,Rohan Mustafa,Mohammed Qasim,Aftab Alam,0,0,"",""
ball,2,1.6,United Arab Emirates,Rohan Mustafa,Mohammed Qasim,Aftab Alam,4,0,"",""
ball,2,2.1,United Arab Emirates,Mohammed Qasim,Rohan Mustafa,Fareed Ahmad,0,0,"",""
ball,2,2.2,United Arab Emirates,Mohammed Qasim,Rohan Mustafa,Fareed Ahmad,0,0,"",""
ball,2,2.3,United Arab Emirates,Mohammed Qasim,Rohan Mustafa,Fareed Ahmad,1,0,"",""
ball,2,2.4,United Arab Emirates,Rohan Mustafa,Mohammed Qasim,Fareed Ahmad,1,0,"",""
ball,2,2.5,United Arab Emirates,Mohammed Qasim,Rohan Mustafa,Fareed Ahmad,0,0,"",""
ball,2,2.6,United Arab Emirates,Mohammed Qasim,Rohan Mustafa,Fareed Ahmad,1,0,"",""
ball,2,3.1,United Arab Emirates,Mohammed Qasim,Rohan Mustafa,Karim Janat,0,0,"",""
ball,2,3.2,United Arab Emirates,Mohammed Qasim,Rohan Mustafa,Karim Janat,1,0,"",""
ball,2,3.3,United Arab Emirates,Rohan Mustafa,Mohammed Qasim,Karim Janat,3,0,"",""
ball,2,3.4,United Arab Emirates,Mohammed Qasim,Rohan Mustafa,Karim Janat,2,0,"",""
ball,2,3.5,United Arab Emirates,Mohammed Qasim,Rohan Mustafa,Karim Janat,0,0,caught,Mohammed Qasim
ball,2,3.6,United Arab Emirates,Rohan Mustafa,Mohammad Shahzad (2),Karim Janat,4,0,"",""
ball,2,4.1,United Arab Emirates,Mohammad Shahzad (2),Rohan Mustafa,Aftab Alam,0,3,"",""
ball,2,4.2,United Arab Emirates,Rohan Mustafa,Mohammad Shahzad (2),Aftab Alam,0,0,"",""
ball,2,4.3,United Arab Emirates,Rohan Mustafa,Mohammad Shahzad (2),Aftab Alam,4,0,"",""
ball,2,4.4,United Arab Emirates,Rohan Mustafa,Mohammad Shahzad (2),Aftab Alam,0,0,"",""
ball,2,4.5,United Arab Emirates,Rohan Mustafa,Mohammad Shahzad (2),Aftab Alam,1,0,"",""
ball,2,4.6,United Arab Emirates,Mohammad Shahzad (2),Rohan Mustafa,Aftab Alam,0,0,"",""
ball,2,5.1,United Arab Emirates,Rohan Mustafa,Mohammad Shahzad (2),Mohammad Nabi,1,0,"",""
ball,2,5.2,United Arab Emirates,Mohammad Shahzad (2),Rohan Mustafa,Mohammad Nabi,1,0,"",""
ball,2,5.3,United Arab Emirates,Rohan Mustafa,Mohammad Shahzad (2),Mohammad Nabi,0,0,"",""
ball,2,5.4,United Arab Emirates,Rohan Mustafa,Mohammad Shahzad (2),Mohammad Nabi,0,0,"",""
ball,2,5.5,United Arab Emirates,Rohan Mustafa,Mohammad Shahzad (2),Mohammad Nabi,0,0,"",""
ball,2,5.6,United Arab Emirates,Rohan Mustafa,Mohammad Shahzad (2),Mohammad Nabi,0,0,"",""
ball,2,6.1,United Arab Emirates,Mohammad Shahzad (2),Rohan Mustafa,Karim Janat,1,0,"",""
ball,2,6.2,United Arab Emirates,Rohan Mustafa,Mohammad Shahzad (2),Karim Janat,0,0,"",""
ball,2,6.3,United Arab Emirates,Rohan Mustafa,Mohammad Shahzad (2),Karim Janat,0,0,"",""
ball,2,6.4,United Arab Emirates,Rohan Mustafa,Mohammad Shahzad (2),Karim Janat,0,0,caught,Rohan Mustafa
ball,2,6.5,United Arab Emirates,Mohammad Shahzad (2),Shaiman Anwar,Karim Janat,0,0,"",""
ball,2,6.6,United Arab Emirates,Mohammad Shahzad (2),Shaiman Anwar,Karim Janat,0,0,caught,Mohammad Shahzad (2)
ball,2,7.1,United Arab Emirates,Shaiman Anwar,Rameez Shahzad,Amir Hamza,0,0,"",""
ball,2,7.2,United Arab Emirates,Shaiman Anwar,Rameez Shahzad,Amir Hamza,0,0,"",""
ball,2,7.3,United Arab Emirates,Shaiman Anwar,Rameez Shahzad,Amir Hamza,0,0,"",""
ball,2,7.4,United Arab Emirates,Shaiman Anwar,Rameez Shahzad,Amir Hamza,1,0,"",""
ball,2,7.5,United Arab Emirates,Rameez Shahzad,Shaiman Anwar,Amir Hamza,0,0,"",""
ball,2,7.6,United Arab Emirates,Rameez Shahzad,Shaiman Anwar,Amir Hamza,4,0,"",""
ball,2,8.1,United Arab Emirates,Shaiman Anwar,Rameez Shahzad,Karim Janat,0,0,"",""
ball,2,8.2,United Arab Emirates,Shaiman Anwar,Rameez Shahzad,Karim Janat,1,0,"",""
ball,2,8.3,United Arab Emirates,Rameez Shahzad,Shaiman Anwar,Karim Janat,0,0,"",""
ball,2,8.4,United Arab Emirates,Rameez Shahzad,Shaiman Anwar,Karim Janat,0,0,"",""
ball,2,8.5,United Arab Emirates,Rameez Shahzad,Shaiman Anwar,Karim Janat,4,0,"",""
ball,2,8.6,United Arab Emirates,Rameez Shahzad,Shaiman Anwar,Karim Janat,0,0,"",""
ball,2,9.1,United Arab Emirates,Shaiman Anwar,Rameez Shahzad,Amir Hamza,0,0,"",""
ball,2,9.2,United Arab Emirates,Shaiman Anwar,Rameez Shahzad,Amir Hamza,0,0,"",""
ball,2,9.3,United Arab Emirates,Shaiman Anwar,Rameez Shahzad,Amir Hamza,1,0,"",""
ball,2,9.4,United Arab Emirates,Rameez Shahzad,Shaiman Anwar,Amir Hamza,0,0,"",""
ball,2,9.5,United Arab Emirates,Rameez Shahzad,Shaiman Anwar,Amir Hamza,1,0,"",""
ball,2,9.6,United Arab Emirates,Shaiman Anwar,Rameez Shahzad,Amir Hamza,1,0,"",""
ball,2,10.1,United Arab Emirates,Shaiman Anwar,Rameez Shahzad,Aftab Alam,4,0,"",""
ball,2,10.2,United Arab Emirates,Shaiman Anwar,Rameez Shahzad,Aftab Alam,0,0,"",""
ball,2,10.3,United Arab Emirates,Shaiman Anwar,Rameez Shahzad,Aftab Alam,6,0,"",""
ball,2,10.4,United Arab Emirates,Shaiman Anwar,Rameez Shahzad,Aftab Alam,6,0,"",""
ball,2,10.5,United Arab Emirates,Shaiman Anwar,Rameez Shahzad,Aftab Alam,0,0,"",""
ball,2,10.6,United Arab Emirates,Shaiman Anwar,Rameez Shahzad,Aftab Alam,1,0,"",""
ball,2,11.1,United Arab Emirates,Shaiman Anwar,Rameez Shahzad,Amir Hamza,0,0,"",""
ball,2,11.2,United Arab Emirates,Shaiman Anwar,Rameez Shahzad,Amir Hamza,1,0,"",""
ball,2,11.3,United Arab Emirates,Rameez Shahzad,Shaiman Anwar,Amir Hamza,1,0,"",""
ball,2,11.4,United Arab Emirates,Shaiman Anwar,Rameez Shahzad,Amir Hamza,0,0,"",""
ball,2,11.5,United Arab Emirates,Shaiman Anwar,Rameez Shahzad,Amir Hamza,6,0,"",""
ball,2,11.6,United Arab Emirates,Shaiman Anwar,Rameez Shahzad,Amir Hamza,0,0,"",""
ball,2,12.1,United Arab Emirates,Rameez Shahzad,Shaiman Anwar,Rashid Khan,4,0,"",""
ball,2,12.2,United Arab Emirates,Rameez Shahzad,Shaiman Anwar,Rashid Khan,1,0,"",""
ball,2,12.3,United Arab Emirates,Shaiman Anwar,Rameez Shahzad,Rashid Khan,0,0,"",""
ball,2,12.4,United Arab Emirates,Shaiman Anwar,Rameez Shahzad,Rashid Khan,1,0,"",""
ball,2,12.5,United Arab Emirates,Rameez Shahzad,Shaiman Anwar,Rashid Khan,1,0,"",""
ball,2,12.6,United Arab Emirates,Shaiman Anwar,Rameez Shahzad,Rashid Khan,0,0,"",""
ball,2,13.1,United Arab Emirates,Rameez Shahzad,Shaiman Anwar,Mohammad Nabi,0,0,"",""
ball,2,13.2,United Arab Emirates,Rameez Shahzad,Shaiman Anwar,Mohammad Nabi,6,0,"",""
ball,2,13.3,United Arab Emirates,Rameez Shahzad,Shaiman Anwar,Mohammad Nabi,2,0,"",""
ball,2,13.4,United Arab Emirates,Rameez Shahzad,Shaiman Anwar,Mohammad Nabi,6,0,"",""
ball,2,13.5,United Arab Emirates,Rameez Shahzad,Shaiman Anwar,Mohammad Nabi,1,0,"",""
ball,2,13.6,United Arab Emirates,Shaiman Anwar,Rameez Shahzad,Mohammad Nabi,1,0,"",""
ball,2,14.1,United Arab Emirates,Shaiman Anwar,Rameez Shahzad,Rashid Khan,4,0,"",""
ball,2,14.2,United Arab Emirates,Shaiman Anwar,Rameez Shahzad,Rashid Khan,0,0,caught,Shaiman Anwar
ball,2,14.3,United Arab Emirates,Rameez Shahzad,Amjad Gul,Rashid Khan,1,0,"",""
ball,2,14.4,United Arab Emirates,Amjad Gul,Rameez Shahzad,Rashid Khan,1,0,"",""
ball,2,14.5,United Arab Emirates,Rameez Shahzad,Amjad Gul,Rashid Khan,0,0,"",""
ball,2,14.6,United Arab Emirates,Rameez Shahzad,Amjad Gul,Rashid Khan,4,0,"",""
ball,2,15.1,United Arab Emirates,Amjad Gul,Rameez Shahzad,Fareed Ahmad,0,0,"",""
ball,2,15.2,United Arab Emirates,Amjad Gul,Rameez Shahzad,Fareed Ahmad,1,0,"",""
ball,2,15.3,United Arab Emirates,Rameez Shahzad,Amjad Gul,Fareed Ahmad,1,0,"",""
ball,2,15.4,United Arab Emirates,Amjad Gul,Rameez Shahzad,Fareed Ahmad,0,0,caught,Amjad Gul
ball,2,15.5,United Arab Emirates,Rameez Shahzad,Amjad Javed,Fareed Ahmad,2,0,"",""
ball,2,15.6,United Arab Emirates,Rameez Shahzad,Amjad Javed,Fareed Ahmad,4,0,"",""
ball,2,16.1,United Arab Emirates,Amjad Javed,Rameez Shahzad,Rashid Khan,0,0,"",""
ball,2,16.2,United Arab Emirates,Amjad Javed,Rameez Shahzad,Rashid Khan,0,0,"",""
ball,2,16.3,United Arab Emirates,Amjad Javed,Rameez Shahzad,Rashid Khan,1,0,"",""
ball,2,16.4,United Arab Emirates,Rameez Shahzad,Amjad Javed,Rashid Khan,1,0,"",""
ball,2,16.5,United Arab Emirates,Amjad Javed,Rameez Shahzad,Rashid Khan,1,0,"",""
ball,2,16.6,United Arab Emirates,Rameez Shahzad,Amjad Javed,Rashid Khan,4,0,"",""
ball,2,17.1,United Arab Emirates,Amjad Javed,Rameez Shahzad,Fareed Ahmad,4,0,"",""
ball,2,17.2,United Arab Emirates,Amjad Javed,Rameez Shahzad,Fareed Ahmad,0,0,bowled,Amjad Javed
ball,2,17.3,United Arab Emirates,Muhammad Usman,Rameez Shahzad,Fareed Ahmad,1,0,"",""
ball,2,17.4,United Arab Emirates,Rameez Shahzad,Muhammad Usman,Fareed Ahmad,0,0,"",""
ball,2,17.5,United Arab Emirates,Rameez Shahzad,Muhammad Usman,Fareed Ahmad,0,0,"",""
ball,2,17.6,United Arab Emirates,Rameez Shahzad,Muhammad Usman,Fareed Ahmad,0,0,"",""
ball,2,18.1,United Arab Emirates,Muhammad Usman,Rameez Shahzad,Rashid Khan,1,0,"",""
ball,2,18.2,United Arab Emirates,Rameez Shahzad,Muhammad Usman,Rashid Khan,0,0,"",""
ball,2,18.3,United Arab Emirates,Rameez Shahzad,Muhammad Usman,Rashid Khan,1,0,"",""
ball,2,18.4,United Arab Emirates,Muhammad Usman,Rameez Shahzad,Rashid Khan,1,0,"",""
ball,2,18.5,United Arab Emirates,Rameez Shahzad,Muhammad Usman,Rashid Khan,0,0,"",""
ball,2,18.6,United Arab Emirates,Rameez Shahzad,Muhammad Usman,Rashid Khan,0,0,stumped,Rameez Shahzad
ball,2,19.1,United Arab Emirates,Muhammad Usman,Mohammad Naveed,Karim Janat,6,0,"",""
ball,2,19.2,United Arab Emirates,Muhammad Usman,Mohammad Naveed,Karim Janat,0,0,"",""
ball,2,19.3,United Arab Emirates,Muhammad Usman,Mohammad Naveed,Karim Janat,6,0,"",""
ball,2,19.4,United Arab Emirates,Muhammad Usman,Mohammad Naveed,Karim Janat,2,0,"",""
ball,2,19.5,United Arab Emirates,Muhammad Usman,Mohammad Naveed,Karim Janat,1,0,"",""
ball,2,19.6,United Arab Emirates,Mohammad Naveed,Muhammad Usman,Karim Janat,0,0,"",""
