version,1.3.0
info,team,New Zealand
info,team,West Indies
info,gender,male
info,season,2005/06
info,date,2006/02/16
info,venue,Eden Park
info,city,Auckland
info,toss_winner,New Zealand
info,toss_decision,field
info,player_of_match,DR Smith
info,umpire,BF Bowden
info,umpire,AL Hill
info,tv_umpire,BG Frost
info,match_referee,MJ Procter
info,outcome,tie
info,bowl_out,New Zealand
ball,1,0.1,West Indies,CH Gayle,D Ganga,JEC Franklin,0,0,"",""
ball,1,0.2,West Indies,CH Gayle,D Ganga,JEC Franklin,0,0,"",""
ball,1,0.3,West Indies,CH Gayle,D Ganga,JEC Franklin,4,0,"",""
ball,1,0.4,West Indies,CH Gayle,D Ganga,JEC Franklin,2,0,"",""
ball,1,0.5,West Indies,CH Gayle,D Ganga,JEC Franklin,0,0,"",""
ball,1,0.6,West Indies,CH Gayle,D Ganga,JEC Franklin,0,0,"",""
ball,1,1.1,West Indies,D Ganga,CH Gayle,SE Bond,0,0,"",""
ball,1,1.2,West Indies,D Ganga,CH Gayle,SE Bond,0,0,"",""
ball,1,1.3,West Indies,D Ganga,CH Gayle,SE Bond,0,0,"",""
ball,1,1.4,West Indies,D Ganga,CH Gayle,SE Bond,1,0,"",""
ball,1,1.5,West Indies,CH Gayle,D Ganga,SE Bond,0,1,"",""
ball,1,1.6,West Indies,CH Gayle,D Ganga,SE Bond,0,0,"",""
ball,1,1.7,West Indies,CH Gayle,D Ganga,SE Bond,0,0,"",""
ball,1,2.1,West Indies,D Ganga,CH Gayle,JEC Franklin,0,0,"",""
ball,1,2.2,West Indies,D Ganga,CH Gayle,JEC Franklin,0,0,"",""
ball,1,2.3,West Indies,D Ganga,CH Gayle,JEC Franklin,0,0,"",""
ball,1,2.4,West Indies,D Ganga,CH Gayle,JEC Franklin,1,0,"",""
ball,1,2.5,West Indies,CH Gayle,D Ganga,JEC Franklin,4,0,"",""
ball,1,2.6,West Indies,CH Gayle,D Ganga,JEC Franklin,0,0,"",""
ball,1,3.1,West Indies,D Ganga,CH Gayle,SE Bond,0,0,"",""
ball,1,3.2,West Indies,D Ganga,CH Gayle,SE Bond,1,0,"",""
ball,1,3.3,West Indies,CH Gayle,D Ganga,SE Bond,0,0,"",""
ball,1,3.4,West Indies,CH Gayle,D Ganga,SE Bond,0,0,caught,CH Gayle
ball,1,3.5,West Indies,D Ganga,RS Morton,SE Bond,0,0,"",""
ball,1,3.6,West Indies,D Ganga,RS Morton,SE Bond,0,0,"",""
ball,1,4.1,West Indies,RS Morton,D Ganga,JEC Franklin,1,0,"",""
ball,1,4.2,West Indies,D Ganga,RS Morton,JEC Franklin,4,0,"",""
ball,1,4.3,West Indies,D Ganga,RS Morton,JEC Franklin,0,0,"",""
ball,1,4.4,West Indies,D Ganga,RS Morton,JEC Franklin,0,0,"",""
ball,1,4.5,West Indies,D Ganga,RS Morton,JEC Franklin,1,0,"",""
ball,1,4.6,West Indies,RS Morton,D Ganga,JEC Franklin,0,1,"",""
ball,1,4.7,West Indies,RS Morton,D Ganga,JEC Franklin,0,0,"",""
ball,1,5.1,West Indies,D Ganga,RS Morton,SE Bond,0,0,"",""
ball,1,5.2,West Indies,D Ganga,RS Morton,SE Bond,1,0,"",""
ball,1,5.3,West Indies,RS Morton,D Ganga,SE Bond,0,0,"",""
ball,1,5.4,West Indies,RS Morton,D Ganga,SE Bond,0,1,"",""
ball,1,5.5,West Indies,D Ganga,RS Morton,SE Bond,0,0,"",""
ball,1,5.6,West Indies,D Ganga,RS Morton,SE Bond,0,0,"",""
ball,1,6.1,West Indies,RS Morton,D Ganga,JEC Franklin,0,0,"",""
ball,1,6.2,West Indies,RS Morton,D Ganga,JEC Franklin,1,0,"",""
ball,1,6.3,West Indies,D Ganga,RS Morton,JEC Franklin,1,0,"",""
ball,1,6.4,West Indies,RS Morton,D Ganga,JEC Franklin,1,0,"",""
ball,1,6.5,West Indies,D Ganga,RS Morton,JEC Franklin,0,0,"",""
ball,1,6.6,West Indies,D Ganga,RS Morton,JEC Franklin,0,0,"",""
ball,1,7.1,West Indies,RS Morton,D Ganga,SB Styris,1,0,"",""
ball,1,7.2,West Indies,D Ganga,RS Morton,SB Styris,1,0,"",""
ball,1,7.3,West Indies,RS Morton,D Ganga,SB Styris,0,0,lbw,RS Morton
ball,1,7.4,West Indies,DR Smith,D Ganga,SB Styris,4,0,"",""
ball,1,7.5,West Indies,DR Smith,D Ganga,SB Styris,1,0,"",""
ball,1,7.6,West Indies,D Ganga,DR Smith,SB Styris,6,0,"",""
ball,1,8.1,West Indies,DR Smith,D Ganga,CL Cairns,2,0,"",""
ball,1,8.2,West Indies,DR Smith,D Ganga,CL Cairns,1,0,"",""
ball,1,8.3,West Indies,D Ganga,DR Smith,CL Cairns,0,0,run out,DR Smith
ball,1,8.4,West Indies,WW Hinds,D Ganga,CL Cairns,0,0,"",""
ball,1,8.5,West Indies,WW Hinds,D Ganga,CL Cairns,1,0,"",""
ball,1,8.6,West Indies,D Ganga,WW Hinds,CL Cairns,1,0,"",""
ball,1,9.1,West Indies,D Ganga,WW Hinds,SB Styris,4,0,"",""
ball,1,9.2,West Indies,D Ganga,WW Hinds,SB Styris,0,0,"",""
ball,1,9.3,West Indies,D Ganga,WW Hinds,SB Styris,4,0,"",""
ball,1,9.4,West Indies,D Ganga,WW Hinds,SB Styris,0,0,caught,D Ganga
ball,1,9.5,West Indies,WW Hinds,S Chanderpaul,SB Styris,1,0,"",""
ball,1,9.6,West Indies,S Chanderpaul,WW Hinds,SB Styris,1,0,"",""
ball,1,10.1,West Indies,S Chanderpaul,WW Hinds,CL Cairns,1,0,"",""
ball,1,10.2,West Indies,WW Hinds,S Chanderpaul,CL Cairns,0,0,"",""
ball,1,10.3,West Indies,WW Hinds,S Chanderpaul,CL Cairns,1,0,"",""
ball,1,10.4,West Indies,S Chanderpaul,WW Hinds,CL Cairns,1,0,"",""
ball,1,10.5,West Indies,WW Hinds,S Chanderpaul,CL Cairns,1,0,"",""
ball,1,10.6,West Indies,S Chanderpaul,WW Hinds,CL Cairns,1,0,"",""
ball,1,11.1,West Indies,S Chanderpaul,WW Hinds,JS Patel,0,0,"",""
ball,1,11.2,West Indies,S Chanderpaul,WW Hinds,JS Patel,1,0,"",""
ball,1,11.3,West Indies,WW Hinds,S Chanderpaul,JS Patel,0,0,"",""
ball,1,11.4,West Indies,WW Hinds,S Chanderpaul,JS Patel,0,0,"",""
ball,1,11.5,West Indies,WW Hinds,S Chanderpaul,JS Patel,0,4,"",""
ball,1,11.6,West Indies,WW Hinds,S Chanderpaul,JS Patel,1,0,"",""
ball,1,12.1,West Indies,WW Hinds,S Chanderpaul,SB Styris,1,0,"",""
ball,1,12.2,West Indies,S Chanderpaul,WW Hinds,SB Styris,1,0,"",""
ball,1,12.3,West Indies,WW Hinds,S Chanderpaul,SB Styris,4,0,"",""
ball,1,12.4,West Indies,WW Hinds,S Chanderpaul,SB Styris,2,0,"",""
ball,1,12.5,West Indies,WW Hinds,S Chanderpaul,SB Styris,0,0,"",""
ball,1,12.6,West Indies,WW Hinds,S Chanderpaul,SB Styris,0,0,"",""
ball,1,13.1,West Indies,S Chanderpaul,WW Hinds,JS Patel,2,0,"",""
ball,1,13.2,West Indies,S Chanderpaul,WW Hinds,JS Patel,1,0,"",""
ball,1,13.3,West Indies,WW Hinds,S Chanderpaul,JS Patel,2,0,"",""
ball,1,13.4,West Indies,WW Hinds,S Chanderpaul,JS Patel,0,0,"",""
ball,1,13.5,West Indies,WW Hinds,S Chanderpaul,JS Patel,0,1,"",""
ball,1,13.6,West Indies,S Chanderpaul,WW Hinds,JS Patel,0,0,run out,WW Hinds
ball,1,14.1,West Indies,DJ Bravo,S Chanderpaul,SB Styris,0,0,"",""
ball,1,14.2,West Indies,DJ Bravo,S Chanderpaul,SB Styris,1,0,"",""
ball,1,14.3,West Indies,S Chanderpaul,DJ Bravo,SB Styris,0,0,"",""
ball,1,14.4,West Indies,S Chanderpaul,DJ Bravo,SB Styris,0,0,"",""
ball,1,14.5,West Indies,S Chanderpaul,DJ Bravo,SB Styris,0,0,"",""
ball,1,14.6,West Indies,S Chanderpaul,DJ Bravo,SB Styris,1,0,"",""
ball,1,15.1,West Indies,S Chanderpaul,DJ Bravo,CL Cairns,1,0,"",""
ball,1,15.2,West Indies,DJ Bravo,S Chanderpaul,CL Cairns,0,0,"",""
ball,1,15.3,West Indies,DJ Bravo,S Chanderpaul,CL Cairns,0,0,"",""
ball,1,15.4,West Indies,DJ Bravo,S Chanderpaul,CL Cairns,1,0,"",""
ball,1,15.5,West Indies,S Chanderpaul,DJ Bravo,CL Cairns,0,0,"",""
ball,1,15.6,West Indies,S Chanderpaul,DJ Bravo,CL Cairns,1,0,"",""
ball,1,16.1,West Indies,S Chanderpaul,DJ Bravo,JS Patel,1,0,"",""
ball,1,16.2,West Indies,DJ Bravo,S Chanderpaul,JS Patel,4,0,"",""
ball,1,16.3,West Indies,DJ Bravo,S Chanderpaul,JS Patel,1,0,"",""
ball,1,16.4,West Indies,S Chanderpaul,DJ Bravo,JS Patel,1,0,"",""
ball,1,16.5,West Indies,DJ Bravo,S Chanderpaul,JS Patel,1,0,"",""
ball,1,16.6,West Indies,S Chanderpaul,DJ Bravo,JS Patel,1,0,"",""
ball,1,17.1,West Indies,S Chanderpaul,DJ Bravo,CL Cairns,4,0,"",""
ball,1,17.2,West Indies,S Chanderpaul,DJ Bravo,CL Cairns,1,0,"",""
ball,1,17.3,West Indies,DJ Bravo,S Chanderpaul,CL Cairns,1,0,"",""
ball,1,17.4,West Indies,S Chanderpaul,DJ Bravo,CL Cairns,4,0,"",""
ball,1,17.5,West Indies,S Chanderpaul,DJ Bravo,CL Cairns,0,0,"",""
ball,1,17.6,West Indies,S Chanderpaul,DJ Bravo,CL Cairns,1,0,"",""
ball,1,18.1,West Indies,S Chanderpaul,DJ Bravo,JS Patel,1,0,"",""
ball,1,18.2,West Indies,DJ Bravo,S Chanderpaul,JS Patel,4,0,"",""
ball,1,18.3,West Indies,DJ Bravo,S Chanderpaul,JS Patel,1,0,"",""
ball,1,18.4,West Indies,S Chanderpaul,DJ Bravo,JS Patel,0,0,caught,S Chanderpaul
ball,1,18.5,West Indies,DJ Bravo,D Ramdin,JS Patel,1,0,"",""
ball,1,18.6,West Indies,D Ramdin,DJ Bravo,JS Patel,4,0,"",""
ball,1,19.1,West Indies,DJ Bravo,D Ramdin,SE Bond,1,0,"",""
ball,1,19.2,West Indies,D Ramdin,DJ Bravo,SE Bond,4,2,"",""
ball,1,19.3,West Indies,D Ramdin,DJ Bravo,SE Bond,1,0,"",""
ball,1,19.4,West Indies,DJ Bravo,D Ramdin,SE Bond,0,0,"",""
ball,1,19.5,West Indies,DJ Bravo,D Ramdin,SE Bond,1,0,"",""
ball,1,19.6,West Indies,D Ramdin,DJ Bravo,SE Bond,0,0,caught,D Ramdin
ball,1,19.7,West Indies,DJ Bravo,IDR Bradshaw,SE Bond,2,0,"",""
ball,2,0.1,New Zealand,L Vincent,SP Fleming,IDR Bradshaw,0,1,"",""
ball,2,0.2,New Zealand,L Vincent,SP Fleming,IDR Bradshaw,1,0,"",""
ball,2,0.3,New Zealand,SP Fleming,L Vincent,IDR Bradshaw,0,0,"",""
ball,2,0.4,New Zealand,SP Fleming,L Vincent,IDR Bradshaw,0,0,"",""
ball,2,0.5,New Zealand,SP Fleming,L Vincent,IDR Bradshaw,1,0,"",""
ball,2,0.6,New Zealand,L Vincent,SP Fleming,IDR Bradshaw,0,0,"",""
ball,2,0.7,New Zealand,L Vincent,SP Fleming,IDR Bradshaw,0,0,"",""
ball,2,1.1,New Zealand,SP Fleming,L Vincent,JE Taylor,0,0,"",""
ball,2,1.2,New Zealand,SP Fleming,L Vincent,JE Taylor,4,0,"",""
ball,2,1.3,New Zealand,SP Fleming,L Vincent,JE Taylor,1,0,"",""
ball,2,1.4,New Zealand,L Vincent,SP Fleming,JE Taylor,4,0,"",""
ball,2,1.5,New Zealand,L Vincent,SP Fleming,JE Taylor,0,1,"",""
ball,2,1.6,New Zealand,L Vincent,SP Fleming,JE Taylor,1,0,"",""
ball,2,1.7,New Zealand,SP Fleming,L Vincent,JE Taylor,0,0,caught,SP Fleming
ball,2,2.1,New Zealand,NJ Astle,L Vincent,IDR Bradshaw,0,0,"",""
ball,2,2.2,New Zealand,NJ Astle,L Vincent,IDR Bradshaw,0,0,"",""
ball,2,2.3,New Zealand,NJ Astle,L Vincent,IDR Bradshaw,0,0,"",""
ball,2,2.4,New Zealand,NJ Astle,L Vincent,IDR Bradshaw,1,0,"",""
ball,2,2.5,New Zealand,L Vincent,NJ Astle,IDR Bradshaw,0,0,"",""
ball,2,2.6,New Zealand,L Vincent,NJ Astle,IDR Bradshaw,1,0,"",""
ball,2,3.1,New Zealand,L Vincent,NJ Astle,JE Taylor,0,0,"",""
ball,2,3.2,New Zealand,L Vincent,NJ Astle,JE Taylor,0,0,"",""
ball,2,3.3,New Zealand,L Vincent,NJ Astle,JE Taylor,2,0,"",""
ball,2,3.4,New Zealand,L Vincent,NJ Astle,JE Taylor,1,0,"",""
ball,2,3.5,New Zealand,NJ Astle,L Vincent,JE Taylor,0,1,"",""
ball,2,3.6,New Zealand,L Vincent,NJ Astle,JE Taylor,1,0,"",""
ball,2,4.1,New Zealand,L Vincent,NJ Astle,DK Butler,4,0,"",""
ball,2,4.2,New Zealand,L Vincent,NJ Astle,DK Butler,4,0,"",""
ball,2,4.3,New Zealand,L Vincent,NJ Astle,DK Butler,0,0,"",""
ball,2,4.4,New Zealand,L Vincent,NJ Astle,DK Butler,0,0,"",""
ball,2,4.5,New Zealand,L Vincent,NJ Astle,DK Butler,0,0,"",""
ball,2,4.6,New Zealand,L Vincent,NJ Astle,DK Butler,0,1,"",""
ball,2,5.1,New Zealand,L Vincent,NJ Astle,JE Taylor,0,0,"",""
ball,2,5.2,New Zealand,L Vincent,NJ Astle,JE Taylor,6,0,"",""
ball,2,5.3,New Zealand,L Vincent,NJ Astle,JE Taylor,4,0,"",""
ball,2,5.4,New Zealand,L Vincent,NJ Astle,JE Taylor,1,0,"",""
ball,2,5.5,New Zealand,NJ Astle,L Vincent,JE Taylor,4,0,"",""
ball,2,5.6,New Zealand,NJ Astle,L Vincent,JE Taylor,0,0,caught,NJ Astle
ball,2,6.1,New Zealand,L Vincent,SB Styris,DK Butler,4,0,"",""
ball,2,6.2,New Zealand,L Vincent,SB Styris,DK Butler,0,1,"",""
ball,2,6.3,New Zealand,L Vincent,SB Styris,DK Butler,1,0,"",""
ball,2,6.4,New Zealand,SB Styris,L Vincent,DK Butler,4,0,"",""
ball,2,6.5,New Zealand,SB Styris,L Vincent,DK Butler,0,0,"",""
ball,2,6.6,New Zealand,SB Styris,L Vincent,DK Butler,0,0,"",""
ball,2,6.7,New Zealand,SB Styris,L Vincent,DK Butler,1,0,"",""
ball,2,7.1,New Zealand,SB Styris,L Vincent,DJ Bravo,6,0,"",""
ball,2,7.2,New Zealand,SB Styris,L Vincent,DJ Bravo,1,0,"",""
ball,2,7.3,New Zealand,L Vincent,SB Styris,DJ Bravo,1,0,"",""
ball,2,7.4,New Zealand,SB Styris,L Vincent,DJ Bravo,0,0,"",""
ball,2,7.5,New Zealand,SB Styris,L Vincent,DJ Bravo,0,1,"",""
ball,2,7.6,New Zealand,SB Styris,L Vincent,DJ Bravo,1,0,"",""
ball,2,7.7,New Zealand,L Vincent,SB Styris,DJ Bravo,0,0,"",""
ball,2,8.1,New Zealand,SB Styris,L Vincent,DK Butler,0,0,"",""
ball,2,8.2,New Zealand,SB Styris,L Vincent,DK Butler,0,0,"",""
ball,2,8.3,New Zealand,SB Styris,L Vincent,DK Butler,0,0,"",""
ball,2,8.4,New Zealand,SB Styris,L Vincent,DK Butler,1,0,"",""
ball,2,8.5,New Zealand,L Vincent,SB Styris,DK Butler,1,0,"",""
ball,2,8.6,New Zealand,SB Styris,L Vincent,DK Butler,1,0,"",""
ball,2,9.1,New Zealand,SB Styris,L Vincent,DJ Bravo,4,0,"",""
ball,2,9.2,New Zealand,SB Styris,L Vincent,DJ Bravo,0,0,"",""
ball,2,9.3,New Zealand,SB Styris,L Vincent,DJ Bravo,0,0,bowled,SB Styris
ball,2,9.4,New Zealand,CL Cairns,L Vincent,DJ Bravo,0,1,"",""
ball,2,9.5,New Zealand,CL Cairns,L Vincent,DJ Bravo,0,0,"",""
ball,2,9.6,New Zealand,CL Cairns,L Vincent,DJ Bravo,0,0,"",""
ball,2,9.7,New Zealand,CL Cairns,L Vincent,DJ Bravo,0,0,"",""
ball,2,10.1,New Zealand,L Vincent,CL Cairns,IDR Bradshaw,1,0,"",""
ball,2,10.2,New Zealand,CL Cairns,L Vincent,IDR Bradshaw,0,0,"",""
ball,2,10.3,New Zealand,CL Cairns,L Vincent,IDR Bradshaw,1,0,"",""
ball,2,10.4,New Zealand,L Vincent,CL Cairns,IDR Bradshaw,0,1,"",""
ball,2,10.5,New Zealand,CL Cairns,L Vincent,IDR Bradshaw,1,0,"",""
ball,2,10.6,New Zealand,L Vincent,CL Cairns,IDR Bradshaw,0,1,"",""
ball,2,11.1,New Zealand,L Vincent,CL Cairns,DJ Bravo,1,0,"",""
ball,2,11.2,New Zealand,CL Cairns,L Vincent,DJ Bravo,0,0,"",""
ball,2,11.3,New Zealand,CL Cairns,L Vincent,DJ Bravo,0,0,"",""
ball,2,11.4,New Zealand,CL Cairns,L Vincent,DJ Bravo,0,0,bowled,CL Cairns
ball,2,11.5,New Zealand,PG Fulton,L Vincent,DR Smith,1,0,"",""
ball,2,11.6,New Zealand,L Vincent,PG Fulton,DR Smith,1,0,"",""
ball,2,12.1,New Zealand,L Vincent,PG Fulton,CH Gayle,1,0,"",""
ball,2,12.2,New Zealand,PG Fulton,L Vincent,CH Gayle,0,0,"",""
ball,2,12.3,New Zealand,PG Fulton,L Vincent,CH Gayle,0,0,"",""
ball,2,12.4,New Zealand,PG Fulton,L Vincent,CH Gayle,1,0,"",""
ball,2,12.5,New Zealand,L Vincent,PG Fulton,CH Gayle,0,0,"",""
ball,2,12.6,New Zealand,L Vincent,PG Fulton,CH Gayle,1,0,"",""
ball,2,13.1,New Zealand,L Vincent,PG Fulton,DR Smith,0,0,"",""
ball,2,13.2,New Zealand,L Vincent,PG Fulton,DR Smith,0,0,bowled,L Vincent
ball,2,13.3,New Zealand,HJH Marshall,PG Fulton,DR Smith,0,0,"",""
ball,2,13.4,New Zealand,HJH Marshall,PG Fulton,DR Smith,1,0,"",""
ball,2,13.5,New Zealand,PG Fulton,HJH Marshall,DR Smith,1,0,"",""
ball,2,13.6,New Zealand,HJH Marshall,PG Fulton,DR Smith,0,0,"",""
ball,2,14.1,New Zealand,PG Fulton,HJH Marshall,CH Gayle,1,0,"",""
ball,2,14.2,New Zealand,HJH Marshall,PG Fulton,CH Gayle,0,0,caught,HJH Marshall
ball,2,14.3,New Zealand,BB McCullum,PG Fulton,CH Gayle,1,0,"",""
ball,2,14.4,New Zealand,PG Fulton,BB McCullum,CH Gayle,1,0,"",""
ball,2,14.5,New Zealand,BB McCullum,PG Fulton,CH Gayle,1,0,"",""
ball,2,14.6,New Zealand,PG Fulton,BB McCullum,CH Gayle,2,0,"",""
ball,2,15.1,New Zealand,BB McCullum,PG Fulton,DR Smith,0,0,"",""
ball,2,15.2,New Zealand,BB McCullum,PG Fulton,DR Smith,1,0,"",""
ball,2,15.3,New Zealand,PG Fulton,BB McCullum,DR Smith,1,0,"",""
ball,2,15.4,New Zealand,BB McCullum,PG Fulton,DR Smith,0,0,"",""
ball,2,15.5,New Zealand,BB McCullum,PG Fulton,DR Smith,0,0,"",""
ball,2,15.6,New Zealand,BB McCullum,PG Fulton,DR Smith,0,0,"",""
ball,2,16.1,New Zealand,PG Fulton,BB McCullum,CH Gayle,2,0,"",""
ball,2,16.2,New Zealand,PG Fulton,BB McCullum,CH Gayle,0,0,"",""
ball,2,16.3,New Zealand,PG Fulton,BB McCullum,CH Gayle,0,0,"",""
ball,2,16.4,New Zealand,PG Fulton,BB McCullum,CH Gayle,2,0,"",""
ball,2,16.5,New Zealand,PG Fulton,BB McCullum,CH Gayle,1,0,"",""
ball,2,16.6,New Zealand,BB McCullum,PG Fulton,CH Gayle,1,0,"",""
ball,2,17.1,New Zealand,BB McCullum,PG Fulton,DR Smith,0,0,"",""
ball,2,17.2,New Zealand,BB McCullum,PG Fulton,DR Smith,0,0,bowled,BB McCullum
ball,2,17.3,New Zealand,JEC Franklin,PG Fulton,DR Smith,1,0,"",""
ball,2,17.4,New Zealand,PG Fulton,JEC Franklin,DR Smith,1,0,"",""
ball,2,17.5,New Zealand,JEC Franklin,PG Fulton,DR Smith,0,0,"",""
ball,2,17.6,New Zealand,JEC Franklin,PG Fulton,DR Smith,1,0,"",""
ball,2,18.1,New Zealand,JEC Franklin,PG Fulton,CH Gayle,1,0,"",""
ball,2,18.2,New Zealand,PG Fulton,JEC Franklin,CH Gayle,2,0,"",""
ball,2,18.3,New Zealand,PG Fulton,JEC Franklin,CH Gayle,0,0,bowled,PG Fulton
ball,2,18.4,New Zealand,SE Bond,JEC Franklin,CH Gayle,1,0,"",""
ball,2,18.5,New Zealand,JEC Franklin,SE Bond,CH Gayle,1,0,"",""
ball,2,18.6,New Zealand,SE Bond,JEC Franklin,CH Gayle,2,0,"",""
ball,2,19.1,New Zealand,JEC Franklin,SE Bond,IDR Bradshaw,2,0,"",""
ball,2,19.2,New Zealand,JEC Franklin,SE Bond,IDR Bradshaw,6,0,"",""
ball,2,19.3,New Zealand,JEC Franklin,SE Bond,IDR Bradshaw,1,0,"",""
ball,2,19.4,New Zealand,SE Bond,JEC Franklin,IDR Bradshaw,1,0,"",""
ball,2,19.5,New Zealand,JEC Franklin,SE Bond,IDR Bradshaw,0,1,"",""
ball,2,19.6,New Zealand,SE Bond,JEC Franklin,IDR Bradshaw,4,0,"",""
