version,1.3.0
info,team,India
info,team,Australia
info,gender,male
info,season,2007/08
info,date,2007/10/20
info,venue,Brabourne Stadium
info,city,Mumbai
info,toss_winner,Australia
info,toss_decision,bat
info,player_of_match,G Gambhir
info,umpire,AM Saheba
info,umpire,SL Shastri
info,reserve_umpire,P Bhanu Prakash
info,tv_umpire,GA Pratapkumar
info,match_referee,BC Broad
info,winner,India
info,winner_wickets,7
ball,1,0.1,Australia,AC Gilchrist,ML Hayden,RP Singh,0,0,"",""
ball,1,0.2,Australia,AC Gilchrist,ML Hayden,RP Singh,4,0,"",""
ball,1,0.3,Australia,AC Gilchrist,ML Hayden,RP Singh,4,0,"",""
ball,1,0.4,Australia,AC Gilchrist,ML Hayden,RP Singh,4,0,"",""
ball,1,0.5,Australia,AC Gilchrist,ML Hayden,RP Singh,0,0,bowled,AC Gilchrist
ball,1,0.6,Australia,RT Ponting,ML Hayden,RP Singh,0,0,"",""
ball,1,1.1,Australia,ML Hayden,RT Ponting,S Sreesanth,0,0,"",""
ball,1,1.2,Australia,ML Hayden,RT Ponting,S Sreesanth,0,0,"",""
ball,1,1.3,Australia,ML Hayden,RT Ponting,S Sreesanth,0,0,"",""
ball,1,1.4,Australia,ML Hayden,RT Ponting,S Sreesanth,0,0,"",""
ball,1,1.5,Australia,ML Hayden,RT Ponting,S Sreesanth,0,1,"",""
ball,1,1.6,Australia,ML Hayden,RT Ponting,S Sreesanth,0,0,"",""
ball,1,1.7,Australia,ML Hayden,RT Ponting,S Sreesanth,0,0,"",""
ball,1,2.1,Australia,RT Ponting,ML Hayden,RP Singh,4,0,"",""
ball,1,2.2,Australia,RT Ponting,ML Hayden,RP Singh,0,0,"",""
ball,1,2.3,Australia,RT Ponting,ML Hayden,RP Singh,0,0,"",""
ball,1,2.4,Australia,RT Ponting,ML Hayden,RP Singh,0,0,"",""
ball,1,2.5,Australia,RT Ponting,ML Hayden,RP Singh,4,0,"",""
ball,1,2.6,Australia,RT Ponting,ML Hayden,RP Singh,4,0,"",""
ball,1,3.1,Australia,ML Hayden,RT Ponting,S Sreesanth,0,0,"",""
ball,1,3.2,Australia,ML Hayden,RT Ponting,S Sreesanth,4,0,"",""
ball,1,3.3,Australia,ML Hayden,RT Ponting,S Sreesanth,0,0,"",""
ball,1,3.4,Australia,ML Hayden,RT Ponting,S Sreesanth,0,0,"",""
ball,1,3.5,Australia,ML Hayden,RT Ponting,S Sreesanth,6,0,"",""
ball,1,3.6,Australia,ML Hayden,RT Ponting,S Sreesanth,0,0,"",""
ball,1,4.1,Australia,RT Ponting,ML Hayden,RP Singh,0,0,"",""
ball,1,4.2,Australia,RT Ponting,ML Hayden,RP Singh,0,0,"",""
ball,1,4.3,Australia,RT Ponting,ML Hayden,RP Singh,1,0,"",""
ball,1,4.4,Australia,ML Hayden,RT Ponting,RP Singh,0,0,"",""
ball,1,4.5,Australia,ML Hayden,RT Ponting,RP Singh,6,0,"",""
ball,1,4.6,Australia,ML Hayden,RT Ponting,RP Singh,0,0,"",""
ball,1,5.1,Australia,RT Ponting,ML Hayden,IK Pathan,4,0,"",""
ball,1,5.2,Australia,RT Ponting,ML Hayden,IK Pathan,4,0,"",""
ball,1,5.3,Australia,RT Ponting,ML Hayden,IK Pathan,0,0,"",""
ball,1,5.4,Australia,RT Ponting,ML Hayden,IK Pathan,4,0,"",""
ball,1,5.5,Australia,RT Ponting,ML Hayden,IK Pathan,0,0,"",""
ball,1,5.6,Australia,RT Ponting,ML Hayden,IK Pathan,4,0,"",""
ball,1,6.1,Australia,ML Hayden,RT Ponting,Harbhajan Singh,0,0,"",""
ball,1,6.2,Australia,ML Hayden,RT Ponting,Harbhajan Singh,1,0,"",""
ball,1,6.3,Australia,RT Ponting,ML Hayden,Harbhajan Singh,0,0,"",""
ball,1,6.4,Australia,RT Ponting,ML Hayden,Harbhajan Singh,1,0,"",""
ball,1,6.5,Australia,ML Hayden,RT Ponting,Harbhajan Singh,0,0,"",""
ball,1,6.6,Australia,ML Hayden,RT Ponting,Harbhajan Singh,0,0,bowled,ML Hayden
ball,1,7.1,Australia,RT Ponting,A Symonds,M Kartik,1,0,"",""
ball,1,7.2,Australia,A Symonds,RT Ponting,M Kartik,1,0,"",""
ball,1,7.3,Australia,RT Ponting,A Symonds,M Kartik,1,0,"",""
ball,1,7.4,Australia,A Symonds,RT Ponting,M Kartik,1,0,"",""
ball,1,7.5,Australia,RT Ponting,A Symonds,M Kartik,4,0,"",""
ball,1,7.6,Australia,RT Ponting,A Symonds,M Kartik,1,0,"",""
ball,1,8.1,Australia,RT Ponting,A Symonds,Harbhajan Singh,1,0,"",""
ball,1,8.2,Australia,A Symonds,RT Ponting,Harbhajan Singh,0,0,"",""
ball,1,8.3,Australia,A Symonds,RT Ponting,Harbhajan Singh,1,0,"",""
ball,1,8.4,Australia,RT Ponting,A Symonds,Harbhajan Singh,1,0,"",""
ball,1,8.5,Australia,A Symonds,RT Ponting,Harbhajan Singh,1,0,"",""
ball,1,8.6,Australia,RT Ponting,A Symonds,Harbhajan Singh,1,0,"",""
ball,1,9.1,Australia,RT Ponting,A Symonds,M Kartik,1,0,"",""
ball,1,9.2,Australia,A Symonds,RT Ponting,M Kartik,1,0,"",""
ball,1,9.3,Australia,RT Ponting,A Symonds,M Kartik,1,0,"",""
ball,1,9.4,Australia,A Symonds,RT Ponting,M Kartik,0,0,"",""
ball,1,9.5,Australia,A Symonds,RT Ponting,M Kartik,2,0,"",""
ball,1,9.6,Australia,A Symonds,RT Ponting,M Kartik,2,0,"",""
ball,1,10.1,Australia,RT Ponting,A Symonds,IK Pathan,1,0,"",""
ball,1,10.2,Australia,A Symonds,RT Ponting,IK Pathan,1,0,"",""
ball,1,10.3,Australia,RT Ponting,A Symonds,IK Pathan,1,0,"",""
ball,1,10.4,Australia,A Symonds,RT Ponting,IK Pathan,1,0,"",""
ball,1,10.5,Australia,RT Ponting,A Symonds,IK Pathan,1,0,"",""
ball,1,10.6,Australia,A Symonds,RT Ponting,IK Pathan,1,0,"",""
ball,1,11.1,Australia,A Symonds,RT Ponting,M Kartik,0,1,"",""
ball,1,11.2,Australia,RT Ponting,A Symonds,M Kartik,0,1,"",""
ball,1,11.3,Australia,A Symonds,RT Ponting,M Kartik,4,0,"",""
ball,1,11.4,Australia,A Symonds,RT Ponting,M Kartik,2,0,"",""
ball,1,11.5,Australia,A Symonds,RT Ponting,M Kartik,1,0,"",""
ball,1,11.6,Australia,RT Ponting,A Symonds,M Kartik,0,0,"",""
ball,1,12.1,Australia,A Symonds,RT Ponting,S Sreesanth,0,0,"",""
ball,1,12.2,Australia,A Symonds,RT Ponting,S Sreesanth,1,0,"",""
ball,1,12.3,Australia,RT Ponting,A Symonds,S Sreesanth,4,0,"",""
ball,1,12.4,Australia,RT Ponting,A Symonds,S Sreesanth,4,0,"",""
ball,1,12.5,Australia,RT Ponting,A Symonds,S Sreesanth,4,0,"",""
ball,1,12.6,Australia,RT Ponting,A Symonds,S Sreesanth,1,0,"",""
ball,1,13.1,Australia,RT Ponting,A Symonds,Harbhajan Singh,0,0,run out,A Symonds
ball,1,13.2,Australia,RT Ponting,BJ Hodge,Harbhajan Singh,1,0,"",""
ball,1,13.3,Australia,BJ Hodge,RT Ponting,Harbhajan Singh,1,0,"",""
ball,1,13.4,Australia,RT Ponting,BJ Hodge,Harbhajan Singh,1,0,"",""
ball,1,13.5,Australia,BJ Hodge,RT Ponting,Harbhajan Singh,0,0,"",""
ball,1,13.6,Australia,BJ Hodge,RT Ponting,Harbhajan Singh,0,0,"",""
ball,1,14.1,Australia,RT Ponting,BJ Hodge,IK Pathan,1,0,"",""
ball,1,14.2,Australia,BJ Hodge,RT Ponting,IK Pathan,0,0,"",""
ball,1,14.3,Australia,BJ Hodge,RT Ponting,IK Pathan,1,0,"",""
ball,1,14.4,Australia,RT Ponting,BJ Hodge,IK Pathan,0,0,"",""
ball,1,14.5,Australia,RT Ponting,BJ Hodge,IK Pathan,1,0,"",""
ball,1,14.6,Australia,BJ Hodge,RT Ponting,IK Pathan,0,0,bowled,BJ Hodge
ball,1,15.1,Australia,RT Ponting,MJ Clarke,M Kartik,1,0,"",""
ball,1,15.2,Australia,MJ Clarke,RT Ponting,M Kartik,2,0,"",""
ball,1,15.3,Australia,MJ Clarke,RT Ponting,M Kartik,1,0,"",""
ball,1,15.4,Australia,RT Ponting,MJ Clarke,M Kartik,0,0,"",""
ball,1,15.5,Australia,RT Ponting,MJ Clarke,M Kartik,0,0,"",""
ball,1,15.6,Australia,RT Ponting,MJ Clarke,M Kartik,0,0,"",""
ball,1,16.1,Australia,MJ Clarke,RT Ponting,Harbhajan Singh,0,0,"",""
ball,1,16.2,Australia,MJ Clarke,RT Ponting,Harbhajan Singh,1,0,"",""
ball,1,16.3,Australia,RT Ponting,MJ Clarke,Harbhajan Singh,1,0,"",""
ball,1,16.4,Australia,MJ Clarke,RT Ponting,Harbhajan Singh,2,0,"",""
ball,1,16.5,Australia,MJ Clarke,RT Ponting,Harbhajan Singh,2,0,"",""
ball,1,16.6,Australia,MJ Clarke,RT Ponting,Harbhajan Singh,1,0,"",""
ball,1,17.1,Australia,MJ Clarke,RT Ponting,S Sreesanth,4,0,"",""
ball,1,17.2,Australia,MJ Clarke,RT Ponting,S Sreesanth,1,0,"",""
ball,1,17.3,Australia,RT Ponting,MJ Clarke,S Sreesanth,4,0,"",""
ball,1,17.4,Australia,RT Ponting,MJ Clarke,S Sreesanth,1,0,"",""
ball,1,17.5,Australia,MJ Clarke,RT Ponting,S Sreesanth,3,0,"",""
ball,1,17.6,Australia,RT Ponting,MJ Clarke,S Sreesanth,0,5,"",""
ball,1,17.7,Australia,RT Ponting,MJ Clarke,S Sreesanth,4,0,"",""
ball,1,18.1,Australia,MJ Clarke,RT Ponting,IK Pathan,4,0,"",""
ball,1,18.2,Australia,MJ Clarke,RT Ponting,IK Pathan,1,0,"",""
ball,1,18.3,Australia,RT Ponting,MJ Clarke,IK Pathan,1,0,"",""
ball,1,18.4,Australia,MJ Clarke,RT Ponting,IK Pathan,1,0,"",""
ball,1,18.5,Australia,RT Ponting,MJ Clarke,IK Pathan,2,0,"",""
ball,1,18.6,Australia,RT Ponting,MJ Clarke,IK Pathan,0,0,bowled,RT Ponting
ball,1,19.1,Australia,MJ Clarke,BJ Haddin,RP Singh,1,0,"",""
ball,1,19.2,Australia,BJ Haddin,MJ Clarke,RP Singh,0,0,"",""
ball,1,19.3,Australia,BJ Haddin,MJ Clarke,RP Singh,0,1,"",""
ball,1,19.4,Australia,BJ Haddin,MJ Clarke,RP Singh,2,0,"",""
ball,1,19.5,Australia,BJ Haddin,MJ Clarke,RP Singh,2,0,"",""
ball,1,19.6,Australia,BJ Haddin,MJ Clarke,RP Singh,1,0,"",""
ball,1,19.7,Australia,MJ Clarke,BJ Haddin,RP Singh,1,0,"",""
ball,2,0.1,India,G Gambhir,V Sehwag,B Lee,0,0,"",""
ball,2,0.2,India,G Gambhir,V Sehwag,B Lee,0,1,"",""
ball,2,0.3,India,G Gambhir,V Sehwag,B Lee,0,0,"",""
ball,2,0.4,India,G Gambhir,V Sehwag,B Lee,1,0,"",""
ball,2,0.5,India,V Sehwag,G Gambhir,B Lee,0,0,"",""
ball,2,0.6,India,V Sehwag,G Gambhir,B Lee,1,0,"",""
ball,2,0.7,India,G Gambhir,V Sehwag,B Lee,0,1,"",""
ball,2,1.1,India,G Gambhir,V Sehwag,NW Bracken,4,0,"",""
ball,2,1.2,India,G Gambhir,V Sehwag,NW Bracken,0,4,"",""
ball,2,1.3,India,G Gambhir,V Sehwag,NW Bracken,0,0,"",""
ball,2,1.4,India,G Gambhir,V Sehwag,NW Bracken,0,0,"",""
ball,2,1.5,India,G Gambhir,V Sehwag,NW Bracken,4,0,"",""
ball,2,1.6,India,G Gambhir,V Sehwag,NW Bracken,0,0,"",""
ball,2,2.1,India,V Sehwag,G Gambhir,B Lee,4,0,"",""
ball,2,2.2,India,V Sehwag,G Gambhir,B Lee,0,0,caught,V Sehwag
ball,2,2.3,India,RV Uthappa,G Gambhir,B Lee,0,0,"",""
ball,2,2.4,India,RV Uthappa,G Gambhir,B Lee,1,0,"",""
ball,2,2.5,India,G Gambhir,RV Uthappa,B Lee,1,0,"",""
ball,2,2.6,India,RV Uthappa,G Gambhir,B Lee,0,0,"",""
ball,2,3.1,India,G Gambhir,RV Uthappa,BW Hilfenhaus,1,1,"",""
ball,2,3.2,India,RV Uthappa,G Gambhir,BW Hilfenhaus,0,0,"",""
ball,2,3.3,India,RV Uthappa,G Gambhir,BW Hilfenhaus,4,0,"",""
ball,2,3.4,India,RV Uthappa,G Gambhir,BW Hilfenhaus,1,0,"",""
ball,2,3.5,India,G Gambhir,RV Uthappa,BW Hilfenhaus,0,1,"",""
ball,2,3.6,India,RV Uthappa,G Gambhir,BW Hilfenhaus,0,0,"",""
ball,2,3.7,India,RV Uthappa,G Gambhir,BW Hilfenhaus,0,0,"",""
ball,2,4.1,India,G Gambhir,RV Uthappa,B Lee,4,0,"",""
ball,2,4.2,India,G Gambhir,RV Uthappa,B Lee,5,0,"",""
ball,2,4.3,India,RV Uthappa,G Gambhir,B Lee,4,1,"",""
ball,2,4.4,India,RV Uthappa,G Gambhir,B Lee,4,0,"",""
ball,2,4.5,India,RV Uthappa,G Gambhir,B Lee,0,0,"",""
ball,2,4.6,India,RV Uthappa,G Gambhir,B Lee,1,0,"",""
ball,2,4.7,India,G Gambhir,RV Uthappa,B Lee,1,0,"",""
ball,2,5.1,India,G Gambhir,RV Uthappa,BW Hilfenhaus,0,0,"",""
ball,2,5.2,India,G Gambhir,RV Uthappa,BW Hilfenhaus,4,0,"",""
ball,2,5.3,India,G Gambhir,RV Uthappa,BW Hilfenhaus,1,0,"",""
ball,2,5.4,India,RV Uthappa,G Gambhir,BW Hilfenhaus,4,0,"",""
ball,2,5.5,India,RV Uthappa,G Gambhir,BW Hilfenhaus,1,1,"",""
ball,2,5.6,India,G Gambhir,RV Uthappa,BW Hilfenhaus,6,0,"",""
ball,2,5.7,India,G Gambhir,RV Uthappa,BW Hilfenhaus,1,0,"",""
ball,2,6.1,India,G Gambhir,RV Uthappa,SR Clark,1,0,"",""
ball,2,6.2,India,RV Uthappa,G Gambhir,SR Clark,1,0,"",""
ball,2,6.3,India,G Gambhir,RV Uthappa,SR Clark,4,0,"",""
ball,2,6.4,India,G Gambhir,RV Uthappa,SR Clark,0,0,"",""
ball,2,6.5,India,G Gambhir,RV Uthappa,SR Clark,0,0,"",""
ball,2,6.6,India,G Gambhir,RV Uthappa,SR Clark,0,0,"",""
ball,2,7.1,India,RV Uthappa,G Gambhir,A Symonds,1,0,"",""
ball,2,7.2,India,G Gambhir,RV Uthappa,A Symonds,2,0,"",""
ball,2,7.3,India,G Gambhir,RV Uthappa,A Symonds,1,0,"",""
ball,2,7.4,India,RV Uthappa,G Gambhir,A Symonds,0,0,"",""
ball,2,7.5,India,RV Uthappa,G Gambhir,A Symonds,1,0,"",""
ball,2,7.6,India,G Gambhir,RV Uthappa,A Symonds,1,0,"",""
ball,2,8.1,India,G Gambhir,RV Uthappa,SR Clark,1,0,"",""
ball,2,8.2,India,RV Uthappa,G Gambhir,SR Clark,1,0,"",""
ball,2,8.3,India,G Gambhir,RV Uthappa,SR Clark,0,0,"",""
ball,2,8.4,India,G Gambhir,RV Uthappa,SR Clark,0,0,"",""
ball,2,8.5,India,G Gambhir,RV Uthappa,SR Clark,0,5,"",""
ball,2,8.6,India,G Gambhir,RV Uthappa,SR Clark,1,0,"",""
ball,2,8.7,India,RV Uthappa,G Gambhir,SR Clark,1,0,"",""
ball,2,9.1,India,RV Uthappa,G Gambhir,A Symonds,1,0,"",""
ball,2,9.2,India,G Gambhir,RV Uthappa,A Symonds,1,0,"",""
ball,2,9.3,India,RV Uthappa,G Gambhir,A Symonds,4,0,"",""
ball,2,9.4,India,RV Uthappa,G Gambhir,A Symonds,1,0,"",""
ball,2,9.5,India,G Gambhir,RV Uthappa,A Symonds,1,0,"",""
ball,2,9.6,India,RV Uthappa,G Gambhir,A Symonds,4,0,"",""
ball,2,10.1,India,G Gambhir,RV Uthappa,MJ Clarke,1,0,"",""
ball,2,10.2,India,RV Uthappa,G Gambhir,MJ Clarke,0,0,"",""
ball,2,10.3,India,RV Uthappa,G Gambhir,MJ Clarke,0,0,caught,RV Uthappa
ball,2,10.4,India,Yuvraj Singh,G Gambhir,MJ Clarke,0,0,"",""
ball,2,10.5,India,Yuvraj Singh,G Gambhir,MJ Clarke,1,0,"",""
ball,2,10.6,India,G Gambhir,Yuvraj Singh,MJ Clarke,0,0,"",""
ball,2,11.1,India,Yuvraj Singh,G Gambhir,A Symonds,4,0,"",""
ball,2,11.2,India,Yuvraj Singh,G Gambhir,A Symonds,1,0,"",""
ball,2,11.3,India,G Gambhir,Yuvraj Singh,A Symonds,1,0,"",""
ball,2,11.4,India,Yuvraj Singh,G Gambhir,A Symonds,0,0,"",""
ball,2,11.5,India,Yuvraj Singh,G Gambhir,A Symonds,1,0,"",""
ball,2,11.6,India,G Gambhir,Yuvraj Singh,A Symonds,1,0,"",""
ball,2,12.1,India,G Gambhir,Yuvraj Singh,MJ Clarke,0,1,"",""
ball,2,12.2,India,G Gambhir,Yuvraj Singh,MJ Clarke,1,0,"",""
ball,2,12.3,India,Yuvraj Singh,G Gambhir,MJ Clarke,6,0,"",""
ball,2,12.4,India,Yuvraj Singh,G Gambhir,MJ Clarke,1,0,"",""
ball,2,12.5,India,G Gambhir,Yuvraj Singh,MJ Clarke,2,0,"",""
ball,2,12.6,India,G Gambhir,Yuvraj Singh,MJ Clarke,1,0,"",""
ball,2,12.7,India,Yuvraj Singh,G Gambhir,MJ Clarke,0,0,"",""
ball,2,13.1,India,G Gambhir,Yuvraj Singh,NW Bracken,0,0,"",""
ball,2,13.2,India,G Gambhir,Yuvraj Singh,NW Bracken,4,0,"",""
ball,2,13.3,India,G Gambhir,Yuvraj Singh,NW Bracken,0,1,"",""
ball,2,13.4,India,G Gambhir,Yuvraj Singh,NW Bracken,0,0,"",""
ball,2,13.5,India,G Gambhir,Yuvraj Singh,NW Bracken,0,0,"",""
ball,2,13.6,India,G Gambhir,Yuvraj Singh,NW Bracken,5,0,"",""
ball,2,13.7,India,Yuvraj Singh,G Gambhir,NW Bracken,1,0,"",""
ball,2,14.1,India,Yuvraj Singh,G Gambhir,SR Clark,0,4,"",""
ball,2,14.2,India,Yuvraj Singh,G Gambhir,SR Clark,1,0,"",""
ball,2,14.3,India,G Gambhir,Yuvraj Singh,SR Clark,0,0,"",""
ball,2,14.4,India,G Gambhir,Yuvraj Singh,SR Clark,0,1,"",""
ball,2,14.5,India,G Gambhir,Yuvraj Singh,SR Clark,1,0,"",""
ball,2,14.6,India,Yuvraj Singh,G Gambhir,SR Clark,1,0,"",""
ball,2,14.7,India,G Gambhir,Yuvraj Singh,SR Clark,0,0,"",""
ball,2,15.1,India,Yuvraj Singh,G Gambhir,BW Hilfenhaus,0,0,"",""
ball,2,15.2,India,Yuvraj Singh,G Gambhir,BW Hilfenhaus,1,0,"",""
ball,2,15.3,India,G Gambhir,Yuvraj Singh,BW Hilfenhaus,0,0,"",""
ball,2,15.4,India,G Gambhir,Yuvraj Singh,BW Hilfenhaus,0,0,caught,G Gambhir
ball,2,15.5,India,Yuvraj Singh,MS Dhoni,BW Hilfenhaus,0,0,"",""
ball,2,15.6,India,Yuvraj Singh,MS Dhoni,BW Hilfenhaus,0,0,"",""
ball,2,16.1,India,MS Dhoni,Yuvraj Singh,SR Clark,0,0,"",""
ball,2,16.2,India,MS Dhoni,Yuvraj Singh,SR Clark,1,0,"",""
ball,2,16.3,India,Yuvraj Singh,MS Dhoni,SR Clark,6,0,"",""
ball,2,16.4,India,Yuvraj Singh,MS Dhoni,SR Clark,6,0,"",""
ball,2,16.5,India,Yuvraj Singh,MS Dhoni,SR Clark,0,0,"",""
ball,2,16.6,India,Yuvraj Singh,MS Dhoni,SR Clark,1,0,"",""
ball,2,17.1,India,Yuvraj Singh,MS Dhoni,BW Hilfenhaus,0,1,"",""
ball,2,17.2,India,MS Dhoni,Yuvraj Singh,BW Hilfenhaus,1,0,"",""
ball,2,17.3,India,Yuvraj Singh,MS Dhoni,BW Hilfenhaus,0,0,"",""
ball,2,17.4,India,Yuvraj Singh,MS Dhoni,BW Hilfenhaus,0,0,"",""
ball,2,17.5,India,Yuvraj Singh,MS Dhoni,BW Hilfenhaus,0,1,"",""
ball,2,17.6,India,MS Dhoni,Yuvraj Singh,BW Hilfenhaus,1,0,"",""
ball,2,18.1,India,MS Dhoni,Yuvraj Singh,B Lee,6,0,"",""
