version,1.3.0
info,team,New Zealand
info,team,Pakistan
info,gender,male
info,season,2009
info,date,2009/06/13
info,competition,ICC World Twenty20
info,match_number,18
info,venue,Kennington Oval
info,city,London
info,neutralvenue,true
info,toss_winner,New Zealand
info,toss_decision,bat
info,player_of_match,Umar Gul
info,umpire,MR Benson
info,umpire,RJ Tucker
info,reserve_umpire,Aleem Dar
info,tv_umpire,RE Koertzen
info,match_referee,RS Madugalle
info,winner,Pakistan
info,winner_wickets,6
ball,1,0.1,New Zealand,BB McCullum,AJ Redmond,Mohammad Amir,4,0,"",""
ball,1,0.2,New Zealand,BB McCullum,AJ Redmond,Mohammad Amir,2,0,"",""
ball,1,0.3,New Zealand,BB McCullum,AJ Redmond,Mohammad Amir,1,0,"",""
ball,1,0.4,New Zealand,AJ Redmond,BB McCullum,Mohammad Amir,2,0,"",""
ball,1,0.5,New Zealand,AJ Redmond,BB McCullum,Mohammad Amir,1,0,"",""
ball,1,0.6,New Zealand,BB McCullum,AJ Redmond,Mohammad Amir,4,0,"",""
ball,1,1.1,New Zealand,AJ Redmond,BB McCullum,Abdul Razzaq,1,0,"",""
ball,1,1.2,New Zealand,BB McCullum,AJ Redmond,Abdul Razzaq,1,0,"",""
ball,1,1.3,New Zealand,AJ Redmond,BB McCullum,Abdul Razzaq,1,0,"",""
ball,1,1.4,New Zealand,BB McCullum,AJ Redmond,Abdul Razzaq,0,0,caught,BB McCullum
ball,1,1.5,New Zealand,MJ Guptill,AJ Redmond,Abdul Razzaq,0,0,"",""
ball,1,1.6,New Zealand,MJ Guptill,AJ Redmond,Abdul Razzaq,0,0,"",""
ball,1,2.1,New Zealand,AJ Redmond,MJ Guptill,Mohammad Amir,0,0,"",""
ball,1,2.2,New Zealand,AJ Redmond,MJ Guptill,Mohammad Amir,0,0,"",""
ball,1,2.3,New Zealand,AJ Redmond,MJ Guptill,Mohammad Amir,0,0,"",""
ball,1,2.4,New Zealand,AJ Redmond,MJ Guptill,Mohammad Amir,4,0,"",""
ball,1,2.5,New Zealand,AJ Redmond,MJ Guptill,Mohammad Amir,1,0,"",""
ball,1,2.6,New Zealand,MJ Guptill,AJ Redmond,Mohammad Amir,1,0,"",""
ball,1,3.1,New Zealand,MJ Guptill,AJ Redmond,Abdul Razzaq,4,0,"",""
ball,1,3.2,New Zealand,MJ Guptill,AJ Redmond,Abdul Razzaq,0,0,"",""
ball,1,3.3,New Zealand,MJ Guptill,AJ Redmond,Abdul Razzaq,1,0,"",""
ball,1,3.4,New Zealand,AJ Redmond,MJ Guptill,Abdul Razzaq,0,0,"",""
ball,1,3.5,New Zealand,AJ Redmond,MJ Guptill,Abdul Razzaq,4,0,"",""
ball,1,3.6,New Zealand,AJ Redmond,MJ Guptill,Abdul Razzaq,1,0,"",""
ball,1,4.1,New Zealand,AJ Redmond,MJ Guptill,Mohammad Amir,0,0,"",""
ball,1,4.2,New Zealand,AJ Redmond,MJ Guptill,Mohammad Amir,0,0,caught,AJ Redmond
ball,1,4.3,New Zealand,SB Styris,MJ Guptill,Mohammad Amir,0,0,"",""
ball,1,4.4,New Zealand,SB Styris,MJ Guptill,Mohammad Amir,0,0,"",""
ball,1,4.5,New Zealand,SB Styris,MJ Guptill,Mohammad Amir,1,0,"",""
ball,1,4.6,New Zealand,MJ Guptill,SB Styris,Mohammad Amir,2,0,"",""
ball,1,5.1,New Zealand,SB Styris,MJ Guptill,Abdul Razzaq,0,0,"",""
ball,1,5.2,New Zealand,SB Styris,MJ Guptill,Abdul Razzaq,0,1,"",""
ball,1,5.3,New Zealand,MJ Guptill,SB Styris,Abdul Razzaq,0,0,lbw,MJ Guptill
ball,1,5.4,New Zealand,JDP Oram,SB Styris,Abdul Razzaq,0,0,"",""
ball,1,5.5,New Zealand,JDP Oram,SB Styris,Abdul Razzaq,0,0,"",""
ball,1,5.6,New Zealand,JDP Oram,SB Styris,Abdul Razzaq,0,0,"",""
ball,1,6.1,New Zealand,SB Styris,JDP Oram,Saeed Ajmal,1,0,"",""
ball,1,6.2,New Zealand,JDP Oram,SB Styris,Saeed Ajmal,1,0,"",""
ball,1,6.3,New Zealand,SB Styris,JDP Oram,Saeed Ajmal,0,0,"",""
ball,1,6.4,New Zealand,SB Styris,JDP Oram,Saeed Ajmal,0,0,"",""
ball,1,6.5,New Zealand,SB Styris,JDP Oram,Saeed Ajmal,1,0,"",""
ball,1,6.6,New Zealand,JDP Oram,SB Styris,Saeed Ajmal,1,0,"",""
ball,1,7.1,New Zealand,JDP Oram,SB Styris,Shahid Afridi,0,0,"",""
ball,1,7.2,New Zealand,JDP Oram,SB Styris,Shahid Afridi,0,1,"",""
ball,1,7.3,New Zealand,SB Styris,JDP Oram,Shahid Afridi,0,0,"",""
ball,1,7.4,New Zealand,SB Styris,JDP Oram,Shahid Afridi,0,0,"",""
ball,1,7.5,New Zealand,SB Styris,JDP Oram,Shahid Afridi,1,0,"",""
ball,1,7.6,New Zealand,JDP Oram,SB Styris,Shahid Afridi,0,0,"",""
ball,1,8.1,New Zealand,SB Styris,JDP Oram,Saeed Ajmal,6,0,"",""
ball,1,8.2,New Zealand,SB Styris,JDP Oram,Saeed Ajmal,1,0,"",""
ball,1,8.3,New Zealand,JDP Oram,SB Styris,Saeed Ajmal,2,0,"",""
ball,1,8.4,New Zealand,JDP Oram,SB Styris,Saeed Ajmal,1,0,"",""
ball,1,8.5,New Zealand,SB Styris,JDP Oram,Saeed Ajmal,0,0,"",""
ball,1,8.6,New Zealand,SB Styris,JDP Oram,Saeed Ajmal,1,0,"",""
ball,1,9.1,New Zealand,SB Styris,JDP Oram,Shahid Afridi,0,0,"",""
ball,1,9.2,New Zealand,SB Styris,JDP Oram,Shahid Afridi,1,0,"",""
ball,1,9.3,New Zealand,JDP Oram,SB Styris,Shahid Afridi,0,0,caught,JDP Oram
ball,1,9.4,New Zealand,SB Styris,PD McGlashan,Shahid Afridi,0,0,"",""
ball,1,9.5,New Zealand,SB Styris,PD McGlashan,Shahid Afridi,0,0,"",""
ball,1,9.6,New Zealand,SB Styris,PD McGlashan,Shahid Afridi,1,0,"",""
ball,1,10.1,New Zealand,SB Styris,PD McGlashan,Shoaib Malik,1,0,"",""
ball,1,10.2,New Zealand,PD McGlashan,SB Styris,Shoaib Malik,1,0,"",""
ball,1,10.3,New Zealand,SB Styris,PD McGlashan,Shoaib Malik,1,0,"",""
ball,1,10.4,New Zealand,PD McGlashan,SB Styris,Shoaib Malik,0,0,"",""
ball,1,10.5,New Zealand,PD McGlashan,SB Styris,Shoaib Malik,4,0,"",""
ball,1,10.6,New Zealand,PD McGlashan,SB Styris,Shoaib Malik,1,0,"",""
ball,1,11.1,New Zealand,PD McGlashan,SB Styris,Shahid Afridi,1,0,"",""
ball,1,11.2,New Zealand,SB Styris,PD McGlashan,Shahid Afridi,1,0,"",""
ball,1,11.3,New Zealand,PD McGlashan,SB Styris,Shahid Afridi,0,0,"",""
ball,1,11.4,New Zealand,PD McGlashan,SB Styris,Shahid Afridi,1,0,"",""
ball,1,11.5,New Zealand,SB Styris,PD McGlashan,Shahid Afridi,2,0,"",""
ball,1,11.6,New Zealand,SB Styris,PD McGlashan,Shahid Afridi,3,0,"",""
ball,1,12.1,New Zealand,SB Styris,PD McGlashan,Umar Gul,0,0,"",""
ball,1,12.2,New Zealand,SB Styris,PD McGlashan,Umar Gul,0,0,"",""
ball,1,12.3,New Zealand,SB Styris,PD McGlashan,Umar Gul,0,1,"",""
ball,1,12.4,New Zealand,SB Styris,PD McGlashan,Umar Gul,0,0,caught,SB Styris
ball,1,12.5,New Zealand,PD McGlashan,NL McCullum,Umar Gul,0,0,lbw,PD McGlashan
ball,1,12.6,New Zealand,JEC Franklin,NL McCullum,Umar Gul,0,1,"",""
ball,1,12.7,New Zealand,NL McCullum,JEC Franklin,Umar Gul,0,0,"",""
ball,1,13.1,New Zealand,JEC Franklin,NL McCullum,Shahid Afridi,1,0,"",""
ball,1,13.2,New Zealand,NL McCullum,JEC Franklin,Shahid Afridi,4,0,"",""
ball,1,13.3,New Zealand,NL McCullum,JEC Franklin,Shahid Afridi,0,0,"",""
ball,1,13.4,New Zealand,NL McCullum,JEC Franklin,Shahid Afridi,0,1,"",""
ball,1,13.5,New Zealand,NL McCullum,JEC Franklin,Shahid Afridi,0,0,"",""
ball,1,13.6,New Zealand,NL McCullum,JEC Franklin,Shahid Afridi,0,0,"",""
ball,1,13.7,New Zealand,NL McCullum,JEC Franklin,Shahid Afridi,0,0,"",""
ball,1,14.1,New Zealand,JEC Franklin,NL McCullum,Saeed Ajmal,1,0,"",""
ball,1,14.2,New Zealand,NL McCullum,JEC Franklin,Saeed Ajmal,1,0,"",""
ball,1,14.3,New Zealand,JEC Franklin,NL McCullum,Saeed Ajmal,1,0,"",""
ball,1,14.4,New Zealand,NL McCullum,JEC Franklin,Saeed Ajmal,0,0,"",""
ball,1,14.5,New Zealand,NL McCullum,JEC Franklin,Saeed Ajmal,1,0,"",""
ball,1,14.6,New Zealand,JEC Franklin,NL McCullum,Saeed Ajmal,0,0,"",""
ball,1,15.1,New Zealand,NL McCullum,JEC Franklin,Umar Gul,1,0,"",""
ball,1,15.2,New Zealand,JEC Franklin,NL McCullum,Umar Gul,2,0,"",""
ball,1,15.3,New Zealand,JEC Franklin,NL McCullum,Umar Gul,0,1,"",""
ball,1,15.4,New Zealand,NL McCullum,JEC Franklin,Umar Gul,0,0,bowled,NL McCullum
ball,1,15.5,New Zealand,DL Vettori,JEC Franklin,Umar Gul,0,0,"",""
ball,1,15.6,New Zealand,DL Vettori,JEC Franklin,Umar Gul,0,0,"",""
ball,1,16.1,New Zealand,JEC Franklin,DL Vettori,Saeed Ajmal,1,0,"",""
ball,1,16.2,New Zealand,DL Vettori,JEC Franklin,Saeed Ajmal,2,0,"",""
ball,1,16.3,New Zealand,DL Vettori,JEC Franklin,Saeed Ajmal,0,0,"",""
ball,1,16.4,New Zealand,DL Vettori,JEC Franklin,Saeed Ajmal,1,0,"",""
ball,1,16.5,New Zealand,JEC Franklin,DL Vettori,Saeed Ajmal,0,0,"",""
ball,1,16.6,New Zealand,JEC Franklin,DL Vettori,Saeed Ajmal,1,0,"",""
ball,1,17.1,New Zealand,JEC Franklin,DL Vettori,Umar Gul,0,0,"",""
ball,1,17.2,New Zealand,JEC Franklin,DL Vettori,Umar Gul,0,0,"",""
ball,1,17.3,New Zealand,JEC Franklin,DL Vettori,Umar Gul,0,0,bowled,JEC Franklin
ball,1,17.4,New Zealand,KD Mills,DL Vettori,Umar Gul,0,0,caught,KD Mills
ball,1,17.5,New Zealand,IG Butler,DL Vettori,Umar Gul,1,0,"",""
ball,1,17.6,New Zealand,DL Vettori,IG Butler,Umar Gul,1,0,"",""
ball,1,18.1,New Zealand,DL Vettori,IG Butler,Abdul Razzaq,4,0,"",""
ball,1,18.2,New Zealand,DL Vettori,IG Butler,Abdul Razzaq,0,0,"",""
ball,1,18.3,New Zealand,DL Vettori,IG Butler,Abdul Razzaq,0,0,run out,DL Vettori
ball,2,0.1,Pakistan,Kamran Akmal,Shahzaib Hasan,KD Mills,0,0,"",""
ball,2,0.2,Pakistan,Kamran Akmal,Shahzaib Hasan,KD Mills,0,0,"",""
ball,2,0.3,Pakistan,Kamran Akmal,Shahzaib Hasan,KD Mills,0,0,"",""
ball,2,0.4,Pakistan,Kamran Akmal,Shahzaib Hasan,KD Mills,2,0,"",""
ball,2,0.5,Pakistan,Kamran Akmal,Shahzaib Hasan,KD Mills,0,0,"",""
ball,2,0.6,Pakistan,Kamran Akmal,Shahzaib Hasan,KD Mills,5,0,"",""
ball,2,1.1,Pakistan,Kamran Akmal,Shahzaib Hasan,JEC Franklin,0,0,"",""
ball,2,1.2,Pakistan,Kamran Akmal,Shahzaib Hasan,JEC Franklin,2,0,"",""
ball,2,1.3,Pakistan,Kamran Akmal,Shahzaib Hasan,JEC Franklin,0,0,"",""
ball,2,1.4,Pakistan,Kamran Akmal,Shahzaib Hasan,JEC Franklin,0,0,"",""
ball,2,1.5,Pakistan,Kamran Akmal,Shahzaib Hasan,JEC Franklin,0,0,"",""
ball,2,1.6,Pakistan,Kamran Akmal,Shahzaib Hasan,JEC Franklin,4,0,"",""
ball,2,2.1,Pakistan,Shahzaib Hasan,Kamran Akmal,KD Mills,0,0,"",""
ball,2,2.2,Pakistan,Shahzaib Hasan,Kamran Akmal,KD Mills,0,1,"",""
ball,2,2.3,Pakistan,Shahzaib Hasan,Kamran Akmal,KD Mills,4,0,"",""
ball,2,2.4,Pakistan,Shahzaib Hasan,Kamran Akmal,KD Mills,0,0,"",""
ball,2,2.5,Pakistan,Shahzaib Hasan,Kamran Akmal,KD Mills,0,0,"",""
ball,2,2.6,Pakistan,Shahzaib Hasan,Kamran Akmal,KD Mills,0,0,"",""
ball,2,2.7,Pakistan,Shahzaib Hasan,Kamran Akmal,KD Mills,1,0,"",""
ball,2,3.1,Pakistan,Shahzaib Hasan,Kamran Akmal,DL Vettori,2,0,"",""
ball,2,3.2,Pakistan,Shahzaib Hasan,Kamran Akmal,DL Vettori,2,0,"",""
ball,2,3.3,Pakistan,Shahzaib Hasan,Kamran Akmal,DL Vettori,6,0,"",""
ball,2,3.4,Pakistan,Shahzaib Hasan,Kamran Akmal,DL Vettori,0,0,"",""
ball,2,3.5,Pakistan,Shahzaib Hasan,Kamran Akmal,DL Vettori,0,0,"",""
ball,2,3.6,Pakistan,Shahzaib Hasan,Kamran Akmal,DL Vettori,0,1,"",""
ball,2,3.7,Pakistan,Shahzaib Hasan,Kamran Akmal,DL Vettori,0,0,"",""
ball,2,4.1,Pakistan,Kamran Akmal,Shahzaib Hasan,KD Mills,6,0,"",""
ball,2,4.2,Pakistan,Kamran Akmal,Shahzaib Hasan,KD Mills,0,0,caught,Kamran Akmal
ball,2,4.3,Pakistan,Abdul Razzaq,Shahzaib Hasan,KD Mills,3,0,"",""
ball,2,4.4,Pakistan,Shahzaib Hasan,Abdul Razzaq,KD Mills,1,0,"",""
ball,2,4.5,Pakistan,Abdul Razzaq,Shahzaib Hasan,KD Mills,0,0,"",""
ball,2,4.6,Pakistan,Abdul Razzaq,Shahzaib Hasan,KD Mills,0,0,"",""
ball,2,5.1,Pakistan,Shahzaib Hasan,Abdul Razzaq,IG Butler,0,0,"",""
ball,2,5.2,Pakistan,Shahzaib Hasan,Abdul Razzaq,IG Butler,4,0,"",""
ball,2,5.3,Pakistan,Shahzaib Hasan,Abdul Razzaq,IG Butler,6,0,"",""
ball,2,5.4,Pakistan,Shahzaib Hasan,Abdul Razzaq,IG Butler,4,0,"",""
ball,2,5.5,Pakistan,Shahzaib Hasan,Abdul Razzaq,IG Butler,0,0,"",""
ball,2,5.6,Pakistan,Shahzaib Hasan,Abdul Razzaq,IG Butler,0,0,"",""
ball,2,6.1,Pakistan,Abdul Razzaq,Shahzaib Hasan,KD Mills,1,0,"",""
ball,2,6.2,Pakistan,Shahzaib Hasan,Abdul Razzaq,KD Mills,0,0,"",""
ball,2,6.3,Pakistan,Shahzaib Hasan,Abdul Razzaq,KD Mills,0,0,"",""
ball,2,6.4,Pakistan,Shahzaib Hasan,Abdul Razzaq,KD Mills,0,0,"",""
ball,2,6.5,Pakistan,Shahzaib Hasan,Abdul Razzaq,KD Mills,4,0,"",""
ball,2,6.6,Pakistan,Shahzaib Hasan,Abdul Razzaq,KD Mills,0,0,"",""
ball,2,7.1,Pakistan,Abdul Razzaq,Shahzaib Hasan,DL Vettori,0,0,"",""
ball,2,7.2,Pakistan,Abdul Razzaq,Shahzaib Hasan,DL Vettori,0,0,"",""
ball,2,7.3,Pakistan,Abdul Razzaq,Shahzaib Hasan,DL Vettori,1,0,"",""
ball,2,7.4,Pakistan,Shahzaib Hasan,Abdul Razzaq,DL Vettori,0,0,"",""
ball,2,7.5,Pakistan,Shahzaib Hasan,Abdul Razzaq,DL Vettori,1,0,"",""
ball,2,7.6,Pakistan,Abdul Razzaq,Shahzaib Hasan,DL Vettori,0,0,caught,Abdul Razzaq
ball,2,8.1,Pakistan,Shahzaib Hasan,Shoaib Malik,NL McCullum,0,0,run out,Shahzaib Hasan
ball,2,8.2,Pakistan,Shahid Afridi,Shoaib Malik,NL McCullum,4,0,"",""
ball,2,8.3,Pakistan,Shahid Afridi,Shoaib Malik,NL McCullum,0,0,"",""
ball,2,8.4,Pakistan,Shahid Afridi,Shoaib Malik,NL McCullum,1,0,"",""
ball,2,8.5,Pakistan,Shoaib Malik,Shahid Afridi,NL McCullum,0,0,"",""
ball,2,8.6,Pakistan,Shoaib Malik,Shahid Afridi,NL McCullum,4,0,"",""
ball,2,9.1,Pakistan,Shahid Afridi,Shoaib Malik,DL Vettori,1,0,"",""
ball,2,9.2,Pakistan,Shoaib Malik,Shahid Afridi,DL Vettori,0,0,caught,Shoaib Malik
ball,2,9.3,Pakistan,Younis Khan,Shahid Afridi,DL Vettori,0,0,"",""
ball,2,9.4,Pakistan,Younis Khan,Shahid Afridi,DL Vettori,1,0,"",""
ball,2,9.5,Pakistan,Shahid Afridi,Younis Khan,DL Vettori,1,0,"",""
ball,2,9.6,Pakistan,Younis Khan,Shahid Afridi,DL Vettori,0,0,"",""
ball,2,10.1,Pakistan,Shahid Afridi,Younis Khan,IG Butler,2,0,"",""
ball,2,10.2,Pakistan,Shahid Afridi,Younis Khan,IG Butler,0,0,"",""
ball,2,10.3,Pakistan,Shahid Afridi,Younis Khan,IG Butler,0,0,"",""
ball,2,10.4,Pakistan,Shahid Afridi,Younis Khan,IG Butler,1,0,"",""
ball,2,10.5,Pakistan,Younis Khan,Shahid Afridi,IG Butler,1,0,"",""
ball,2,10.6,Pakistan,Shahid Afridi,Younis Khan,IG Butler,4,0,"",""
ball,2,11.1,Pakistan,Younis Khan,Shahid Afridi,DL Vettori,1,0,"",""
ball,2,11.2,Pakistan,Shahid Afridi,Younis Khan,DL Vettori,1,0,"",""
ball,2,11.3,Pakistan,Younis Khan,Shahid Afridi,DL Vettori,0,0,"",""
ball,2,11.4,Pakistan,Younis Khan,Shahid Afridi,DL Vettori,1,0,"",""
ball,2,11.5,Pakistan,Shahid Afridi,Younis Khan,DL Vettori,0,0,"",""
ball,2,11.6,Pakistan,Shahid Afridi,Younis Khan,DL Vettori,1,0,"",""
ball,2,12.1,Pakistan,Shahid Afridi,Younis Khan,JEC Franklin,2,0,"",""
ball,2,12.2,Pakistan,Shahid Afridi,Younis Khan,JEC Franklin,2,0,"",""
ball,2,12.3,Pakistan,Shahid Afridi,Younis Khan,JEC Franklin,4,0,"",""
ball,2,12.4,Pakistan,Shahid Afridi,Younis Khan,JEC Franklin,3,0,"",""
ball,2,12.5,Pakistan,Younis Khan,Shahid Afridi,JEC Franklin,0,0,"",""
ball,2,12.6,Pakistan,Younis Khan,Shahid Afridi,JEC Franklin,2,0,"",""
ball,2,13.1,Pakistan,Shahid Afridi,Younis Khan,NL McCullum,2,0,"",""
