version,1.3.0
info,team,New Zealand
info,team,West Indies
info,gender,male
info,season,2008/09
info,date,2008/12/26
info,series,West Indies in New Zealand T20I Series
info,match_number,1
info,venue,Eden Park
info,city,Auckland
info,toss_winner,New Zealand
info,toss_decision,bat
info,player_of_match,CH Gayle
info,umpire,BF Bowden
info,umpire,AL Hill
info,reserve_umpire,WR Knights
info,tv_umpire,EA Watkin
info,match_referee,J Srinath
info,outcome,tie
info,eliminator,West Indies
ball,1,0.1,New Zealand,JD Ryder,BB McCullum,LS Baker,0,0,"",""
ball,1,0.2,New Zealand,JD Ryder,BB McCullum,LS Baker,0,0,"",""
ball,1,0.3,New Zealand,JD Ryder,BB McCullum,LS Baker,1,0,"",""
ball,1,0.4,New Zealand,BB McCullum,JD Ryder,LS Baker,4,0,"",""
ball,1,0.5,New Zealand,BB McCullum,JD Ryder,LS Baker,1,0,"",""
ball,1,0.6,New Zealand,JD Ryder,BB McCullum,LS Baker,0,0,"",""
ball,1,1.1,New Zealand,BB McCullum,JD Ryder,JE Taylor,0,1,"",""
ball,1,1.2,New Zealand,BB McCullum,JD Ryder,JE Taylor,0,0,"",""
ball,1,1.3,New Zealand,BB McCullum,JD Ryder,JE Taylor,1,0,"",""
ball,1,1.4,New Zealand,JD Ryder,BB McCullum,JE Taylor,1,0,"",""
ball,1,1.5,New Zealand,BB McCullum,JD Ryder,JE Taylor,0,1,"",""
ball,1,1.6,New Zealand,BB McCullum,JD Ryder,JE Taylor,0,0,"",""
ball,1,1.7,New Zealand,BB McCullum,JD Ryder,JE Taylor,0,0,"",""
ball,1,1.8,New Zealand,BB McCullum,JD Ryder,JE Taylor,0,0,"",""
ball,1,2.1,New Zealand,JD Ryder,BB McCullum,LS Baker,0,0,"",""
ball,1,2.2,New Zealand,JD Ryder,BB McCullum,LS Baker,2,0,"",""
ball,1,2.3,New Zealand,JD Ryder,BB McCullum,LS Baker,1,0,"",""
ball,1,2.4,New Zealand,BB McCullum,JD Ryder,LS Baker,4,0,"",""
ball,1,2.5,New Zealand,BB McCullum,JD Ryder,LS Baker,4,0,"",""
ball,1,2.6,New Zealand,BB McCullum,JD Ryder,LS Baker,0,0,caught,BB McCullum
ball,1,3.1,New Zealand,JD Ryder,LRPL Taylor,JE Taylor,0,0,"",""
ball,1,3.2,New Zealand,JD Ryder,LRPL Taylor,JE Taylor,1,0,"",""
ball,1,3.3,New Zealand,LRPL Taylor,JD Ryder,JE Taylor,1,0,"",""
ball,1,3.4,New Zealand,JD Ryder,LRPL Taylor,JE Taylor,0,1,"",""
ball,1,3.5,New Zealand,JD Ryder,LRPL Taylor,JE Taylor,4,0,"",""
ball,1,3.6,New Zealand,JD Ryder,LRPL Taylor,JE Taylor,0,0,"",""
ball,1,3.7,New Zealand,JD Ryder,LRPL Taylor,JE Taylor,1,0,"",""
ball,1,4.1,New Zealand,JD Ryder,LRPL Taylor,LS Baker,0,0,"",""
ball,1,4.2,New Zealand,JD Ryder,LRPL Taylor,LS Baker,0,0,"",""
ball,1,4.3,New Zealand,JD Ryder,LRPL Taylor,LS Baker,1,0,"",""
ball,1,4.4,New Zealand,LRPL Taylor,JD Ryder,LS Baker,0,0,"",""
ball,1,4.5,New Zealand,LRPL Taylor,JD Ryder,LS Baker,0,0,"",""
ball,1,4.6,New Zealand,LRPL Taylor,JD Ryder,LS Baker,0,1,"",""
ball,1,4.7,New Zealand,LRPL Taylor,JD Ryder,LS Baker,6,0,"",""
ball,1,5.1,New Zealand,JD Ryder,LRPL Taylor,FH Edwards,0,0,bowled,JD Ryder
ball,1,5.2,New Zealand,SB Styris,LRPL Taylor,FH Edwards,1,0,"",""
ball,1,5.3,New Zealand,LRPL Taylor,SB Styris,FH Edwards,0,0,"",""
ball,1,5.4,New Zealand,LRPL Taylor,SB Styris,FH Edwards,1,0,"",""
ball,1,5.5,New Zealand,SB Styris,LRPL Taylor,FH Edwards,4,0,"",""
ball,1,5.6,New Zealand,SB Styris,LRPL Taylor,FH Edwards,4,0,"",""
ball,1,6.1,New Zealand,LRPL Taylor,SB Styris,LS Baker,0,1,"",""
ball,1,6.2,New Zealand,LRPL Taylor,SB Styris,LS Baker,1,0,"",""
ball,1,6.3,New Zealand,SB Styris,LRPL Taylor,LS Baker,1,0,"",""
ball,1,6.4,New Zealand,LRPL Taylor,SB Styris,LS Baker,0,0,"",""
ball,1,6.5,New Zealand,LRPL Taylor,SB Styris,LS Baker,4,0,"",""
ball,1,6.6,New Zealand,LRPL Taylor,SB Styris,LS Baker,0,0,"",""
ball,1,6.7,New Zealand,LRPL Taylor,SB Styris,LS Baker,0,0,"",""
ball,1,7.1,New Zealand,SB Styris,LRPL Taylor,FH Edwards,0,0,"",""
ball,1,7.2,New Zealand,SB Styris,LRPL Taylor,FH Edwards,2,0,"",""
ball,1,7.3,New Zealand,SB Styris,LRPL Taylor,FH Edwards,1,0,"",""
ball,1,7.4,New Zealand,LRPL Taylor,SB Styris,FH Edwards,0,0,"",""
ball,1,7.5,New Zealand,LRPL Taylor,SB Styris,FH Edwards,1,0,"",""
ball,1,7.6,New Zealand,SB Styris,LRPL Taylor,FH Edwards,0,0,"",""
ball,1,8.1,New Zealand,LRPL Taylor,SB Styris,SJ Benn,1,0,"",""
ball,1,8.2,New Zealand,SB Styris,LRPL Taylor,SJ Benn,1,0,"",""
ball,1,8.3,New Zealand,LRPL Taylor,SB Styris,SJ Benn,0,0,"",""
ball,1,8.4,New Zealand,LRPL Taylor,SB Styris,SJ Benn,2,0,"",""
ball,1,8.5,New Zealand,LRPL Taylor,SB Styris,SJ Benn,1,0,"",""
ball,1,8.6,New Zealand,SB Styris,LRPL Taylor,SJ Benn,1,0,"",""
ball,1,9.1,New Zealand,SB Styris,LRPL Taylor,KA Pollard,6,0,"",""
ball,1,9.2,New Zealand,SB Styris,LRPL Taylor,KA Pollard,0,0,caught and bowled,SB Styris
ball,1,9.3,New Zealand,JDP Oram,LRPL Taylor,KA Pollard,1,0,"",""
ball,1,9.4,New Zealand,LRPL Taylor,JDP Oram,KA Pollard,1,0,"",""
ball,1,9.5,New Zealand,JDP Oram,LRPL Taylor,KA Pollard,0,0,"",""
ball,1,9.6,New Zealand,JDP Oram,LRPL Taylor,KA Pollard,1,0,"",""
ball,1,10.1,New Zealand,JDP Oram,LRPL Taylor,SJ Benn,1,0,"",""
ball,1,10.2,New Zealand,LRPL Taylor,JDP Oram,SJ Benn,1,0,"",""
ball,1,10.3,New Zealand,JDP Oram,LRPL Taylor,SJ Benn,1,0,"",""
ball,1,10.4,New Zealand,LRPL Taylor,JDP Oram,SJ Benn,0,0,"",""
ball,1,10.5,New Zealand,LRPL Taylor,JDP Oram,SJ Benn,1,0,"",""
ball,1,10.6,New Zealand,JDP Oram,LRPL Taylor,SJ Benn,1,0,"",""
ball,1,11.1,New Zealand,JDP Oram,LRPL Taylor,KA Pollard,1,0,"",""
ball,1,11.2,New Zealand,LRPL Taylor,JDP Oram,KA Pollard,4,0,"",""
ball,1,11.3,New Zealand,LRPL Taylor,JDP Oram,KA Pollard,6,0,"",""
ball,1,11.4,New Zealand,LRPL Taylor,JDP Oram,KA Pollard,0,0,"",""
ball,1,11.5,New Zealand,LRPL Taylor,JDP Oram,KA Pollard,1,0,"",""
ball,1,11.6,New Zealand,JDP Oram,LRPL Taylor,KA Pollard,4,0,"",""
ball,1,12.1,New Zealand,LRPL Taylor,JDP Oram,SJ Benn,0,0,"",""
ball,1,12.2,New Zealand,LRPL Taylor,JDP Oram,SJ Benn,1,0,"",""
ball,1,12.3,New Zealand,JDP Oram,LRPL Taylor,SJ Benn,0,0,"",""
ball,1,12.4,New Zealand,JDP Oram,LRPL Taylor,SJ Benn,1,0,"",""
ball,1,12.5,New Zealand,LRPL Taylor,JDP Oram,SJ Benn,1,0,"",""
ball,1,12.6,New Zealand,JDP Oram,LRPL Taylor,SJ Benn,0,0,"",""
ball,1,13.1,New Zealand,LRPL Taylor,JDP Oram,CH Gayle,2,0,"",""
ball,1,13.2,New Zealand,LRPL Taylor,JDP Oram,CH Gayle,0,1,"",""
ball,1,13.3,New Zealand,LRPL Taylor,JDP Oram,CH Gayle,1,0,"",""
ball,1,13.4,New Zealand,JDP Oram,LRPL Taylor,CH Gayle,1,0,"",""
ball,1,13.5,New Zealand,LRPL Taylor,JDP Oram,CH Gayle,0,0,"",""
ball,1,13.6,New Zealand,LRPL Taylor,JDP Oram,CH Gayle,1,0,"",""
ball,1,13.7,New Zealand,JDP Oram,LRPL Taylor,CH Gayle,1,0,"",""
ball,1,14.1,New Zealand,JDP Oram,LRPL Taylor,SJ Benn,0,0,caught,JDP Oram
ball,1,14.2,New Zealand,LRPL Taylor,JEC Franklin,SJ Benn,0,0,"",""
ball,1,14.3,New Zealand,LRPL Taylor,JEC Franklin,SJ Benn,1,0,"",""
ball,1,14.4,New Zealand,JEC Franklin,LRPL Taylor,SJ Benn,1,0,"",""
ball,1,14.5,New Zealand,LRPL Taylor,JEC Franklin,SJ Benn,4,0,"",""
ball,1,14.6,New Zealand,LRPL Taylor,JEC Franklin,SJ Benn,0,0,"",""
ball,1,15.1,New Zealand,JEC Franklin,LRPL Taylor,CH Gayle,1,0,"",""
ball,1,15.2,New Zealand,LRPL Taylor,JEC Franklin,CH Gayle,0,1,"",""
ball,1,15.3,New Zealand,JEC Franklin,LRPL Taylor,CH Gayle,0,0,caught and bowled,JEC Franklin
ball,1,15.4,New Zealand,DR Flynn,LRPL Taylor,CH Gayle,0,0,"",""
ball,1,15.5,New Zealand,DR Flynn,LRPL Taylor,CH Gayle,1,0,"",""
ball,1,15.6,New Zealand,LRPL Taylor,DR Flynn,CH Gayle,1,0,"",""
ball,1,16.1,New Zealand,LRPL Taylor,DR Flynn,JE Taylor,1,0,"",""
ball,1,16.2,New Zealand,DR Flynn,LRPL Taylor,JE Taylor,1,0,"",""
ball,1,16.3,New Zealand,LRPL Taylor,DR Flynn,JE Taylor,0,0,"",""
ball,1,16.4,New Zealand,LRPL Taylor,DR Flynn,JE Taylor,1,0,"",""
ball,1,16.5,New Zealand,DR Flynn,LRPL Taylor,JE Taylor,6,0,"",""
ball,1,16.6,New Zealand,DR Flynn,LRPL Taylor,JE Taylor,1,0,"",""
ball,1,17.1,New Zealand,DR Flynn,LRPL Taylor,FH Edwards,1,0,"",""
ball,1,17.2,New Zealand,LRPL Taylor,DR Flynn,FH Edwards,6,0,"",""
ball,1,17.3,New Zealand,LRPL Taylor,DR Flynn,FH Edwards,0,0,"",""
ball,1,17.4,New Zealand,LRPL Taylor,DR Flynn,FH Edwards,6,0,"",""
ball,1,17.5,New Zealand,LRPL Taylor,DR Flynn,FH Edwards,0,0,"",""
ball,1,17.6,New Zealand,LRPL Taylor,DR Flynn,FH Edwards,1,0,"",""
ball,1,18.1,New Zealand,LRPL Taylor,DR Flynn,JE Taylor,4,0,"",""
ball,1,18.2,New Zealand,LRPL Taylor,DR Flynn,JE Taylor,0,0,"",""
ball,1,18.3,New Zealand,LRPL Taylor,DR Flynn,JE Taylor,0,0,bowled,LRPL Taylor
ball,1,18.4,New Zealand,KD Mills,DR Flynn,JE Taylor,0,1,"",""
ball,1,18.5,New Zealand,KD Mills,DR Flynn,JE Taylor,0,0,"",""
ball,1,18.6,New Zealand,KD Mills,DR Flynn,JE Taylor,0,0,"",""
ball,1,18.7,New Zealand,KD Mills,DR Flynn,JE Taylor,6,0,"",""
ball,1,19.1,New Zealand,DR Flynn,KD Mills,CH Gayle,0,0,caught,DR Flynn
ball,1,19.2,New Zealand,KD Mills,DL Vettori,CH Gayle,1,0,"",""
ball,1,19.3,New Zealand,DL Vettori,KD Mills,CH Gayle,1,0,"",""
ball,1,19.4,New Zealand,KD Mills,DL Vettori,CH Gayle,1,0,"",""
ball,1,19.5,New Zealand,DL Vettori,KD Mills,CH Gayle,1,0,"",""
ball,1,19.6,New Zealand,KD Mills,DL Vettori,CH Gayle,2,0,"",""
ball,2,0.1,West Indies,CH Gayle,S Chanderpaul,KD Mills,0,0,"",""
ball,2,0.2,West Indies,CH Gayle,S Chanderpaul,KD Mills,1,0,"",""
ball,2,0.3,West Indies,S Chanderpaul,CH Gayle,KD Mills,2,0,"",""
ball,2,0.4,West Indies,S Chanderpaul,CH Gayle,KD Mills,4,0,"",""
ball,2,0.5,West Indies,S Chanderpaul,CH Gayle,KD Mills,0,0,"",""
ball,2,0.6,West Indies,S Chanderpaul,CH Gayle,KD Mills,0,0,"",""
ball,2,1.1,West Indies,CH Gayle,S Chanderpaul,TG Southee,0,0,"",""
ball,2,1.2,West Indies,CH Gayle,S Chanderpaul,TG Southee,4,0,"",""
ball,2,1.3,West Indies,CH Gayle,S Chanderpaul,TG Southee,4,0,"",""
ball,2,1.4,West Indies,CH Gayle,S Chanderpaul,TG Southee,0,0,"",""
ball,2,1.5,West Indies,CH Gayle,S Chanderpaul,TG Southee,0,0,"",""
ball,2,1.6,West Indies,CH Gayle,S Chanderpaul,TG Southee,4,0,"",""
ball,2,2.1,West Indies,S Chanderpaul,CH Gayle,KD Mills,0,0,caught and bowled,S Chanderpaul
ball,2,2.2,West Indies,XM Marshall,CH Gayle,KD Mills,0,0,"",""
ball,2,2.3,West Indies,XM Marshall,CH Gayle,KD Mills,4,0,"",""
ball,2,2.4,West Indies,XM Marshall,CH Gayle,KD Mills,0,0,"",""
ball,2,2.5,West Indies,XM Marshall,CH Gayle,KD Mills,0,0,"",""
ball,2,2.6,West Indies,XM Marshall,CH Gayle,KD Mills,6,0,"",""
ball,2,3.1,West Indies,CH Gayle,XM Marshall,TG Southee,4,0,"",""
ball,2,3.2,West Indies,CH Gayle,XM Marshall,TG Southee,0,0,"",""
ball,2,3.3,West Indies,CH Gayle,XM Marshall,TG Southee,6,0,"",""
ball,2,3.4,West Indies,CH Gayle,XM Marshall,TG Southee,6,0,"",""
ball,2,3.5,West Indies,CH Gayle,XM Marshall,TG Southee,0,0,"",""
ball,2,3.6,West Indies,CH Gayle,XM Marshall,TG Southee,2,0,"",""
ball,2,4.1,West Indies,XM Marshall,CH Gayle,KD Mills,0,0,"",""
ball,2,4.2,West Indies,XM Marshall,CH Gayle,KD Mills,1,0,"",""
ball,2,4.3,West Indies,CH Gayle,XM Marshall,KD Mills,0,0,"",""
ball,2,4.4,West Indies,CH Gayle,XM Marshall,KD Mills,0,0,"",""
ball,2,4.5,West Indies,CH Gayle,XM Marshall,KD Mills,0,0,"",""
ball,2,4.6,West Indies,CH Gayle,XM Marshall,KD Mills,0,0,"",""
ball,2,5.1,West Indies,XM Marshall,CH Gayle,JDP Oram,2,0,"",""
ball,2,5.2,West Indies,XM Marshall,CH Gayle,JDP Oram,4,0,"",""
ball,2,5.3,West Indies,XM Marshall,CH Gayle,JDP Oram,0,0,"",""
ball,2,5.4,West Indies,XM Marshall,CH Gayle,JDP Oram,0,0,"",""
ball,2,5.5,West Indies,XM Marshall,CH Gayle,JDP Oram,0,0,"",""
ball,2,5.6,West Indies,XM Marshall,CH Gayle,JDP Oram,1,0,"",""
ball,2,6.1,West Indies,XM Marshall,CH Gayle,JS Patel,1,0,"",""
ball,2,6.2,West Indies,CH Gayle,XM Marshall,JS Patel,1,0,"",""
ball,2,6.3,West Indies,XM Marshall,CH Gayle,JS Patel,1,0,"",""
ball,2,6.4,West Indies,CH Gayle,XM Marshall,JS Patel,2,0,"",""
ball,2,6.5,West Indies,CH Gayle,XM Marshall,JS Patel,1,0,"",""
ball,2,6.6,West Indies,XM Marshall,CH Gayle,JS Patel,1,0,"",""
ball,2,7.1,West Indies,XM Marshall,CH Gayle,JDP Oram,0,0,"",""
ball,2,7.2,West Indies,XM Marshall,CH Gayle,JDP Oram,0,0,"",""
ball,2,7.3,West Indies,XM Marshall,CH Gayle,JDP Oram,0,0,"",""
ball,2,7.4,West Indies,XM Marshall,CH Gayle,JDP Oram,1,0,"",""
ball,2,7.5,West Indies,CH Gayle,XM Marshall,JDP Oram,0,4,"",""
ball,2,7.6,West Indies,CH Gayle,XM Marshall,JDP Oram,1,0,"",""
ball,2,8.1,West Indies,CH Gayle,XM Marshall,JS Patel,6,0,"",""
ball,2,8.2,West Indies,CH Gayle,XM Marshall,JS Patel,1,0,"",""
ball,2,8.3,West Indies,XM Marshall,CH Gayle,JS Patel,4,0,"",""
ball,2,8.4,West Indies,XM Marshall,CH Gayle,JS Patel,1,0,"",""
ball,2,8.5,West Indies,CH Gayle,XM Marshall,JS Patel,1,0,"",""
ball,2,8.6,West Indies,XM Marshall,CH Gayle,JS Patel,1,0,"",""
ball,2,9.1,West Indies,XM Marshall,CH Gayle,DL Vettori,0,0,bowled,XM Marshall
ball,2,9.2,West Indies,RR Sarwan,CH Gayle,DL Vettori,1,0,"",""
ball,2,9.3,West Indies,CH Gayle,RR Sarwan,DL Vettori,0,0,"",""
ball,2,9.4,West Indies,CH Gayle,RR Sarwan,DL Vettori,0,1,"",""
ball,2,9.5,West Indies,CH Gayle,RR Sarwan,DL Vettori,1,0,"",""
ball,2,9.6,West Indies,RR Sarwan,CH Gayle,DL Vettori,0,0,"",""
ball,2,9.7,West Indies,RR Sarwan,CH Gayle,DL Vettori,0,0,"",""
ball,2,10.1,West Indies,CH Gayle,RR Sarwan,TG Southee,1,0,"",""
ball,2,10.2,West Indies,RR Sarwan,CH Gayle,TG Southee,0,0,"",""
ball,2,10.3,West Indies,RR Sarwan,CH Gayle,TG Southee,0,0,"",""
ball,2,10.4,West Indies,RR Sarwan,CH Gayle,TG Southee,0,0,"",""
ball,2,10.5,West Indies,RR Sarwan,CH Gayle,TG Southee,1,0,"",""
ball,2,10.6,West Indies,CH Gayle,RR Sarwan,TG Southee,1,0,"",""
ball,2,11.1,West Indies,CH Gayle,RR Sarwan,DL Vettori,0,0,"",""
ball,2,11.2,West Indies,CH Gayle,RR Sarwan,DL Vettori,1,0,"",""
ball,2,11.3,West Indies,RR Sarwan,CH Gayle,DL Vettori,1,0,"",""
ball,2,11.4,West Indies,CH Gayle,RR Sarwan,DL Vettori,1,0,"",""
ball,2,11.5,West Indies,RR Sarwan,CH Gayle,DL Vettori,0,0,"",""
ball,2,11.6,West Indies,RR Sarwan,CH Gayle,DL Vettori,0,0,"",""
ball,2,12.1,West Indies,CH Gayle,RR Sarwan,JDP Oram,4,0,"",""
ball,2,12.2,West Indies,CH Gayle,RR Sarwan,JDP Oram,0,0,"",""
ball,2,12.3,West Indies,CH Gayle,RR Sarwan,JDP Oram,1,0,"",""
ball,2,12.4,West Indies,RR Sarwan,CH Gayle,JDP Oram,1,0,"",""
ball,2,12.5,West Indies,CH Gayle,RR Sarwan,JDP Oram,6,0,"",""
ball,2,12.6,West Indies,CH Gayle,RR Sarwan,JDP Oram,6,0,"",""
ball,2,13.1,West Indies,RR Sarwan,CH Gayle,DL Vettori,0,0,caught,RR Sarwan
ball,2,13.2,West Indies,CH Gayle,SE Findlay,DL Vettori,0,0,"",""
ball,2,13.3,West Indies,CH Gayle,SE Findlay,DL Vettori,1,0,"",""
ball,2,13.4,West Indies,SE Findlay,CH Gayle,DL Vettori,2,0,"",""
ball,2,13.5,West Indies,SE Findlay,CH Gayle,DL Vettori,0,0,"",""
ball,2,13.6,West Indies,SE Findlay,CH Gayle,DL Vettori,2,0,"",""
ball,2,14.1,West Indies,CH Gayle,SE Findlay,JS Patel,0,0,caught,CH Gayle
ball,2,14.2,West Indies,SE Findlay,KA Pollard,JS Patel,0,0,"",""
ball,2,14.3,West Indies,SE Findlay,KA Pollard,JS Patel,1,0,"",""
ball,2,14.4,West Indies,KA Pollard,SE Findlay,JS Patel,6,0,"",""
ball,2,14.5,West Indies,KA Pollard,SE Findlay,JS Patel,1,0,"",""
ball,2,14.6,West Indies,SE Findlay,KA Pollard,JS Patel,1,0,"",""
ball,2,15.1,West Indies,SE Findlay,KA Pollard,DL Vettori,1,0,"",""
ball,2,15.2,West Indies,KA Pollard,SE Findlay,DL Vettori,0,0,"",""
ball,2,15.3,West Indies,KA Pollard,SE Findlay,DL Vettori,0,0,caught,KA Pollard
ball,2,15.4,West Indies,SE Findlay,CS Baugh,DL Vettori,0,0,"",""
ball,2,15.5,West Indies,SE Findlay,CS Baugh,DL Vettori,4,0,"",""
ball,2,15.6,West Indies,SE Findlay,CS Baugh,DL Vettori,0,0,"",""
ball,2,16.1,West Indies,CS Baugh,SE Findlay,JS Patel,2,0,"",""
ball,2,16.2,West Indies,CS Baugh,SE Findlay,JS Patel,0,0,caught,CS Baugh
ball,2,16.3,West Indies,SE Findlay,JE Taylor,JS Patel,0,0,"",""
ball,2,16.4,West Indies,SE Findlay,JE Taylor,JS Patel,1,0,"",""
ball,2,16.5,West Indies,JE Taylor,SE Findlay,JS Patel,0,0,"",""
ball,2,16.6,West Indies,JE Taylor,SE Findlay,JS Patel,1,0,"",""
ball,2,17.1,West Indies,JE Taylor,SE Findlay,JDP Oram,0,0,"",""
ball,2,17.2,West Indies,JE Taylor,SE Findlay,JDP Oram,2,0,"",""
ball,2,17.3,West Indies,JE Taylor,SE Findlay,JDP Oram,0,0,"",""
ball,2,17.4,West Indies,JE Taylor,SE Findlay,JDP Oram,1,0,"",""
ball,2,17.5,West Indies,SE Findlay,JE Taylor,JDP Oram,4,0,"",""
ball,2,17.6,West Indies,SE Findlay,JE Taylor,JDP Oram,1,0,"",""
ball,2,18.1,West Indies,SE Findlay,JE Taylor,KD Mills,1,0,"",""
ball,2,18.2,West Indies,JE Taylor,SE Findlay,KD Mills,4,0,"",""
ball,2,18.3,West Indies,JE Taylor,SE Findlay,KD Mills,0,0,"",""
ball,2,18.4,West Indies,JE Taylor,SE Findlay,KD Mills,2,0,"",""
ball,2,18.5,West Indies,JE Taylor,SE Findlay,KD Mills,1,0,"",""
ball,2,18.6,West Indies,SE Findlay,JE Taylor,KD Mills,1,0,"",""
ball,2,19.1,West Indies,SE Findlay,JE Taylor,TG Southee,0,0,caught,SE Findlay
ball,2,19.2,West Indies,FH Edwards,JE Taylor,TG Southee,0,0,"",""
ball,2,19.3,West Indies,FH Edwards,JE Taylor,TG Southee,1,0,"",""
ball,2,19.4,West Indies,JE Taylor,FH Edwards,TG Southee,0,0,run out,FH Edwards
ball,2,19.5,West Indies,SJ Benn,JE Taylor,TG Southee,4,0,"",""
ball,2,19.6,West Indies,SJ Benn,JE Taylor,TG Southee,1,0,"",""
ball,3,0.1,West Indies,CH Gayle,XM Marshall,DL Vettori,6,0,"",""
ball,3,0.2,West Indies,CH Gayle,XM Marshall,DL Vettori,1,0,run out,XM Marshall
ball,3,0.3,West Indies,CH Gayle,S Chanderpaul,DL Vettori,6,0,"",""
ball,3,0.4,West Indies,CH Gayle,S Chanderpaul,DL Vettori,6,0,"",""
ball,3,0.5,West Indies,CH Gayle,S Chanderpaul,DL Vettori,4,0,"",""
ball,3,0.6,West Indies,CH Gayle,S Chanderpaul,DL Vettori,2,0,"",""
ball,4,0.1,New Zealand,JDP Oram,BB McCullum,SJ Benn,6,0,"",""
ball,4,0.2,New Zealand,JDP Oram,BB McCullum,SJ Benn,2,0,"",""
ball,4,0.3,New Zealand,JDP Oram,BB McCullum,SJ Benn,0,0,caught,JDP Oram
ball,4,0.4,New Zealand,LRPL Taylor,BB McCullum,SJ Benn,6,1,"",""
ball,4,0.5,New Zealand,LRPL Taylor,BB McCullum,SJ Benn,0,0,bowled,LRPL Taylor
