version,1.3.0
info,team,Afghanistan
info,team,India
info,gender,male
info,season,2012/13
info,date,2012/09/19
info,competition,ICC World Twenty20
info,match_number,3
info,venue,R Premadasa Stadium
info,city,Colombo
info,neutralvenue,true
info,toss_winner,Afghanistan
info,toss_decision,field
info,player_of_match,V Kohli
info,umpire,Asad Rauf
info,umpire,SJA Taufel
info,reserve_umpire,HDPK Dharmasena
info,tv_umpire,Aleem Dar
info,match_referee,RS Madugalle
info,winner,India
info,winner_runs,23
ball,1,0.1,India,G Gambhir,V Sehwag,Shapoor Zadran,0,1,"",""
ball,1,0.2,India,G Gambhir,V Sehwag,Shapoor Zadran,3,0,"",""
ball,1,0.3,India,V Sehwag,G Gambhir,Shapoor Zadran,1,0,"",""
ball,1,0.4,India,G Gambhir,V Sehwag,Shapoor Zadran,1,0,"",""
ball,1,0.5,India,V Sehwag,G Gambhir,Shapoor Zadran,1,0,"",""
ball,1,0.6,India,G Gambhir,V Sehwag,Shapoor Zadran,0,0,"",""
ball,1,0.7,India,G Gambhir,V Sehwag,Shapoor Zadran,0,1,"",""
ball,1,1.1,India,G Gambhir,V Sehwag,Dawlat Zadran,1,0,"",""
ball,1,1.2,India,V Sehwag,G Gambhir,Dawlat Zadran,0,0,"",""
ball,1,1.3,India,V Sehwag,G Gambhir,Dawlat Zadran,0,0,"",""
ball,1,1.4,India,V Sehwag,G Gambhir,Dawlat Zadran,1,0,"",""
ball,1,1.5,India,G Gambhir,V Sehwag,Dawlat Zadran,4,0,"",""
ball,1,1.6,India,G Gambhir,V Sehwag,Dawlat Zadran,1,0,"",""
ball,1,2.1,India,G Gambhir,V Sehwag,Shapoor Zadran,0,0,bowled,G Gambhir
ball,1,2.2,India,V Kohli,V Sehwag,Shapoor Zadran,0,0,"",""
ball,1,2.3,India,V Kohli,V Sehwag,Shapoor Zadran,1,0,"",""
ball,1,2.4,India,V Sehwag,V Kohli,Shapoor Zadran,0,0,"",""
ball,1,2.5,India,V Sehwag,V Kohli,Shapoor Zadran,4,0,"",""
ball,1,2.6,India,V Sehwag,V Kohli,Shapoor Zadran,0,0,"",""
ball,1,3.1,India,V Kohli,V Sehwag,Dawlat Zadran,0,0,"",""
ball,1,3.2,India,V Kohli,V Sehwag,Dawlat Zadran,0,0,"",""
ball,1,3.3,India,V Kohli,V Sehwag,Dawlat Zadran,0,0,"",""
ball,1,3.4,India,V Kohli,V Sehwag,Dawlat Zadran,0,0,"",""
ball,1,3.5,India,V Kohli,V Sehwag,Dawlat Zadran,1,0,"",""
ball,1,3.6,India,V Sehwag,V Kohli,Dawlat Zadran,1,0,"",""
ball,1,4.1,India,V Sehwag,V Kohli,Shapoor Zadran,0,0,caught,V Sehwag
ball,1,4.2,India,Yuvraj Singh,V Kohli,Shapoor Zadran,0,1,"",""
ball,1,4.3,India,Yuvraj Singh,V Kohli,Shapoor Zadran,0,0,"",""
ball,1,4.4,India,Yuvraj Singh,V Kohli,Shapoor Zadran,0,0,"",""
ball,1,4.5,India,Yuvraj Singh,V Kohli,Shapoor Zadran,0,0,"",""
ball,1,4.6,India,Yuvraj Singh,V Kohli,Shapoor Zadran,6,0,"",""
ball,1,4.7,India,Yuvraj Singh,V Kohli,Shapoor Zadran,0,0,"",""
ball,1,5.1,India,V Kohli,Yuvraj Singh,Gulbadin Naib,0,0,"",""
ball,1,5.2,India,V Kohli,Yuvraj Singh,Gulbadin Naib,4,0,"",""
ball,1,5.3,India,V Kohli,Yuvraj Singh,Gulbadin Naib,0,0,"",""
ball,1,5.4,India,V Kohli,Yuvraj Singh,Gulbadin Naib,1,0,"",""
ball,1,5.5,India,Yuvraj Singh,V Kohli,Gulbadin Naib,0,0,"",""
ball,1,5.6,India,Yuvraj Singh,V Kohli,Gulbadin Naib,0,0,"",""
ball,1,6.1,India,V Kohli,Yuvraj Singh,Karim Sadiq,1,0,"",""
ball,1,6.2,India,Yuvraj Singh,V Kohli,Karim Sadiq,1,0,"",""
ball,1,6.3,India,V Kohli,Yuvraj Singh,Karim Sadiq,1,0,"",""
ball,1,6.4,India,Yuvraj Singh,V Kohli,Karim Sadiq,1,0,"",""
ball,1,6.5,India,V Kohli,Yuvraj Singh,Karim Sadiq,1,0,"",""
ball,1,6.6,India,Yuvraj Singh,V Kohli,Karim Sadiq,2,0,"",""
ball,1,7.1,India,V Kohli,Yuvraj Singh,Gulbadin Naib,0,0,"",""
ball,1,7.2,India,V Kohli,Yuvraj Singh,Gulbadin Naib,1,0,"",""
ball,1,7.3,India,Yuvraj Singh,V Kohli,Gulbadin Naib,2,0,"",""
ball,1,7.4,India,Yuvraj Singh,V Kohli,Gulbadin Naib,1,0,"",""
ball,1,7.5,India,V Kohli,Yuvraj Singh,Gulbadin Naib,6,0,"",""
ball,1,7.6,India,V Kohli,Yuvraj Singh,Gulbadin Naib,0,0,"",""
ball,1,8.1,India,Yuvraj Singh,V Kohli,Karim Sadiq,1,0,"",""
ball,1,8.2,India,V Kohli,Yuvraj Singh,Karim Sadiq,4,0,"",""
ball,1,8.3,India,V Kohli,Yuvraj Singh,Karim Sadiq,1,0,"",""
ball,1,8.4,India,Yuvraj Singh,V Kohli,Karim Sadiq,1,0,"",""
ball,1,8.5,India,V Kohli,Yuvraj Singh,Karim Sadiq,1,0,"",""
ball,1,8.6,India,Yuvraj Singh,V Kohli,Karim Sadiq,1,0,"",""
ball,1,9.1,India,Yuvraj Singh,V Kohli,Mohammad Nabi,1,0,"",""
ball,1,9.2,India,V Kohli,Yuvraj Singh,Mohammad Nabi,1,0,"",""
ball,1,9.3,India,Yuvraj Singh,V Kohli,Mohammad Nabi,0,0,"",""
ball,1,9.4,India,Yuvraj Singh,V Kohli,Mohammad Nabi,0,1,"",""
ball,1,9.5,India,Yuvraj Singh,V Kohli,Mohammad Nabi,0,1,"",""
ball,1,9.6,India,Yuvraj Singh,V Kohli,Mohammad Nabi,1,0,"",""
ball,1,9.7,India,V Kohli,Yuvraj Singh,Mohammad Nabi,1,0,"",""
ball,1,9.8,India,Yuvraj Singh,V Kohli,Mohammad Nabi,0,1,"",""
ball,1,9.9,India,Yuvraj Singh,V Kohli,Mohammad Nabi,0,1,"",""
ball,1,10.1,India,Yuvraj Singh,V Kohli,Karim Sadiq,0,0,caught,Yuvraj Singh
ball,1,10.2,India,SK Raina,V Kohli,Karim Sadiq,1,0,"",""
ball,1,10.3,India,V Kohli,SK Raina,Karim Sadiq,1,0,"",""
ball,1,10.4,India,SK Raina,V Kohli,Karim Sadiq,0,0,"",""
ball,1,10.5,India,SK Raina,V Kohli,Karim Sadiq,1,0,"",""
ball,1,10.6,India,V Kohli,SK Raina,Karim Sadiq,1,0,"",""
ball,1,11.1,India,V Kohli,SK Raina,Mohammad Nabi,1,0,"",""
ball,1,11.2,India,SK Raina,V Kohli,Mohammad Nabi,0,0,"",""
ball,1,11.3,India,SK Raina,V Kohli,Mohammad Nabi,0,0,"",""
ball,1,11.4,India,SK Raina,V Kohli,Mohammad Nabi,1,0,"",""
ball,1,11.5,India,V Kohli,SK Raina,Mohammad Nabi,1,0,"",""
ball,1,11.6,India,SK Raina,V Kohli,Mohammad Nabi,0,0,"",""
ball,1,12.1,India,V Kohli,SK Raina,Karim Sadiq,4,0,"",""
ball,1,12.2,India,V Kohli,SK Raina,Karim Sadiq,0,0,"",""
ball,1,12.3,India,V Kohli,SK Raina,Karim Sadiq,6,0,"",""
ball,1,12.4,India,V Kohli,SK Raina,Karim Sadiq,1,0,"",""
ball,1,12.5,India,SK Raina,V Kohli,Karim Sadiq,1,0,"",""
ball,1,12.6,India,V Kohli,SK Raina,Karim Sadiq,1,0,"",""
ball,1,13.1,India,V Kohli,SK Raina,Shapoor Zadran,0,0,"",""
ball,1,13.2,India,V Kohli,SK Raina,Shapoor Zadran,4,0,"",""
ball,1,13.3,India,V Kohli,SK Raina,Shapoor Zadran,1,0,"",""
ball,1,13.4,India,SK Raina,V Kohli,Shapoor Zadran,4,0,"",""
ball,1,13.5,India,SK Raina,V Kohli,Shapoor Zadran,4,0,"",""
ball,1,13.6,India,SK Raina,V Kohli,Shapoor Zadran,1,0,"",""
ball,1,14.1,India,SK Raina,V Kohli,Samiullah Shenwari,4,0,"",""
ball,1,14.2,India,SK Raina,V Kohli,Samiullah Shenwari,1,0,"",""
ball,1,14.3,India,V Kohli,SK Raina,Samiullah Shenwari,1,0,"",""
ball,1,14.4,India,SK Raina,V Kohli,Samiullah Shenwari,1,0,"",""
ball,1,14.5,India,V Kohli,SK Raina,Samiullah Shenwari,1,0,"",""
ball,1,14.6,India,SK Raina,V Kohli,Samiullah Shenwari,1,0,"",""
ball,1,15.1,India,SK Raina,V Kohli,Dawlat Zadran,0,0,"",""
ball,1,15.2,India,SK Raina,V Kohli,Dawlat Zadran,1,0,"",""
ball,1,15.3,India,V Kohli,SK Raina,Dawlat Zadran,2,0,"",""
ball,1,15.4,India,V Kohli,SK Raina,Dawlat Zadran,0,0,caught,V Kohli
ball,1,15.5,India,SK Raina,MS Dhoni,Dawlat Zadran,0,0,"",""
ball,1,15.6,India,SK Raina,MS Dhoni,Dawlat Zadran,1,0,"",""
ball,1,16.1,India,SK Raina,MS Dhoni,Samiullah Shenwari,1,0,"",""
ball,1,16.2,India,MS Dhoni,SK Raina,Samiullah Shenwari,1,0,"",""
ball,1,16.3,India,SK Raina,MS Dhoni,Samiullah Shenwari,4,0,"",""
ball,1,16.4,India,SK Raina,MS Dhoni,Samiullah Shenwari,0,0,"",""
ball,1,16.5,India,SK Raina,MS Dhoni,Samiullah Shenwari,0,0,"",""
ball,1,16.6,India,SK Raina,MS Dhoni,Samiullah Shenwari,1,0,"",""
ball,1,17.1,India,SK Raina,MS Dhoni,Mohammad Nabi,0,0,"",""
ball,1,17.2,India,SK Raina,MS Dhoni,Mohammad Nabi,4,0,"",""
ball,1,17.3,India,SK Raina,MS Dhoni,Mohammad Nabi,0,2,"",""
ball,1,17.4,India,MS Dhoni,SK Raina,Mohammad Nabi,1,0,"",""
ball,1,17.5,India,SK Raina,MS Dhoni,Mohammad Nabi,0,0,"",""
ball,1,17.6,India,SK Raina,MS Dhoni,Mohammad Nabi,1,0,"",""
ball,1,17.7,India,MS Dhoni,SK Raina,Mohammad Nabi,1,0,"",""
ball,1,18.1,India,MS Dhoni,SK Raina,Dawlat Zadran,1,0,"",""
ball,1,18.2,India,SK Raina,MS Dhoni,Dawlat Zadran,0,1,"",""
ball,1,18.3,India,SK Raina,MS Dhoni,Dawlat Zadran,0,0,"",""
ball,1,18.4,India,SK Raina,MS Dhoni,Dawlat Zadran,0,5,"",""
ball,1,18.5,India,SK Raina,MS Dhoni,Dawlat Zadran,0,0,"",""
ball,1,18.6,India,SK Raina,MS Dhoni,Dawlat Zadran,1,0,"",""
ball,1,18.7,India,MS Dhoni,SK Raina,Dawlat Zadran,4,0,"",""
ball,1,18.8,India,MS Dhoni,SK Raina,Dawlat Zadran,0,0,"",""
ball,1,19.1,India,SK Raina,MS Dhoni,Mohammad Nabi,4,0,"",""
ball,1,19.2,India,SK Raina,MS Dhoni,Mohammad Nabi,0,1,"",""
ball,1,19.3,India,SK Raina,MS Dhoni,Mohammad Nabi,0,0,bowled,SK Raina
ball,1,19.4,India,RG Sharma,MS Dhoni,Mohammad Nabi,1,0,"",""
ball,1,19.5,India,MS Dhoni,RG Sharma,Mohammad Nabi,0,0,"",""
ball,1,19.6,India,MS Dhoni,RG Sharma,Mohammad Nabi,4,0,"",""
ball,1,19.7,India,MS Dhoni,RG Sharma,Mohammad Nabi,6,0,"",""
ball,2,0.1,Afghanistan,Mohammad Shahzad,Nawroz Mangal,Z Khan,2,0,"",""
ball,2,0.2,Afghanistan,Mohammad Shahzad,Nawroz Mangal,Z Khan,0,0,"",""
ball,2,0.3,Afghanistan,Mohammad Shahzad,Nawroz Mangal,Z Khan,0,0,"",""
ball,2,0.4,Afghanistan,Mohammad Shahzad,Nawroz Mangal,Z Khan,0,0,"",""
ball,2,0.5,Afghanistan,Mohammad Shahzad,Nawroz Mangal,Z Khan,0,1,"",""
ball,2,0.6,Afghanistan,Nawroz Mangal,Mohammad Shahzad,Z Khan,1,0,"",""
ball,2,1.1,Afghanistan,Nawroz Mangal,Mohammad Shahzad,IK Pathan,0,0,"",""
ball,2,1.2,Afghanistan,Nawroz Mangal,Mohammad Shahzad,IK Pathan,1,0,"",""
ball,2,1.3,Afghanistan,Mohammad Shahzad,Nawroz Mangal,IK Pathan,4,0,"",""
ball,2,1.4,Afghanistan,Mohammad Shahzad,Nawroz Mangal,IK Pathan,2,0,"",""
ball,2,1.5,Afghanistan,Mohammad Shahzad,Nawroz Mangal,IK Pathan,0,0,"",""
ball,2,1.6,Afghanistan,Mohammad Shahzad,Nawroz Mangal,IK Pathan,0,0,"",""
ball,2,2.1,Afghanistan,Nawroz Mangal,Mohammad Shahzad,Z Khan,1,0,"",""
ball,2,2.2,Afghanistan,Mohammad Shahzad,Nawroz Mangal,Z Khan,0,0,"",""
ball,2,2.3,Afghanistan,Mohammad Shahzad,Nawroz Mangal,Z Khan,1,0,"",""
ball,2,2.4,Afghanistan,Nawroz Mangal,Mohammad Shahzad,Z Khan,3,0,"",""
ball,2,2.5,Afghanistan,Mohammad Shahzad,Nawroz Mangal,Z Khan,4,0,"",""
ball,2,2.6,Afghanistan,Mohammad Shahzad,Nawroz Mangal,Z Khan,4,0,"",""
ball,2,3.1,Afghanistan,Nawroz Mangal,Mohammad Shahzad,L Balaji,0,0,"",""
ball,2,3.2,Afghanistan,Nawroz Mangal,Mohammad Shahzad,L Balaji,1,0,"",""
ball,2,3.3,Afghanistan,Mohammad Shahzad,Nawroz Mangal,L Balaji,0,0,"",""
ball,2,3.4,Afghanistan,Mohammad Shahzad,Nawroz Mangal,L Balaji,1,0,"",""
ball,2,3.5,Afghanistan,Mohammad Shahzad,Nawroz Mangal,L Balaji,0,0,caught,Mohammad Shahzad
ball,2,3.6,Afghanistan,Nawroz Mangal,Karim Sadiq,L Balaji,0,0,"",""
ball,2,4.1,Afghanistan,Karim Sadiq,Nawroz Mangal,IK Pathan,1,0,"",""
ball,2,4.2,Afghanistan,Nawroz Mangal,Karim Sadiq,IK Pathan,0,0,"",""
ball,2,4.3,Afghanistan,Nawroz Mangal,Karim Sadiq,IK Pathan,0,0,"",""
ball,2,4.4,Afghanistan,Nawroz Mangal,Karim Sadiq,IK Pathan,4,0,"",""
ball,2,4.5,Afghanistan,Nawroz Mangal,Karim Sadiq,IK Pathan,0,0,"",""
ball,2,4.6,Afghanistan,Nawroz Mangal,Karim Sadiq,IK Pathan,1,0,"",""
ball,2,5.1,Afghanistan,Nawroz Mangal,Karim Sadiq,L Balaji,1,0,"",""
ball,2,5.2,Afghanistan,Karim Sadiq,Nawroz Mangal,L Balaji,0,0,"",""
ball,2,5.3,Afghanistan,Karim Sadiq,Nawroz Mangal,L Balaji,0,0,"",""
ball,2,5.4,Afghanistan,Karim Sadiq,Nawroz Mangal,L Balaji,1,0,"",""
ball,2,5.5,Afghanistan,Nawroz Mangal,Karim Sadiq,L Balaji,2,0,"",""
ball,2,5.6,Afghanistan,Nawroz Mangal,Karim Sadiq,L Balaji,6,0,"",""
ball,2,6.1,Afghanistan,Karim Sadiq,Nawroz Mangal,RG Sharma,2,0,"",""
ball,2,6.2,Afghanistan,Karim Sadiq,Nawroz Mangal,RG Sharma,1,0,"",""
ball,2,6.3,Afghanistan,Nawroz Mangal,Karim Sadiq,RG Sharma,1,0,"",""
ball,2,6.4,Afghanistan,Karim Sadiq,Nawroz Mangal,RG Sharma,4,0,"",""
ball,2,6.5,Afghanistan,Karim Sadiq,Nawroz Mangal,RG Sharma,2,0,"",""
ball,2,6.6,Afghanistan,Karim Sadiq,Nawroz Mangal,RG Sharma,0,0,"",""
ball,2,7.1,Afghanistan,Nawroz Mangal,Karim Sadiq,Yuvraj Singh,0,0,lbw,Nawroz Mangal
ball,2,7.2,Afghanistan,Asghar Stanikzai,Karim Sadiq,Yuvraj Singh,1,0,"",""
ball,2,7.3,Afghanistan,Karim Sadiq,Asghar Stanikzai,Yuvraj Singh,0,0,"",""
ball,2,7.4,Afghanistan,Karim Sadiq,Asghar Stanikzai,Yuvraj Singh,0,0,"",""
ball,2,7.5,Afghanistan,Karim Sadiq,Asghar Stanikzai,Yuvraj Singh,0,0,"",""
ball,2,7.6,Afghanistan,Karim Sadiq,Asghar Stanikzai,Yuvraj Singh,1,0,"",""
ball,2,8.1,Afghanistan,Karim Sadiq,Asghar Stanikzai,R Ashwin,2,0,"",""
ball,2,8.2,Afghanistan,Karim Sadiq,Asghar Stanikzai,R Ashwin,4,0,"",""
ball,2,8.3,Afghanistan,Karim Sadiq,Asghar Stanikzai,R Ashwin,0,0,"",""
ball,2,8.4,Afghanistan,Karim Sadiq,Asghar Stanikzai,R Ashwin,0,1,"",""
ball,2,8.5,Afghanistan,Karim Sadiq,Asghar Stanikzai,R Ashwin,0,0,"",""
ball,2,8.6,Afghanistan,Karim Sadiq,Asghar Stanikzai,R Ashwin,1,0,"",""
ball,2,8.7,Afghanistan,Asghar Stanikzai,Karim Sadiq,R Ashwin,0,0,"",""
ball,2,9.1,Afghanistan,Karim Sadiq,Asghar Stanikzai,Yuvraj Singh,0,0,"",""
ball,2,9.2,Afghanistan,Karim Sadiq,Asghar Stanikzai,Yuvraj Singh,4,0,"",""
ball,2,9.3,Afghanistan,Karim Sadiq,Asghar Stanikzai,Yuvraj Singh,0,0,"",""
ball,2,9.4,Afghanistan,Karim Sadiq,Asghar Stanikzai,Yuvraj Singh,1,0,"",""
ball,2,9.5,Afghanistan,Asghar Stanikzai,Karim Sadiq,Yuvraj Singh,2,0,"",""
ball,2,9.6,Afghanistan,Asghar Stanikzai,Karim Sadiq,Yuvraj Singh,0,0,"",""
ball,2,10.1,Afghanistan,Karim Sadiq,Asghar Stanikzai,R Ashwin,0,0,"",""
ball,2,10.2,Afghanistan,Karim Sadiq,Asghar Stanikzai,R Ashwin,0,1,"",""
ball,2,10.3,Afghanistan,Karim Sadiq,Asghar Stanikzai,R Ashwin,1,0,"",""
ball,2,10.4,Afghanistan,Asghar Stanikzai,Karim Sadiq,R Ashwin,1,0,"",""
ball,2,10.5,Afghanistan,Karim Sadiq,Asghar Stanikzai,R Ashwin,1,0,"",""
ball,2,10.6,Afghanistan,Asghar Stanikzai,Karim Sadiq,R Ashwin,0,0,"",""
ball,2,10.7,Afghanistan,Asghar Stanikzai,Karim Sadiq,R Ashwin,1,0,"",""
ball,2,11.1,Afghanistan,Asghar Stanikzai,Karim Sadiq,Yuvraj Singh,1,0,"",""
ball,2,11.2,Afghanistan,Karim Sadiq,Asghar Stanikzai,Yuvraj Singh,0,0,caught,Karim Sadiq
ball,2,11.3,Afghanistan,Asghar Stanikzai,Mohammad Nabi,Yuvraj Singh,0,0,caught,Asghar Stanikzai
ball,2,11.4,Afghanistan,Samiullah Shenwari,Mohammad Nabi,Yuvraj Singh,1,0,"",""
ball,2,11.5,Afghanistan,Mohammad Nabi,Samiullah Shenwari,Yuvraj Singh,0,0,"",""
ball,2,11.6,Afghanistan,Mohammad Nabi,Samiullah Shenwari,Yuvraj Singh,0,0,"",""
ball,2,12.1,Afghanistan,Samiullah Shenwari,Mohammad Nabi,R Ashwin,0,0,caught and bowled,Samiullah Shenwari
ball,2,12.2,Afghanistan,Shafiqullah,Mohammad Nabi,R Ashwin,1,0,"",""
ball,2,12.3,Afghanistan,Mohammad Nabi,Shafiqullah,R Ashwin,1,0,"",""
ball,2,12.4,Afghanistan,Shafiqullah,Mohammad Nabi,R Ashwin,0,0,"",""
ball,2,12.5,Afghanistan,Shafiqullah,Mohammad Nabi,R Ashwin,1,0,"",""
ball,2,12.6,Afghanistan,Mohammad Nabi,Shafiqullah,R Ashwin,1,0,"",""
ball,2,13.1,Afghanistan,Mohammad Nabi,Shafiqullah,Yuvraj Singh,6,0,"",""
ball,2,13.2,Afghanistan,Mohammad Nabi,Shafiqullah,Yuvraj Singh,1,0,"",""
ball,2,13.3,Afghanistan,Shafiqullah,Mohammad Nabi,Yuvraj Singh,0,0,"",""
ball,2,13.4,Afghanistan,Shafiqullah,Mohammad Nabi,Yuvraj Singh,0,0,"",""
ball,2,13.5,Afghanistan,Shafiqullah,Mohammad Nabi,Yuvraj Singh,6,0,"",""
ball,2,13.6,Afghanistan,Shafiqullah,Mohammad Nabi,Yuvraj Singh,0,0,"",""
ball,2,14.1,Afghanistan,Mohammad Nabi,Shafiqullah,IK Pathan,1,0,"",""
ball,2,14.2,Afghanistan,Shafiqullah,Mohammad Nabi,IK Pathan,0,1,"",""
ball,2,14.3,Afghanistan,Mohammad Nabi,Shafiqullah,IK Pathan,4,0,"",""
ball,2,14.4,Afghanistan,Mohammad Nabi,Shafiqullah,IK Pathan,0,0,"",""
ball,2,14.5,Afghanistan,Mohammad Nabi,Shafiqullah,IK Pathan,1,0,"",""
ball,2,14.6,Afghanistan,Shafiqullah,Mohammad Nabi,IK Pathan,0,0,lbw,Shafiqullah
ball,2,15.1,Afghanistan,Mohammad Nabi,Gulbadin Naib,Z Khan,6,0,"",""
ball,2,15.2,Afghanistan,Mohammad Nabi,Gulbadin Naib,Z Khan,2,0,"",""
ball,2,15.3,Afghanistan,Mohammad Nabi,Gulbadin Naib,Z Khan,2,0,"",""
ball,2,15.4,Afghanistan,Mohammad Nabi,Gulbadin Naib,Z Khan,4,0,"",""
ball,2,15.5,Afghanistan,Mohammad Nabi,Gulbadin Naib,Z Khan,1,0,"",""
ball,2,15.6,Afghanistan,Gulbadin Naib,Mohammad Nabi,Z Khan,1,0,"",""
ball,2,16.1,Afghanistan,Gulbadin Naib,Mohammad Nabi,R Ashwin,1,0,"",""
ball,2,16.2,Afghanistan,Mohammad Nabi,Gulbadin Naib,R Ashwin,1,0,"",""
ball,2,16.3,Afghanistan,Gulbadin Naib,Mohammad Nabi,R Ashwin,0,0,"",""
ball,2,16.4,Afghanistan,Gulbadin Naib,Mohammad Nabi,R Ashwin,1,0,"",""
ball,2,16.5,Afghanistan,Mohammad Nabi,Gulbadin Naib,R Ashwin,0,0,caught,Mohammad Nabi
ball,2,16.6,Afghanistan,Gulbadin Naib,Najibullah Zadran,R Ashwin,0,0,"",""
ball,2,17.1,Afghanistan,Najibullah Zadran,Gulbadin Naib,L Balaji,0,1,"",""
ball,2,17.2,Afghanistan,Najibullah Zadran,Gulbadin Naib,L Balaji,4,0,"",""
ball,2,17.3,Afghanistan,Najibullah Zadran,Gulbadin Naib,L Balaji,1,0,"",""
ball,2,17.4,Afghanistan,Gulbadin Naib,Najibullah Zadran,L Balaji,0,0,"",""
ball,2,17.5,Afghanistan,Gulbadin Naib,Najibullah Zadran,L Balaji,0,0,run out,Najibullah Zadran
ball,2,17.6,Afghanistan,Gulbadin Naib,Dawlat Zadran,L Balaji,1,0,"",""
ball,2,17.7,Afghanistan,Dawlat Zadran,Gulbadin Naib,L Balaji,0,0,"",""
ball,2,18.1,Afghanistan,Gulbadin Naib,Dawlat Zadran,IK Pathan,0,0,"",""
ball,2,18.2,Afghanistan,Gulbadin Naib,Dawlat Zadran,IK Pathan,0,1,"",""
ball,2,18.3,Afghanistan,Gulbadin Naib,Dawlat Zadran,IK Pathan,0,0,"",""
ball,2,18.4,Afghanistan,Gulbadin Naib,Dawlat Zadran,IK Pathan,1,0,"",""
ball,2,18.5,Afghanistan,Dawlat Zadran,Gulbadin Naib,IK Pathan,0,0,"",""
ball,2,18.6,Afghanistan,Dawlat Zadran,Gulbadin Naib,IK Pathan,4,0,"",""
ball,2,18.7,Afghanistan,Dawlat Zadran,Gulbadin Naib,IK Pathan,4,0,"",""
ball,2,19.1,Afghanistan,Gulbadin Naib,Dawlat Zadran,L Balaji,0,0,"",""
ball,2,19.2,Afghanistan,Gulbadin Naib,Dawlat Zadran,L Balaji,0,0,caught,Gulbadin Naib
ball,2,19.3,Afghanistan,Dawlat Zadran,Shapoor Zadran,L Balaji,0,0,bowled,Dawlat Zadran
