version,1.3.0
info,team,South Africa
info,team,Zimbabwe
info,gender,male
info,season,2012/13
info,date,2012/09/20
info,competition,ICC World Twenty20
info,match_number,4
info,venue,"Mahinda Rajapaksa International Cricket Stadium, Sooriyawewa"
info,city,Hambantota
info,neutralvenue,true
info,toss_winner,South Africa
info,toss_decision,field
info,player_of_match,JH Kallis
info,umpire,SJ Davis
info,umpire,RA Kettleborough
info,reserve_umpire,RJ Tucker
info,tv_umpire,IJ Gould
info,match_referee,JJ Crowe
info,winner,South Africa
info,winner_wickets,10
ball,1,0.1,Zimbabwe,H Masakadza,V Sibanda,DW Steyn,0,0,"",""
ball,1,0.2,Zimbabwe,H Masakadza,V Sibanda,DW Steyn,0,0,"",""
ball,1,0.3,Zimbabwe,H Masakadza,V Sibanda,DW Steyn,0,0,"",""
ball,1,0.4,Zimbabwe,H Masakadza,V Sibanda,DW Steyn,0,0,"",""
ball,1,0.5,Zimbabwe,H Masakadza,V Sibanda,DW Steyn,1,0,"",""
ball,1,0.6,Zimbabwe,V Sibanda,H Masakadza,DW Steyn,0,0,"",""
ball,1,1.1,Zimbabwe,H Masakadza,V Sibanda,M Morkel,0,0,"",""
ball,1,1.2,Zimbabwe,H Masakadza,V Sibanda,M Morkel,1,0,"",""
ball,1,1.3,Zimbabwe,V Sibanda,H Masakadza,M Morkel,0,0,"",""
ball,1,1.4,Zimbabwe,V Sibanda,H Masakadza,M Morkel,0,0,bowled,V Sibanda
ball,1,1.5,Zimbabwe,BRM Taylor,H Masakadza,M Morkel,1,0,"",""
ball,1,1.6,Zimbabwe,H Masakadza,BRM Taylor,M Morkel,0,0,"",""
ball,1,2.1,Zimbabwe,BRM Taylor,H Masakadza,DW Steyn,1,0,"",""
ball,1,2.2,Zimbabwe,H Masakadza,BRM Taylor,DW Steyn,0,0,"",""
ball,1,2.3,Zimbabwe,H Masakadza,BRM Taylor,DW Steyn,0,0,"",""
ball,1,2.4,Zimbabwe,H Masakadza,BRM Taylor,DW Steyn,0,0,"",""
ball,1,2.5,Zimbabwe,H Masakadza,BRM Taylor,DW Steyn,0,0,"",""
ball,1,2.6,Zimbabwe,H Masakadza,BRM Taylor,DW Steyn,0,0,"",""
ball,1,3.1,Zimbabwe,BRM Taylor,H Masakadza,M Morkel,2,0,"",""
ball,1,3.2,Zimbabwe,BRM Taylor,H Masakadza,M Morkel,0,0,caught,BRM Taylor
ball,1,3.3,Zimbabwe,CR Ervine,H Masakadza,M Morkel,0,0,"",""
ball,1,3.4,Zimbabwe,CR Ervine,H Masakadza,M Morkel,1,0,"",""
ball,1,3.5,Zimbabwe,H Masakadza,CR Ervine,M Morkel,4,0,"",""
ball,1,3.6,Zimbabwe,H Masakadza,CR Ervine,M Morkel,0,0,"",""
ball,1,4.1,Zimbabwe,CR Ervine,H Masakadza,JA Morkel,4,0,"",""
ball,1,4.2,Zimbabwe,CR Ervine,H Masakadza,JA Morkel,1,0,"",""
ball,1,4.3,Zimbabwe,H Masakadza,CR Ervine,JA Morkel,0,0,"",""
ball,1,4.4,Zimbabwe,H Masakadza,CR Ervine,JA Morkel,0,0,caught,H Masakadza
ball,1,4.5,Zimbabwe,CR Ervine,S Matsikenyeri,JA Morkel,1,0,"",""
ball,1,4.6,Zimbabwe,S Matsikenyeri,CR Ervine,JA Morkel,0,0,"",""
ball,1,5.1,Zimbabwe,CR Ervine,S Matsikenyeri,M Morkel,0,0,"",""
ball,1,5.2,Zimbabwe,CR Ervine,S Matsikenyeri,M Morkel,0,1,"",""
ball,1,5.3,Zimbabwe,S Matsikenyeri,CR Ervine,M Morkel,0,0,"",""
ball,1,5.4,Zimbabwe,S Matsikenyeri,CR Ervine,M Morkel,1,0,"",""
ball,1,5.5,Zimbabwe,CR Ervine,S Matsikenyeri,M Morkel,1,0,"",""
ball,1,5.6,Zimbabwe,S Matsikenyeri,CR Ervine,M Morkel,1,0,"",""
ball,1,6.1,Zimbabwe,S Matsikenyeri,CR Ervine,J Botha,0,0,"",""
ball,1,6.2,Zimbabwe,S Matsikenyeri,CR Ervine,J Botha,1,0,"",""
ball,1,6.3,Zimbabwe,CR Ervine,S Matsikenyeri,J Botha,0,0,"",""
ball,1,6.4,Zimbabwe,CR Ervine,S Matsikenyeri,J Botha,2,0,"",""
ball,1,6.5,Zimbabwe,CR Ervine,S Matsikenyeri,J Botha,1,0,"",""
ball,1,6.6,Zimbabwe,S Matsikenyeri,CR Ervine,J Botha,1,0,"",""
ball,1,7.1,Zimbabwe,S Matsikenyeri,CR Ervine,RJ Peterson,1,0,"",""
ball,1,7.2,Zimbabwe,CR Ervine,S Matsikenyeri,RJ Peterson,0,0,"",""
ball,1,7.3,Zimbabwe,CR Ervine,S Matsikenyeri,RJ Peterson,4,0,"",""
ball,1,7.4,Zimbabwe,CR Ervine,S Matsikenyeri,RJ Peterson,1,0,"",""
ball,1,7.5,Zimbabwe,S Matsikenyeri,CR Ervine,RJ Peterson,2,0,"",""
ball,1,7.6,Zimbabwe,S Matsikenyeri,CR Ervine,RJ Peterson,0,0,"",""
ball,1,8.1,Zimbabwe,CR Ervine,S Matsikenyeri,J Botha,4,0,"",""
ball,1,8.2,Zimbabwe,CR Ervine,S Matsikenyeri,J Botha,1,0,"",""
ball,1,8.3,Zimbabwe,S Matsikenyeri,CR Ervine,J Botha,0,1,"",""
ball,1,8.4,Zimbabwe,CR Ervine,S Matsikenyeri,J Botha,0,0,"",""
ball,1,8.5,Zimbabwe,CR Ervine,S Matsikenyeri,J Botha,0,1,"",""
ball,1,8.6,Zimbabwe,S Matsikenyeri,CR Ervine,J Botha,2,0,"",""
ball,1,9.1,Zimbabwe,CR Ervine,S Matsikenyeri,JA Morkel,0,0,"",""
ball,1,9.2,Zimbabwe,CR Ervine,S Matsikenyeri,JA Morkel,1,0,"",""
ball,1,9.3,Zimbabwe,S Matsikenyeri,CR Ervine,JA Morkel,1,0,"",""
ball,1,9.4,Zimbabwe,CR Ervine,S Matsikenyeri,JA Morkel,0,1,"",""
ball,1,9.5,Zimbabwe,CR Ervine,S Matsikenyeri,JA Morkel,0,1,"",""
ball,1,9.6,Zimbabwe,CR Ervine,S Matsikenyeri,JA Morkel,2,0,"",""
ball,1,9.7,Zimbabwe,CR Ervine,S Matsikenyeri,JA Morkel,1,0,"",""
ball,1,9.8,Zimbabwe,S Matsikenyeri,CR Ervine,JA Morkel,1,0,"",""
ball,1,10.1,Zimbabwe,S Matsikenyeri,CR Ervine,JH Kallis,0,0,"",""
ball,1,10.2,Zimbabwe,S Matsikenyeri,CR Ervine,JH Kallis,0,0,"",""
ball,1,10.3,Zimbabwe,S Matsikenyeri,CR Ervine,JH Kallis,0,0,"",""
ball,1,10.4,Zimbabwe,S Matsikenyeri,CR Ervine,JH Kallis,0,0,caught,S Matsikenyeri
ball,1,10.5,Zimbabwe,E Chigumbura,CR Ervine,JH Kallis,0,0,lbw,E Chigumbura
ball,1,10.6,Zimbabwe,AG Cremer,CR Ervine,JH Kallis,0,0,"",""
ball,1,11.1,Zimbabwe,CR Ervine,AG Cremer,JA Morkel,1,0,"",""
ball,1,11.2,Zimbabwe,AG Cremer,CR Ervine,JA Morkel,2,0,"",""
ball,1,11.3,Zimbabwe,AG Cremer,CR Ervine,JA Morkel,0,0,"",""
ball,1,11.4,Zimbabwe,AG Cremer,CR Ervine,JA Morkel,1,0,"",""
ball,1,11.5,Zimbabwe,CR Ervine,AG Cremer,JA Morkel,0,0,"",""
ball,1,11.6,Zimbabwe,CR Ervine,AG Cremer,JA Morkel,2,0,"",""
ball,1,12.1,Zimbabwe,AG Cremer,CR Ervine,DW Steyn,0,0,"",""
ball,1,12.2,Zimbabwe,AG Cremer,CR Ervine,DW Steyn,0,0,"",""
ball,1,12.3,Zimbabwe,AG Cremer,CR Ervine,DW Steyn,1,0,"",""
ball,1,12.4,Zimbabwe,CR Ervine,AG Cremer,DW Steyn,0,0,"",""
ball,1,12.5,Zimbabwe,CR Ervine,AG Cremer,DW Steyn,0,0,"",""
ball,1,12.6,Zimbabwe,CR Ervine,AG Cremer,DW Steyn,0,0,"",""
ball,1,13.1,Zimbabwe,AG Cremer,CR Ervine,JH Kallis,0,0,"",""
ball,1,13.2,Zimbabwe,AG Cremer,CR Ervine,JH Kallis,2,0,"",""
ball,1,13.3,Zimbabwe,AG Cremer,CR Ervine,JH Kallis,0,0,"",""
ball,1,13.4,Zimbabwe,AG Cremer,CR Ervine,JH Kallis,0,0,caught,AG Cremer
ball,1,13.5,Zimbabwe,P Utseya,CR Ervine,JH Kallis,1,0,"",""
ball,1,13.6,Zimbabwe,CR Ervine,P Utseya,JH Kallis,0,0,"",""
ball,1,14.1,Zimbabwe,P Utseya,CR Ervine,M Morkel,0,1,"",""
ball,1,14.2,Zimbabwe,P Utseya,CR Ervine,M Morkel,0,0,"",""
ball,1,14.3,Zimbabwe,P Utseya,CR Ervine,M Morkel,1,0,"",""
ball,1,14.4,Zimbabwe,CR Ervine,P Utseya,M Morkel,0,0,"",""
ball,1,14.5,Zimbabwe,CR Ervine,P Utseya,M Morkel,0,0,"",""
ball,1,14.6,Zimbabwe,CR Ervine,P Utseya,M Morkel,0,1,"",""
ball,1,14.7,Zimbabwe,CR Ervine,P Utseya,M Morkel,0,0,"",""
ball,1,14.8,Zimbabwe,CR Ervine,P Utseya,M Morkel,1,0,"",""
ball,1,15.1,Zimbabwe,CR Ervine,P Utseya,J Botha,1,0,"",""
ball,1,15.2,Zimbabwe,P Utseya,CR Ervine,J Botha,0,0,"",""
ball,1,15.3,Zimbabwe,P Utseya,CR Ervine,J Botha,1,0,"",""
ball,1,15.4,Zimbabwe,CR Ervine,P Utseya,J Botha,1,0,"",""
ball,1,15.5,Zimbabwe,P Utseya,CR Ervine,J Botha,0,0,"",""
ball,1,15.6,Zimbabwe,P Utseya,CR Ervine,J Botha,1,0,"",""
ball,1,16.1,Zimbabwe,P Utseya,CR Ervine,DW Steyn,1,0,"",""
ball,1,16.2,Zimbabwe,CR Ervine,P Utseya,DW Steyn,0,0,"",""
ball,1,16.3,Zimbabwe,CR Ervine,P Utseya,DW Steyn,4,0,"",""
ball,1,16.4,Zimbabwe,CR Ervine,P Utseya,DW Steyn,1,0,"",""
ball,1,16.5,Zimbabwe,P Utseya,CR Ervine,DW Steyn,0,0,caught,P Utseya
ball,1,16.6,Zimbabwe,RW Price,CR Ervine,DW Steyn,0,0,"",""
ball,1,17.1,Zimbabwe,CR Ervine,RW Price,JH Kallis,1,0,"",""
ball,1,17.2,Zimbabwe,RW Price,CR Ervine,JH Kallis,0,0,"",""
ball,1,17.3,Zimbabwe,RW Price,CR Ervine,JH Kallis,1,0,"",""
ball,1,17.4,Zimbabwe,CR Ervine,RW Price,JH Kallis,0,0,caught,CR Ervine
ball,1,17.5,Zimbabwe,KM Jarvis,RW Price,JH Kallis,2,0,"",""
ball,1,17.6,Zimbabwe,KM Jarvis,RW Price,JH Kallis,1,0,"",""
ball,1,18.1,Zimbabwe,KM Jarvis,RW Price,JA Morkel,0,0,"",""
ball,1,18.2,Zimbabwe,KM Jarvis,RW Price,JA Morkel,0,1,"",""
ball,1,18.3,Zimbabwe,KM Jarvis,RW Price,JA Morkel,0,0,"",""
ball,1,18.4,Zimbabwe,KM Jarvis,RW Price,JA Morkel,2,0,"",""
ball,1,18.5,Zimbabwe,KM Jarvis,RW Price,JA Morkel,1,0,"",""
ball,1,18.6,Zimbabwe,RW Price,KM Jarvis,JA Morkel,2,0,"",""
ball,1,18.7,Zimbabwe,RW Price,KM Jarvis,JA Morkel,0,0,"",""
ball,1,19.1,Zimbabwe,KM Jarvis,RW Price,JH Kallis,0,0,"",""
ball,1,19.2,Zimbabwe,KM Jarvis,RW Price,JH Kallis,2,0,"",""
ball,1,19.3,Zimbabwe,KM Jarvis,RW Price,JH Kallis,0,0,"",""
ball,1,19.4,Zimbabwe,KM Jarvis,RW Price,JH Kallis,0,0,"",""
ball,1,19.5,Zimbabwe,KM Jarvis,RW Price,JH Kallis,1,0,"",""
ball,1,19.6,Zimbabwe,RW Price,KM Jarvis,JH Kallis,4,0,"",""
ball,2,0.1,South Africa,RE Levi,HM Amla,KM Jarvis,0,0,"",""
ball,2,0.2,South Africa,RE Levi,HM Amla,KM Jarvis,0,4,"",""
ball,2,0.3,South Africa,RE Levi,HM Amla,KM Jarvis,1,0,"",""
ball,2,0.4,South Africa,HM Amla,RE Levi,KM Jarvis,0,0,"",""
ball,2,0.5,South Africa,HM Amla,RE Levi,KM Jarvis,0,1,"",""
ball,2,0.6,South Africa,HM Amla,RE Levi,KM Jarvis,4,0,"",""
ball,2,0.7,South Africa,HM Amla,RE Levi,KM Jarvis,0,1,"",""
ball,2,0.8,South Africa,HM Amla,RE Levi,KM Jarvis,4,0,"",""
ball,2,1.1,South Africa,RE Levi,HM Amla,BV Vitori,0,0,"",""
ball,2,1.2,South Africa,RE Levi,HM Amla,BV Vitori,2,0,"",""
ball,2,1.3,South Africa,RE Levi,HM Amla,BV Vitori,1,0,"",""
ball,2,1.4,South Africa,HM Amla,RE Levi,BV Vitori,1,0,"",""
ball,2,1.5,South Africa,RE Levi,HM Amla,BV Vitori,4,0,"",""
ball,2,1.6,South Africa,RE Levi,HM Amla,BV Vitori,0,1,"",""
ball,2,1.7,South Africa,RE Levi,HM Amla,BV Vitori,0,0,"",""
ball,2,2.1,South Africa,HM Amla,RE Levi,RW Price,1,0,"",""
ball,2,2.2,South Africa,RE Levi,HM Amla,RW Price,0,0,"",""
ball,2,2.3,South Africa,RE Levi,HM Amla,RW Price,1,0,"",""
ball,2,2.4,South Africa,HM Amla,RE Levi,RW Price,1,0,"",""
ball,2,2.5,South Africa,RE Levi,HM Amla,RW Price,1,0,"",""
ball,2,2.6,South Africa,HM Amla,RE Levi,RW Price,0,3,"",""
ball,2,3.1,South Africa,HM Amla,RE Levi,KM Jarvis,1,0,"",""
ball,2,3.2,South Africa,RE Levi,HM Amla,KM Jarvis,1,0,"",""
ball,2,3.3,South Africa,HM Amla,RE Levi,KM Jarvis,0,0,"",""
ball,2,3.4,South Africa,HM Amla,RE Levi,KM Jarvis,0,0,"",""
ball,2,3.5,South Africa,HM Amla,RE Levi,KM Jarvis,0,1,"",""
ball,2,3.6,South Africa,RE Levi,HM Amla,KM Jarvis,4,0,"",""
ball,2,4.1,South Africa,HM Amla,RE Levi,RW Price,0,0,"",""
ball,2,4.2,South Africa,HM Amla,RE Levi,RW Price,1,0,"",""
ball,2,4.3,South Africa,RE Levi,HM Amla,RW Price,0,0,"",""
ball,2,4.4,South Africa,RE Levi,HM Amla,RW Price,1,0,"",""
ball,2,4.5,South Africa,HM Amla,RE Levi,RW Price,0,0,"",""
ball,2,4.6,South Africa,HM Amla,RE Levi,RW Price,4,0,"",""
ball,2,5.1,South Africa,RE Levi,HM Amla,BV Vitori,1,0,"",""
ball,2,5.2,South Africa,HM Amla,RE Levi,BV Vitori,1,0,"",""
ball,2,5.3,South Africa,RE Levi,HM Amla,BV Vitori,4,0,"",""
ball,2,5.4,South Africa,RE Levi,HM Amla,BV Vitori,0,0,"",""
ball,2,5.5,South Africa,RE Levi,HM Amla,BV Vitori,2,0,"",""
ball,2,5.6,South Africa,RE Levi,HM Amla,BV Vitori,4,0,"",""
ball,2,6.1,South Africa,HM Amla,RE Levi,P Utseya,1,0,"",""
ball,2,6.2,South Africa,RE Levi,HM Amla,P Utseya,1,0,"",""
ball,2,6.3,South Africa,HM Amla,RE Levi,P Utseya,0,0,"",""
ball,2,6.4,South Africa,HM Amla,RE Levi,P Utseya,1,0,"",""
ball,2,6.5,South Africa,RE Levi,HM Amla,P Utseya,1,0,"",""
ball,2,6.6,South Africa,HM Amla,RE Levi,P Utseya,0,0,"",""
ball,2,7.1,South Africa,RE Levi,HM Amla,AG Cremer,1,0,"",""
ball,2,7.2,South Africa,HM Amla,RE Levi,AG Cremer,1,0,"",""
ball,2,7.3,South Africa,RE Levi,HM Amla,AG Cremer,0,0,"",""
ball,2,7.4,South Africa,RE Levi,HM Amla,AG Cremer,0,0,"",""
ball,2,7.5,South Africa,RE Levi,HM Amla,AG Cremer,1,0,"",""
ball,2,7.6,South Africa,HM Amla,RE Levi,AG Cremer,1,0,"",""
ball,2,8.1,South Africa,HM Amla,RE Levi,P Utseya,1,0,"",""
ball,2,8.2,South Africa,RE Levi,HM Amla,P Utseya,4,0,"",""
ball,2,8.3,South Africa,RE Levi,HM Amla,P Utseya,1,0,"",""
ball,2,8.4,South Africa,HM Amla,RE Levi,P Utseya,0,0,"",""
ball,2,8.5,South Africa,HM Amla,RE Levi,P Utseya,1,0,"",""
ball,2,8.6,South Africa,RE Levi,HM Amla,P Utseya,2,0,"",""
ball,2,9.1,South Africa,HM Amla,RE Levi,AG Cremer,1,0,"",""
ball,2,9.2,South Africa,RE Levi,HM Amla,AG Cremer,0,0,"",""
ball,2,9.3,South Africa,RE Levi,HM Amla,AG Cremer,1,0,"",""
ball,2,9.4,South Africa,HM Amla,RE Levi,AG Cremer,1,0,"",""
ball,2,9.5,South Africa,RE Levi,HM Amla,AG Cremer,2,0,"",""
ball,2,9.6,South Africa,RE Levi,HM Amla,AG Cremer,1,0,"",""
ball,2,10.1,South Africa,RE Levi,HM Amla,RW Price,0,0,"",""
ball,2,10.2,South Africa,RE Levi,HM Amla,RW Price,0,0,"",""
ball,2,10.3,South Africa,RE Levi,HM Amla,RW Price,4,0,"",""
ball,2,10.4,South Africa,RE Levi,HM Amla,RW Price,0,1,"",""
ball,2,10.5,South Africa,RE Levi,HM Amla,RW Price,1,0,"",""
ball,2,10.6,South Africa,HM Amla,RE Levi,RW Price,2,0,"",""
ball,2,10.7,South Africa,HM Amla,RE Levi,RW Price,1,0,"",""
ball,2,11.1,South Africa,HM Amla,RE Levi,KM Jarvis,1,0,"",""
ball,2,11.2,South Africa,RE Levi,HM Amla,KM Jarvis,0,0,"",""
ball,2,11.3,South Africa,RE Levi,HM Amla,KM Jarvis,2,0,"",""
ball,2,11.4,South Africa,RE Levi,HM Amla,KM Jarvis,0,0,"",""
ball,2,11.5,South Africa,RE Levi,HM Amla,KM Jarvis,0,0,"",""
ball,2,11.6,South Africa,RE Levi,HM Amla,KM Jarvis,0,0,"",""
ball,2,12.1,South Africa,HM Amla,RE Levi,S Matsikenyeri,1,0,"",""
ball,2,12.2,South Africa,RE Levi,HM Amla,S Matsikenyeri,1,0,"",""
ball,2,12.3,South Africa,HM Amla,RE Levi,S Matsikenyeri,0,0,"",""
ball,2,12.4,South Africa,HM Amla,RE Levi,S Matsikenyeri,1,0,"",""
