version,1.3.0
info,team,Canada
info,team,Kenya
info,gender,male
info,season,2012/13
info,date,2013/03/15
info,series,Canada v Kenya T20I Series
info,match_number,1
info,venue,ICC Global Cricket Academy
info,city,Dubai
info,neutralvenue,true
info,toss_winner,Kenya
info,toss_decision,bat
info,player_of_match,Junaid Siddiqui
info,umpire,RJ Bailey
info,umpire,D Odhiambo
info,match_referee,SR Bernard
info,winner,Canada
info,winner_wickets,5
ball,1,0.1,Kenya,AA Obanda,DI Allan,H Osinde,0,0,"",""
ball,1,0.2,Kenya,AA Obanda,DI Allan,H Osinde,4,0,"",""
ball,1,0.3,Kenya,AA Obanda,DI Allan,H Osinde,0,0,"",""
ball,1,0.4,Kenya,AA Obanda,DI Allan,H Osinde,0,0,"",""
ball,1,0.5,Kenya,AA Obanda,DI Allan,H Osinde,1,0,"",""
ball,1,0.6,Kenya,DI Allan,AA Obanda,H Osinde,0,0,"",""
ball,1,1.1,Kenya,AA Obanda,DI Allan,Junaid Siddiqui,0,0,"",""
ball,1,1.2,Kenya,AA Obanda,DI Allan,Junaid Siddiqui,0,0,"",""
ball,1,1.3,Kenya,AA Obanda,DI Allan,Junaid Siddiqui,0,0,"",""
ball,1,1.4,Kenya,AA Obanda,DI Allan,Junaid Siddiqui,1,0,"",""
ball,1,1.5,Kenya,DI Allan,AA Obanda,Junaid Siddiqui,0,0,"",""
ball,1,1.6,Kenya,DI Allan,AA Obanda,Junaid Siddiqui,0,0,"",""
ball,1,2.1,Kenya,AA Obanda,DI Allan,H Osinde,6,0,"",""
ball,1,2.2,Kenya,AA Obanda,DI Allan,H Osinde,4,0,"",""
ball,1,2.3,Kenya,AA Obanda,DI Allan,H Osinde,0,5,"",""
ball,1,2.4,Kenya,AA Obanda,DI Allan,H Osinde,4,0,"",""
ball,1,2.5,Kenya,AA Obanda,DI Allan,H Osinde,2,0,"",""
ball,1,2.6,Kenya,AA Obanda,DI Allan,H Osinde,0,0,"",""
ball,1,2.7,Kenya,AA Obanda,DI Allan,H Osinde,0,0,caught,AA Obanda
ball,1,3.1,Kenya,DI Allan,MA Ouma,Junaid Siddiqui,0,0,"",""
ball,1,3.2,Kenya,DI Allan,MA Ouma,Junaid Siddiqui,0,0,"",""
ball,1,3.3,Kenya,DI Allan,MA Ouma,Junaid Siddiqui,1,0,"",""
ball,1,3.4,Kenya,MA Ouma,DI Allan,Junaid Siddiqui,0,0,"",""
ball,1,3.5,Kenya,MA Ouma,DI Allan,Junaid Siddiqui,0,0,"",""
ball,1,3.6,Kenya,MA Ouma,DI Allan,Junaid Siddiqui,4,0,"",""
ball,1,4.1,Kenya,DI Allan,MA Ouma,H Osinde,1,0,"",""
ball,1,4.2,Kenya,MA Ouma,DI Allan,H Osinde,1,0,"",""
ball,1,4.3,Kenya,DI Allan,MA Ouma,H Osinde,0,0,"",""
ball,1,4.4,Kenya,DI Allan,MA Ouma,H Osinde,1,0,"",""
ball,1,4.5,Kenya,MA Ouma,DI Allan,H Osinde,1,0,"",""
ball,1,4.6,Kenya,DI Allan,MA Ouma,H Osinde,0,0,caught,DI Allan
ball,1,5.1,Kenya,MA Ouma,CO Obuya,Junaid Siddiqui,0,0,"",""
ball,1,5.2,Kenya,MA Ouma,CO Obuya,Junaid Siddiqui,0,0,lbw,MA Ouma
ball,1,5.3,Kenya,T Mishra,CO Obuya,Junaid Siddiqui,2,0,"",""
ball,1,5.4,Kenya,T Mishra,CO Obuya,Junaid Siddiqui,0,0,"",""
ball,1,5.5,Kenya,T Mishra,CO Obuya,Junaid Siddiqui,0,0,"",""
ball,1,5.6,Kenya,T Mishra,CO Obuya,Junaid Siddiqui,0,0,caught,T Mishra
ball,1,6.1,Kenya,CO Obuya,RR Patel,H Osinde,0,0,caught,CO Obuya
ball,1,6.2,Kenya,RG Aga,RR Patel,H Osinde,4,0,"",""
ball,1,6.3,Kenya,RG Aga,RR Patel,H Osinde,0,0,"",""
ball,1,6.4,Kenya,RG Aga,RR Patel,H Osinde,2,0,"",""
ball,1,6.5,Kenya,RG Aga,RR Patel,H Osinde,0,0,"",""
ball,1,6.6,Kenya,RG Aga,RR Patel,H Osinde,0,0,"",""
ball,1,7.1,Kenya,RR Patel,RG Aga,Junaid Siddiqui,1,0,"",""
ball,1,7.2,Kenya,RG Aga,RR Patel,Junaid Siddiqui,0,0,bowled,RG Aga
ball,1,7.3,Kenya,NM Odhiambo,RR Patel,Junaid Siddiqui,0,0,"",""
ball,1,7.4,Kenya,NM Odhiambo,RR Patel,Junaid Siddiqui,0,0,"",""
ball,1,7.5,Kenya,NM Odhiambo,RR Patel,Junaid Siddiqui,0,0,"",""
ball,1,7.6,Kenya,NM Odhiambo,RR Patel,Junaid Siddiqui,1,0,"",""
ball,1,8.1,Kenya,NM Odhiambo,RR Patel,MS Aulakh,0,0,"",""
ball,1,8.2,Kenya,NM Odhiambo,RR Patel,MS Aulakh,0,0,"",""
ball,1,8.3,Kenya,NM Odhiambo,RR Patel,MS Aulakh,2,0,"",""
ball,1,8.4,Kenya,NM Odhiambo,RR Patel,MS Aulakh,0,0,"",""
ball,1,8.5,Kenya,NM Odhiambo,RR Patel,MS Aulakh,1,0,"",""
ball,1,8.6,Kenya,RR Patel,NM Odhiambo,MS Aulakh,0,0,"",""
ball,1,9.1,Kenya,NM Odhiambo,RR Patel,Raza-ur-Rehman,1,0,"",""
ball,1,9.2,Kenya,RR Patel,NM Odhiambo,Raza-ur-Rehman,2,0,"",""
ball,1,9.3,Kenya,RR Patel,NM Odhiambo,Raza-ur-Rehman,0,0,"",""
ball,1,9.4,Kenya,RR Patel,NM Odhiambo,Raza-ur-Rehman,1,0,"",""
ball,1,9.5,Kenya,NM Odhiambo,RR Patel,Raza-ur-Rehman,1,0,"",""
ball,1,9.6,Kenya,RR Patel,NM Odhiambo,Raza-ur-Rehman,0,0,"",""
ball,1,10.1,Kenya,NM Odhiambo,RR Patel,MS Aulakh,4,0,"",""
ball,1,10.2,Kenya,NM Odhiambo,RR Patel,MS Aulakh,0,1,"",""
ball,1,10.3,Kenya,NM Odhiambo,RR Patel,MS Aulakh,1,0,"",""
ball,1,10.4,Kenya,RR Patel,NM Odhiambo,MS Aulakh,1,0,"",""
ball,1,10.5,Kenya,NM Odhiambo,RR Patel,MS Aulakh,0,0,"",""
ball,1,10.6,Kenya,NM Odhiambo,RR Patel,MS Aulakh,0,1,"",""
ball,1,10.7,Kenya,NM Odhiambo,RR Patel,MS Aulakh,1,0,"",""
ball,1,10.8,Kenya,RR Patel,NM Odhiambo,MS Aulakh,1,0,"",""
ball,1,11.1,Kenya,RR Patel,NM Odhiambo,Raza-ur-Rehman,1,0,"",""
ball,1,11.2,Kenya,NM Odhiambo,RR Patel,Raza-ur-Rehman,1,0,"",""
ball,1,11.3,Kenya,RR Patel,NM Odhiambo,Raza-ur-Rehman,6,0,"",""
ball,1,11.4,Kenya,RR Patel,NM Odhiambo,Raza-ur-Rehman,0,0,"",""
ball,1,11.5,Kenya,RR Patel,NM Odhiambo,Raza-ur-Rehman,4,0,"",""
ball,1,11.6,Kenya,RR Patel,NM Odhiambo,Raza-ur-Rehman,1,0,"",""
ball,1,12.1,Kenya,RR Patel,NM Odhiambo,Rizwan Cheema,0,0,"",""
ball,1,12.2,Kenya,RR Patel,NM Odhiambo,Rizwan Cheema,1,0,"",""
ball,1,12.3,Kenya,NM Odhiambo,RR Patel,Rizwan Cheema,0,0,"",""
ball,1,12.4,Kenya,NM Odhiambo,RR Patel,Rizwan Cheema,6,0,"",""
ball,1,12.5,Kenya,NM Odhiambo,RR Patel,Rizwan Cheema,0,0,"",""
ball,1,12.6,Kenya,NM Odhiambo,RR Patel,Rizwan Cheema,0,0,"",""
ball,1,13.1,Kenya,RR Patel,NM Odhiambo,Raza-ur-Rehman,1,0,"",""
ball,1,13.2,Kenya,NM Odhiambo,RR Patel,Raza-ur-Rehman,0,0,"",""
ball,1,13.3,Kenya,NM Odhiambo,RR Patel,Raza-ur-Rehman,4,0,"",""
ball,1,13.4,Kenya,NM Odhiambo,RR Patel,Raza-ur-Rehman,0,0,"",""
ball,1,13.5,Kenya,NM Odhiambo,RR Patel,Raza-ur-Rehman,0,0,"",""
ball,1,13.6,Kenya,NM Odhiambo,RR Patel,Raza-ur-Rehman,1,0,"",""
ball,1,14.1,Kenya,NM Odhiambo,RR Patel,Rizwan Cheema,1,0,"",""
ball,1,14.2,Kenya,RR Patel,NM Odhiambo,Rizwan Cheema,2,0,"",""
ball,1,14.3,Kenya,RR Patel,NM Odhiambo,Rizwan Cheema,1,0,"",""
ball,1,14.4,Kenya,NM Odhiambo,RR Patel,Rizwan Cheema,0,0,"",""
ball,1,14.5,Kenya,NM Odhiambo,RR Patel,Rizwan Cheema,1,0,"",""
ball,1,14.6,Kenya,RR Patel,NM Odhiambo,Rizwan Cheema,0,0,"",""
ball,1,15.1,Kenya,NM Odhiambo,RR Patel,AS Hansra,0,0,caught and bowled,NM Odhiambo
ball,1,15.2,Kenya,SO Ngoche,RR Patel,AS Hansra,0,0,"",""
ball,1,15.3,Kenya,SO Ngoche,RR Patel,AS Hansra,0,0,"",""
ball,1,15.4,Kenya,SO Ngoche,RR Patel,AS Hansra,0,0,"",""
ball,1,15.5,Kenya,SO Ngoche,RR Patel,AS Hansra,0,0,"",""
ball,1,15.6,Kenya,SO Ngoche,RR Patel,AS Hansra,1,0,"",""
ball,1,16.1,Kenya,SO Ngoche,RR Patel,Rizwan Cheema,1,0,"",""
ball,1,16.2,Kenya,RR Patel,SO Ngoche,Rizwan Cheema,1,0,"",""
ball,1,16.3,Kenya,SO Ngoche,RR Patel,Rizwan Cheema,0,0,caught,SO Ngoche
ball,1,16.4,Kenya,RR Patel,E Otieno,Rizwan Cheema,0,0,"",""
ball,1,16.5,Kenya,RR Patel,E Otieno,Rizwan Cheema,0,0,"",""
ball,1,16.6,Kenya,RR Patel,E Otieno,Rizwan Cheema,1,0,"",""
ball,1,17.1,Kenya,RR Patel,E Otieno,AS Hansra,1,0,"",""
ball,1,17.2,Kenya,E Otieno,RR Patel,AS Hansra,0,0,"",""
ball,1,17.3,Kenya,E Otieno,RR Patel,AS Hansra,1,0,"",""
ball,1,17.4,Kenya,RR Patel,E Otieno,AS Hansra,1,0,"",""
ball,1,17.5,Kenya,E Otieno,RR Patel,AS Hansra,2,0,"",""
ball,1,17.6,Kenya,E Otieno,RR Patel,AS Hansra,0,0,"",""
ball,1,18.1,Kenya,RR Patel,E Otieno,Rizwan Cheema,4,0,"",""
ball,1,18.2,Kenya,RR Patel,E Otieno,Rizwan Cheema,3,0,"",""
ball,1,18.3,Kenya,E Otieno,RR Patel,Rizwan Cheema,1,0,"",""
ball,1,18.4,Kenya,RR Patel,E Otieno,Rizwan Cheema,0,0,"",""
ball,1,18.5,Kenya,RR Patel,E Otieno,Rizwan Cheema,6,0,"",""
ball,1,18.6,Kenya,RR Patel,E Otieno,Rizwan Cheema,1,0,"",""
ball,1,19.1,Kenya,RR Patel,E Otieno,AS Hansra,2,0,"",""
ball,1,19.2,Kenya,RR Patel,E Otieno,AS Hansra,1,0,"",""
ball,1,19.3,Kenya,E Otieno,RR Patel,AS Hansra,0,0,caught,E Otieno
ball,1,19.4,Kenya,RR Patel,HA Varaiya,AS Hansra,0,0,"",""
ball,1,19.5,Kenya,RR Patel,HA Varaiya,AS Hansra,2,0,"",""
ball,1,19.6,Kenya,RR Patel,HA Varaiya,AS Hansra,2,0,"",""
ball,2,0.1,Canada,H Patel,Rizwan Cheema,RG Aga,0,1,"",""
ball,2,0.2,Canada,H Patel,Rizwan Cheema,RG Aga,1,0,"",""
ball,2,0.3,Canada,Rizwan Cheema,H Patel,RG Aga,0,0,"",""
ball,2,0.4,Canada,Rizwan Cheema,H Patel,RG Aga,0,0,"",""
ball,2,0.5,Canada,Rizwan Cheema,H Patel,RG Aga,4,0,"",""
ball,2,0.6,Canada,Rizwan Cheema,H Patel,RG Aga,1,0,"",""
ball,2,0.7,Canada,H Patel,Rizwan Cheema,RG Aga,0,0,"",""
ball,2,1.1,Canada,Rizwan Cheema,H Patel,SO Ngoche,0,0,"",""
ball,2,1.2,Canada,Rizwan Cheema,H Patel,SO Ngoche,0,0,"",""
ball,2,1.3,Canada,Rizwan Cheema,H Patel,SO Ngoche,0,0,"",""
ball,2,1.4,Canada,Rizwan Cheema,H Patel,SO Ngoche,0,0,bowled,Rizwan Cheema
ball,2,1.5,Canada,R Gunasekera,H Patel,SO Ngoche,4,0,"",""
ball,2,1.6,Canada,R Gunasekera,H Patel,SO Ngoche,1,0,"",""
ball,2,2.1,Canada,R Gunasekera,H Patel,E Otieno,0,0,"",""
ball,2,2.2,Canada,R Gunasekera,H Patel,E Otieno,1,0,"",""
ball,2,2.3,Canada,H Patel,R Gunasekera,E Otieno,0,0,"",""
ball,2,2.4,Canada,H Patel,R Gunasekera,E Otieno,1,0,"",""
ball,2,2.5,Canada,R Gunasekera,H Patel,E Otieno,0,0,"",""
ball,2,2.6,Canada,R Gunasekera,H Patel,E Otieno,0,0,"",""
ball,2,3.1,Canada,H Patel,R Gunasekera,SO Ngoche,0,0,"",""
ball,2,3.2,Canada,H Patel,R Gunasekera,SO Ngoche,0,0,"",""
ball,2,3.3,Canada,H Patel,R Gunasekera,SO Ngoche,0,0,"",""
ball,2,3.4,Canada,H Patel,R Gunasekera,SO Ngoche,1,0,"",""
ball,2,3.5,Canada,R Gunasekera,H Patel,SO Ngoche,1,0,"",""
ball,2,3.6,Canada,H Patel,R Gunasekera,SO Ngoche,1,0,"",""
ball,2,4.1,Canada,H Patel,R Gunasekera,E Otieno,1,0,"",""
ball,2,4.2,Canada,R Gunasekera,H Patel,E Otieno,0,0,"",""
ball,2,4.3,Canada,R Gunasekera,H Patel,E Otieno,0,0,"",""
ball,2,4.4,Canada,R Gunasekera,H Patel,E Otieno,4,0,"",""
ball,2,4.5,Canada,R Gunasekera,H Patel,E Otieno,0,0,"",""
ball,2,4.6,Canada,R Gunasekera,H Patel,E Otieno,0,0,"",""
ball,2,5.1,Canada,H Patel,R Gunasekera,SO Ngoche,0,0,"",""
ball,2,5.2,Canada,H Patel,R Gunasekera,SO Ngoche,0,0,"",""
ball,2,5.3,Canada,H Patel,R Gunasekera,SO Ngoche,0,1,"",""
ball,2,5.4,Canada,H Patel,R Gunasekera,SO Ngoche,0,0,"",""
ball,2,5.5,Canada,H Patel,R Gunasekera,SO Ngoche,1,0,"",""
ball,2,5.6,Canada,R Gunasekera,H Patel,SO Ngoche,4,0,"",""
ball,2,5.7,Canada,R Gunasekera,H Patel,SO Ngoche,1,0,"",""
ball,2,6.1,Canada,R Gunasekera,H Patel,NM Odhiambo,1,0,"",""
ball,2,6.2,Canada,H Patel,R Gunasekera,NM Odhiambo,4,0,"",""
ball,2,6.3,Canada,H Patel,R Gunasekera,NM Odhiambo,0,0,"",""
ball,2,6.4,Canada,H Patel,R Gunasekera,NM Odhiambo,0,1,"",""
ball,2,6.5,Canada,H Patel,R Gunasekera,NM Odhiambo,1,0,"",""
ball,2,6.6,Canada,R Gunasekera,H Patel,NM Odhiambo,1,0,"",""
ball,2,6.7,Canada,H Patel,R Gunasekera,NM Odhiambo,1,0,"",""
ball,2,7.1,Canada,H Patel,R Gunasekera,HA Varaiya,0,0,"",""
ball,2,7.2,Canada,H Patel,R Gunasekera,HA Varaiya,0,0,"",""
ball,2,7.3,Canada,H Patel,R Gunasekera,HA Varaiya,1,0,"",""
ball,2,7.4,Canada,R Gunasekera,H Patel,HA Varaiya,0,0,caught and bowled,R Gunasekera
ball,2,7.5,Canada,NR Kumar,H Patel,HA Varaiya,1,0,"",""
ball,2,7.6,Canada,H Patel,NR Kumar,HA Varaiya,4,0,"",""
ball,2,8.1,Canada,NR Kumar,H Patel,NM Odhiambo,4,0,"",""
ball,2,8.2,Canada,NR Kumar,H Patel,NM Odhiambo,0,1,"",""
ball,2,8.3,Canada,H Patel,NR Kumar,NM Odhiambo,3,0,"",""
ball,2,8.4,Canada,NR Kumar,H Patel,NM Odhiambo,4,0,"",""
ball,2,8.5,Canada,NR Kumar,H Patel,NM Odhiambo,2,0,"",""
ball,2,8.6,Canada,NR Kumar,H Patel,NM Odhiambo,0,0,"",""
ball,2,9.1,Canada,H Patel,NR Kumar,HA Varaiya,1,0,"",""
ball,2,9.2,Canada,NR Kumar,H Patel,HA Varaiya,1,0,"",""
ball,2,9.3,Canada,H Patel,NR Kumar,HA Varaiya,4,0,"",""
ball,2,9.4,Canada,H Patel,NR Kumar,HA Varaiya,0,1,"",""
ball,2,9.5,Canada,H Patel,NR Kumar,HA Varaiya,0,0,"",""
ball,2,9.6,Canada,H Patel,NR Kumar,HA Varaiya,1,0,"",""
ball,2,9.7,Canada,NR Kumar,H Patel,HA Varaiya,1,0,"",""
ball,2,10.1,Canada,NR Kumar,H Patel,DI Allan,4,0,"",""
ball,2,10.2,Canada,NR Kumar,H Patel,DI Allan,1,0,"",""
ball,2,10.3,Canada,H Patel,NR Kumar,DI Allan,0,0,"",""
ball,2,10.4,Canada,H Patel,NR Kumar,DI Allan,0,1,"",""
ball,2,10.5,Canada,H Patel,NR Kumar,DI Allan,1,0,"",""
ball,2,10.6,Canada,NR Kumar,H Patel,DI Allan,1,0,"",""
ball,2,10.7,Canada,H Patel,NR Kumar,DI Allan,1,0,"",""
ball,2,11.1,Canada,H Patel,NR Kumar,SO Ngoche,0,0,"",""
ball,2,11.2,Canada,H Patel,NR Kumar,SO Ngoche,1,0,"",""
ball,2,11.3,Canada,NR Kumar,H Patel,SO Ngoche,0,0,bowled,NR Kumar
ball,2,11.4,Canada,Raza-ur-Rehman,H Patel,SO Ngoche,0,0,"",""
ball,2,11.5,Canada,Raza-ur-Rehman,H Patel,SO Ngoche,0,0,"",""
ball,2,11.6,Canada,Raza-ur-Rehman,H Patel,SO Ngoche,2,0,"",""
ball,2,12.1,Canada,H Patel,Raza-ur-Rehman,CO Obuya,0,0,"",""
ball,2,12.2,Canada,H Patel,Raza-ur-Rehman,CO Obuya,1,0,"",""
ball,2,12.3,Canada,Raza-ur-Rehman,H Patel,CO Obuya,0,0,"",""
ball,2,12.4,Canada,Raza-ur-Rehman,H Patel,CO Obuya,0,0,"",""
ball,2,12.5,Canada,Raza-ur-Rehman,H Patel,CO Obuya,1,0,"",""
ball,2,12.6,Canada,H Patel,Raza-ur-Rehman,CO Obuya,0,0,"",""
ball,2,13.1,Canada,Raza-ur-Rehman,H Patel,HA Varaiya,0,0,"",""
ball,2,13.2,Canada,Raza-ur-Rehman,H Patel,HA Varaiya,4,0,"",""
ball,2,13.3,Canada,Raza-ur-Rehman,H Patel,HA Varaiya,1,0,"",""
ball,2,13.4,Canada,H Patel,Raza-ur-Rehman,HA Varaiya,1,0,"",""
ball,2,13.5,Canada,Raza-ur-Rehman,H Patel,HA Varaiya,0,0,"",""
ball,2,13.6,Canada,Raza-ur-Rehman,H Patel,HA Varaiya,0,0,"",""
ball,2,14.1,Canada,H Patel,Raza-ur-Rehman,RG Aga,4,0,"",""
ball,2,14.2,Canada,H Patel,Raza-ur-Rehman,RG Aga,4,0,"",""
ball,2,14.3,Canada,H Patel,Raza-ur-Rehman,RG Aga,1,0,"",""
ball,2,14.4,Canada,Raza-ur-Rehman,H Patel,RG Aga,1,0,"",""
ball,2,14.5,Canada,H Patel,Raza-ur-Rehman,RG Aga,0,0,bowled,H Patel
ball,2,14.6,Canada,AS Hansra,Raza-ur-Rehman,RG Aga,0,0,"",""
ball,2,15.1,Canada,Raza-ur-Rehman,AS Hansra,HA Varaiya,0,0,caught,Raza-ur-Rehman
ball,2,15.2,Canada,Usman Limbada,AS Hansra,HA Varaiya,0,0,"",""
ball,2,15.3,Canada,Usman Limbada,AS Hansra,HA Varaiya,1,0,"",""
ball,2,15.4,Canada,AS Hansra,Usman Limbada,HA Varaiya,0,0,"",""
ball,2,15.5,Canada,AS Hansra,Usman Limbada,HA Varaiya,0,0,"",""
ball,2,15.6,Canada,AS Hansra,Usman Limbada,HA Varaiya,1,0,"",""
ball,2,16.1,Canada,AS Hansra,Usman Limbada,E Otieno,4,0,"",""
ball,2,16.2,Canada,AS Hansra,Usman Limbada,E Otieno,0,1,"",""
ball,2,16.3,Canada,Usman Limbada,AS Hansra,E Otieno,1,0,"",""
ball,2,16.4,Canada,AS Hansra,Usman Limbada,E Otieno,1,0,"",""
ball,2,16.5,Canada,Usman Limbada,AS Hansra,E Otieno,0,2,"",""
ball,2,16.6,Canada,Usman Limbada,AS Hansra,E Otieno,1,0,"",""
ball,2,17.1,Canada,Usman Limbada,AS Hansra,CO Obuya,2,0,"",""
ball,2,17.2,Canada,Usman Limbada,AS Hansra,CO Obuya,1,0,"",""
ball,2,17.3,Canada,AS Hansra,Usman Limbada,CO Obuya,0,0,"",""
ball,2,17.4,Canada,AS Hansra,Usman Limbada,CO Obuya,2,0,"",""
ball,2,17.5,Canada,AS Hansra,Usman Limbada,CO Obuya,4,0,"",""
ball,2,17.6,Canada,AS Hansra,Usman Limbada,CO Obuya,0,0,"",""
ball,2,18.1,Canada,Usman Limbada,AS Hansra,E Otieno,4,0,"",""
ball,2,18.2,Canada,Usman Limbada,AS Hansra,E Otieno,2,0,"",""
ball,2,18.3,Canada,Usman Limbada,AS Hansra,E Otieno,4,0,"",""
