version,1.3.0
info,team,Bangladesh
info,team,West Indies
info,gender,male
info,season,2013/14
info,date,2014/03/25
info,competition,World T20
info,match_number,20
info,venue,Shere Bangla National Stadium
info,city,Mirpur
info,toss_winner,Bangladesh
info,toss_decision,field
info,player_of_match,DR Smith
info,umpire,RA Kettleborough
info,umpire,NJ Llong
info,reserve_umpire,HDPK Dharmasena
info,tv_umpire,RK Illingworth
info,match_referee,RS Madugalle
info,winner,West Indies
info,winner_runs,73
ball,1,0.1,West Indies,DR Smith,CH Gayle,Mashrafe Mortaza,0,5,"",""
ball,1,0.2,West Indies,DR Smith,CH Gayle,Mashrafe Mortaza,0,0,"",""
ball,1,0.3,West Indies,DR Smith,CH Gayle,Mashrafe Mortaza,4,0,"",""
ball,1,0.4,West Indies,DR Smith,CH Gayle,Mashrafe Mortaza,1,0,"",""
ball,1,0.5,West Indies,CH Gayle,DR Smith,Mashrafe Mortaza,0,0,"",""
ball,1,0.6,West Indies,CH Gayle,DR Smith,Mashrafe Mortaza,0,0,"",""
ball,1,0.7,West Indies,CH Gayle,DR Smith,Mashrafe Mortaza,0,1,"",""
ball,1,0.8,West Indies,CH Gayle,DR Smith,Mashrafe Mortaza,0,0,"",""
ball,1,1.1,West Indies,DR Smith,CH Gayle,Al-Amin Hossain,0,0,"",""
ball,1,1.2,West Indies,DR Smith,CH Gayle,Al-Amin Hossain,1,0,"",""
ball,1,1.3,West Indies,CH Gayle,DR Smith,Al-Amin Hossain,1,0,"",""
ball,1,1.4,West Indies,DR Smith,CH Gayle,Al-Amin Hossain,0,0,"",""
ball,1,1.5,West Indies,DR Smith,CH Gayle,Al-Amin Hossain,1,0,"",""
ball,1,1.6,West Indies,CH Gayle,DR Smith,Al-Amin Hossain,0,0,"",""
ball,1,2.1,West Indies,DR Smith,CH Gayle,Mashrafe Mortaza,0,0,"",""
ball,1,2.2,West Indies,DR Smith,CH Gayle,Mashrafe Mortaza,4,0,"",""
ball,1,2.3,West Indies,DR Smith,CH Gayle,Mashrafe Mortaza,2,0,"",""
ball,1,2.4,West Indies,DR Smith,CH Gayle,Mashrafe Mortaza,0,0,"",""
ball,1,2.5,West Indies,DR Smith,CH Gayle,Mashrafe Mortaza,1,0,"",""
ball,1,2.6,West Indies,CH Gayle,DR Smith,Mashrafe Mortaza,0,0,"",""
ball,1,3.1,West Indies,DR Smith,CH Gayle,Sohag Gazi,4,0,"",""
ball,1,3.2,West Indies,DR Smith,CH Gayle,Sohag Gazi,4,0,"",""
ball,1,3.3,West Indies,DR Smith,CH Gayle,Sohag Gazi,0,0,"",""
ball,1,3.4,West Indies,DR Smith,CH Gayle,Sohag Gazi,0,0,"",""
ball,1,3.5,West Indies,DR Smith,CH Gayle,Sohag Gazi,1,0,"",""
ball,1,3.6,West Indies,CH Gayle,DR Smith,Sohag Gazi,1,0,"",""
ball,1,4.1,West Indies,CH Gayle,DR Smith,Mashrafe Mortaza,1,0,"",""
ball,1,4.2,West Indies,DR Smith,CH Gayle,Mashrafe Mortaza,1,0,"",""
ball,1,4.3,West Indies,CH Gayle,DR Smith,Mashrafe Mortaza,0,0,"",""
ball,1,4.4,West Indies,CH Gayle,DR Smith,Mashrafe Mortaza,1,0,"",""
ball,1,4.5,West Indies,DR Smith,CH Gayle,Mashrafe Mortaza,0,0,"",""
ball,1,4.6,West Indies,DR Smith,CH Gayle,Mashrafe Mortaza,0,0,"",""
ball,1,5.1,West Indies,CH Gayle,DR Smith,Sohag Gazi,0,0,"",""
ball,1,5.2,West Indies,CH Gayle,DR Smith,Sohag Gazi,0,0,"",""
ball,1,5.3,West Indies,CH Gayle,DR Smith,Sohag Gazi,0,0,"",""
ball,1,5.4,West Indies,CH Gayle,DR Smith,Sohag Gazi,1,0,"",""
ball,1,5.5,West Indies,DR Smith,CH Gayle,Sohag Gazi,1,0,"",""
ball,1,5.6,West Indies,CH Gayle,DR Smith,Sohag Gazi,0,0,"",""
ball,1,6.1,West Indies,DR Smith,CH Gayle,Al-Amin Hossain,1,0,"",""
ball,1,6.2,West Indies,CH Gayle,DR Smith,Al-Amin Hossain,1,0,"",""
ball,1,6.3,West Indies,DR Smith,CH Gayle,Al-Amin Hossain,6,0,"",""
ball,1,6.4,West Indies,DR Smith,CH Gayle,Al-Amin Hossain,0,0,"",""
ball,1,6.5,West Indies,DR Smith,CH Gayle,Al-Amin Hossain,0,0,"",""
ball,1,6.6,West Indies,DR Smith,CH Gayle,Al-Amin Hossain,0,0,"",""
ball,1,7.1,West Indies,CH Gayle,DR Smith,Sohag Gazi,0,0,"",""
ball,1,7.2,West Indies,CH Gayle,DR Smith,Sohag Gazi,0,0,"",""
ball,1,7.3,West Indies,CH Gayle,DR Smith,Sohag Gazi,0,0,"",""
ball,1,7.4,West Indies,CH Gayle,DR Smith,Sohag Gazi,2,0,"",""
ball,1,7.5,West Indies,CH Gayle,DR Smith,Sohag Gazi,6,0,"",""
ball,1,7.6,West Indies,CH Gayle,DR Smith,Sohag Gazi,1,0,"",""
ball,1,8.1,West Indies,CH Gayle,DR Smith,Mashrafe Mortaza,1,0,"",""
ball,1,8.2,West Indies,DR Smith,CH Gayle,Mashrafe Mortaza,1,0,"",""
ball,1,8.3,West Indies,CH Gayle,DR Smith,Mashrafe Mortaza,0,0,"",""
ball,1,8.4,West Indies,CH Gayle,DR Smith,Mashrafe Mortaza,1,0,"",""
ball,1,8.5,West Indies,DR Smith,CH Gayle,Mashrafe Mortaza,0,0,"",""
ball,1,8.6,West Indies,DR Smith,CH Gayle,Mashrafe Mortaza,1,0,"",""
ball,1,9.1,West Indies,DR Smith,CH Gayle,Sohag Gazi,4,0,"",""
ball,1,9.2,West Indies,DR Smith,CH Gayle,Sohag Gazi,4,0,"",""
ball,1,9.3,West Indies,DR Smith,CH Gayle,Sohag Gazi,4,0,"",""
ball,1,9.4,West Indies,DR Smith,CH Gayle,Sohag Gazi,4,0,"",""
ball,1,9.5,West Indies,DR Smith,CH Gayle,Sohag Gazi,0,0,"",""
ball,1,9.6,West Indies,DR Smith,CH Gayle,Sohag Gazi,1,0,"",""
ball,1,10.1,West Indies,DR Smith,CH Gayle,Sabbir Rahman,0,0,"",""
ball,1,10.2,West Indies,DR Smith,CH Gayle,Sabbir Rahman,6,0,"",""
ball,1,10.3,West Indies,DR Smith,CH Gayle,Sabbir Rahman,0,0,"",""
ball,1,10.4,West Indies,DR Smith,CH Gayle,Sabbir Rahman,4,0,"",""
ball,1,10.5,West Indies,DR Smith,CH Gayle,Sabbir Rahman,1,0,"",""
ball,1,10.6,West Indies,CH Gayle,DR Smith,Sabbir Rahman,1,0,"",""
ball,1,11.1,West Indies,CH Gayle,DR Smith,Mahmudullah,0,0,"",""
ball,1,11.2,West Indies,CH Gayle,DR Smith,Mahmudullah,1,0,"",""
ball,1,11.3,West Indies,DR Smith,CH Gayle,Mahmudullah,4,0,"",""
ball,1,11.4,West Indies,DR Smith,CH Gayle,Mahmudullah,6,0,"",""
ball,1,11.5,West Indies,DR Smith,CH Gayle,Mahmudullah,0,0,caught,DR Smith
ball,1,11.6,West Indies,CH Gayle,LMP Simmons,Mahmudullah,0,0,"",""
ball,1,12.1,West Indies,LMP Simmons,CH Gayle,Shakib Al Hasan,0,1,stumped,LMP Simmons
ball,1,12.2,West Indies,MN Samuels,CH Gayle,Shakib Al Hasan,1,0,"",""
ball,1,12.3,West Indies,CH Gayle,MN Samuels,Shakib Al Hasan,2,0,"",""
ball,1,12.4,West Indies,CH Gayle,MN Samuels,Shakib Al Hasan,1,0,"",""
ball,1,12.5,West Indies,MN Samuels,CH Gayle,Shakib Al Hasan,0,0,"",""
ball,1,12.6,West Indies,MN Samuels,CH Gayle,Shakib Al Hasan,0,0,"",""
ball,1,12.7,West Indies,MN Samuels,CH Gayle,Shakib Al Hasan,0,0,"",""
ball,1,13.1,West Indies,CH Gayle,MN Samuels,Mahmudullah,1,0,"",""
ball,1,13.2,West Indies,MN Samuels,CH Gayle,Mahmudullah,2,0,"",""
ball,1,13.3,West Indies,MN Samuels,CH Gayle,Mahmudullah,4,0,"",""
ball,1,13.4,West Indies,MN Samuels,CH Gayle,Mahmudullah,1,0,"",""
ball,1,13.5,West Indies,CH Gayle,MN Samuels,Mahmudullah,1,0,"",""
ball,1,13.6,West Indies,MN Samuels,CH Gayle,Mahmudullah,1,0,"",""
ball,1,14.1,West Indies,MN Samuels,CH Gayle,Shakib Al Hasan,1,0,"",""
ball,1,14.2,West Indies,CH Gayle,MN Samuels,Shakib Al Hasan,1,0,"",""
ball,1,14.3,West Indies,MN Samuels,CH Gayle,Shakib Al Hasan,1,0,"",""
ball,1,14.4,West Indies,CH Gayle,MN Samuels,Shakib Al Hasan,1,0,"",""
ball,1,14.5,West Indies,MN Samuels,CH Gayle,Shakib Al Hasan,0,0,"",""
ball,1,14.6,West Indies,MN Samuels,CH Gayle,Shakib Al Hasan,0,0,"",""
ball,1,15.1,West Indies,CH Gayle,MN Samuels,Mahmudullah,0,1,"",""
ball,1,15.2,West Indies,MN Samuels,CH Gayle,Mahmudullah,1,0,"",""
ball,1,15.3,West Indies,CH Gayle,MN Samuels,Mahmudullah,0,0,"",""
ball,1,15.4,West Indies,CH Gayle,MN Samuels,Mahmudullah,0,0,"",""
ball,1,15.5,West Indies,CH Gayle,MN Samuels,Mahmudullah,4,0,"",""
ball,1,15.6,West Indies,CH Gayle,MN Samuels,Mahmudullah,1,0,"",""
ball,1,16.1,West Indies,CH Gayle,MN Samuels,Shakib Al Hasan,1,0,"",""
ball,1,16.2,West Indies,MN Samuels,CH Gayle,Shakib Al Hasan,0,4,"",""
ball,1,16.3,West Indies,MN Samuels,CH Gayle,Shakib Al Hasan,0,4,"",""
ball,1,16.4,West Indies,MN Samuels,CH Gayle,Shakib Al Hasan,1,0,"",""
ball,1,16.5,West Indies,CH Gayle,MN Samuels,Shakib Al Hasan,4,0,"",""
ball,1,16.6,West Indies,CH Gayle,MN Samuels,Shakib Al Hasan,6,0,"",""
ball,1,17.1,West Indies,MN Samuels,CH Gayle,Al-Amin Hossain,1,0,"",""
ball,1,17.2,West Indies,CH Gayle,MN Samuels,Al-Amin Hossain,0,0,"",""
ball,1,17.3,West Indies,CH Gayle,MN Samuels,Al-Amin Hossain,1,0,"",""
ball,1,17.4,West Indies,MN Samuels,CH Gayle,Al-Amin Hossain,1,0,"",""
ball,1,17.5,West Indies,CH Gayle,MN Samuels,Al-Amin Hossain,4,0,"",""
ball,1,17.6,West Indies,CH Gayle,MN Samuels,Al-Amin Hossain,1,0,"",""
ball,1,18.1,West Indies,CH Gayle,MN Samuels,Ziaur Rahman,0,0,caught,CH Gayle
ball,1,18.2,West Indies,MN Samuels,DJG Sammy,Ziaur Rahman,2,1,"",""
ball,1,18.3,West Indies,MN Samuels,DJG Sammy,Ziaur Rahman,0,0,"",""
ball,1,18.4,West Indies,MN Samuels,DJG Sammy,Ziaur Rahman,1,0,"",""
ball,1,18.5,West Indies,DJG Sammy,MN Samuels,Ziaur Rahman,4,0,"",""
ball,1,18.6,West Indies,DJG Sammy,MN Samuels,Ziaur Rahman,4,0,"",""
ball,1,18.7,West Indies,DJG Sammy,MN Samuels,Ziaur Rahman,4,0,"",""
ball,1,19.1,West Indies,MN Samuels,DJG Sammy,Al-Amin Hossain,0,0,caught,MN Samuels
ball,1,19.2,West Indies,AD Russell,DJG Sammy,Al-Amin Hossain,0,0,caught,AD Russell
ball,1,19.3,West Indies,DJG Sammy,DJ Bravo,Al-Amin Hossain,0,1,"",""
ball,1,19.4,West Indies,DJ Bravo,DJG Sammy,Al-Amin Hossain,0,0,caught,DJ Bravo
ball,1,19.5,West Indies,D Ramdin,DJG Sammy,Al-Amin Hossain,0,1,"",""
ball,1,19.6,West Indies,DJG Sammy,D Ramdin,Al-Amin Hossain,2,0,run out,D Ramdin
ball,2,0.1,Bangladesh,Tamim Iqbal,Anamul Haque,S Badree,0,0,"",""
ball,2,0.2,Bangladesh,Tamim Iqbal,Anamul Haque,S Badree,1,0,"",""
ball,2,0.3,Bangladesh,Anamul Haque,Tamim Iqbal,S Badree,0,0,"",""
ball,2,0.4,Bangladesh,Anamul Haque,Tamim Iqbal,S Badree,4,0,"",""
ball,2,0.5,Bangladesh,Anamul Haque,Tamim Iqbal,S Badree,4,0,"",""
ball,2,0.6,Bangladesh,Anamul Haque,Tamim Iqbal,S Badree,0,0,"",""
ball,2,1.1,Bangladesh,Tamim Iqbal,Anamul Haque,K Santokie,0,0,"",""
ball,2,1.2,Bangladesh,Tamim Iqbal,Anamul Haque,K Santokie,0,0,"",""
ball,2,1.3,Bangladesh,Tamim Iqbal,Anamul Haque,K Santokie,4,0,"",""
ball,2,1.4,Bangladesh,Tamim Iqbal,Anamul Haque,K Santokie,0,0,"",""
ball,2,1.5,Bangladesh,Tamim Iqbal,Anamul Haque,K Santokie,0,0,"",""
ball,2,1.6,Bangladesh,Tamim Iqbal,Anamul Haque,K Santokie,0,0,"",""
ball,2,2.1,Bangladesh,Anamul Haque,Tamim Iqbal,S Badree,1,0,"",""
ball,2,2.2,Bangladesh,Tamim Iqbal,Anamul Haque,S Badree,0,0,"",""
ball,2,2.3,Bangladesh,Tamim Iqbal,Anamul Haque,S Badree,0,0,caught,Tamim Iqbal
ball,2,2.4,Bangladesh,Mominul Haque,Anamul Haque,S Badree,1,0,"",""
ball,2,2.5,Bangladesh,Anamul Haque,Mominul Haque,S Badree,1,0,"",""
ball,2,2.6,Bangladesh,Mominul Haque,Anamul Haque,S Badree,0,0,"",""
ball,2,3.1,Bangladesh,Anamul Haque,Mominul Haque,K Santokie,0,0,stumped,Anamul Haque
ball,2,3.2,Bangladesh,Shakib Al Hasan,Mominul Haque,K Santokie,0,0,bowled,Shakib Al Hasan
ball,2,3.3,Bangladesh,Mushfiqur Rahim,Mominul Haque,K Santokie,0,0,"",""
ball,2,3.4,Bangladesh,Mushfiqur Rahim,Mominul Haque,K Santokie,0,1,"",""
ball,2,3.5,Bangladesh,Mushfiqur Rahim,Mominul Haque,K Santokie,0,0,"",""
ball,2,3.6,Bangladesh,Mushfiqur Rahim,Mominul Haque,K Santokie,1,0,"",""
ball,2,3.7,Bangladesh,Mominul Haque,Mushfiqur Rahim,K Santokie,1,0,"",""
ball,2,4.1,Bangladesh,Mominul Haque,Mushfiqur Rahim,S Badree,0,0,"",""
ball,2,4.2,Bangladesh,Mominul Haque,Mushfiqur Rahim,S Badree,0,0,"",""
ball,2,4.3,Bangladesh,Mominul Haque,Mushfiqur Rahim,S Badree,1,0,"",""
ball,2,4.4,Bangladesh,Mushfiqur Rahim,Mominul Haque,S Badree,0,0,"",""
ball,2,4.5,Bangladesh,Mushfiqur Rahim,Mominul Haque,S Badree,0,0,"",""
ball,2,4.6,Bangladesh,Mushfiqur Rahim,Mominul Haque,S Badree,0,0,"",""
ball,2,5.1,Bangladesh,Mominul Haque,Mushfiqur Rahim,MN Samuels,1,0,"",""
ball,2,5.2,Bangladesh,Mushfiqur Rahim,Mominul Haque,MN Samuels,1,0,"",""
ball,2,5.3,Bangladesh,Mominul Haque,Mushfiqur Rahim,MN Samuels,1,0,"",""
ball,2,5.4,Bangladesh,Mushfiqur Rahim,Mominul Haque,MN Samuels,0,0,"",""
ball,2,5.5,Bangladesh,Mushfiqur Rahim,Mominul Haque,MN Samuels,6,0,"",""
ball,2,5.6,Bangladesh,Mushfiqur Rahim,Mominul Haque,MN Samuels,0,0,"",""
ball,2,6.1,Bangladesh,Mominul Haque,Mushfiqur Rahim,DJG Sammy,0,0,"",""
ball,2,6.2,Bangladesh,Mominul Haque,Mushfiqur Rahim,DJG Sammy,0,0,"",""
ball,2,6.3,Bangladesh,Mominul Haque,Mushfiqur Rahim,DJG Sammy,1,0,"",""
ball,2,6.4,Bangladesh,Mushfiqur Rahim,Mominul Haque,DJG Sammy,0,0,"",""
ball,2,6.5,Bangladesh,Mushfiqur Rahim,Mominul Haque,DJG Sammy,4,0,"",""
ball,2,6.6,Bangladesh,Mushfiqur Rahim,Mominul Haque,DJG Sammy,1,0,"",""
ball,2,7.1,Bangladesh,Mushfiqur Rahim,Mominul Haque,SP Narine,1,0,"",""
ball,2,7.2,Bangladesh,Mominul Haque,Mushfiqur Rahim,SP Narine,0,0,"",""
ball,2,7.3,Bangladesh,Mominul Haque,Mushfiqur Rahim,SP Narine,1,0,"",""
ball,2,7.4,Bangladesh,Mushfiqur Rahim,Mominul Haque,SP Narine,1,0,"",""
ball,2,7.5,Bangladesh,Mominul Haque,Mushfiqur Rahim,SP Narine,0,1,"",""
ball,2,7.6,Bangladesh,Mushfiqur Rahim,Mominul Haque,SP Narine,1,0,"",""
ball,2,8.1,Bangladesh,Mushfiqur Rahim,Mominul Haque,DJ Bravo,1,0,"",""
ball,2,8.2,Bangladesh,Mominul Haque,Mushfiqur Rahim,DJ Bravo,4,0,"",""
ball,2,8.3,Bangladesh,Mominul Haque,Mushfiqur Rahim,DJ Bravo,0,1,"",""
ball,2,8.4,Bangladesh,Mominul Haque,Mushfiqur Rahim,DJ Bravo,0,0,"",""
ball,2,8.5,Bangladesh,Mominul Haque,Mushfiqur Rahim,DJ Bravo,4,0,"",""
ball,2,8.6,Bangladesh,Mominul Haque,Mushfiqur Rahim,DJ Bravo,1,0,"",""
ball,2,8.7,Bangladesh,Mushfiqur Rahim,Mominul Haque,DJ Bravo,0,0,"",""
ball,2,9.1,Bangladesh,Mominul Haque,Mushfiqur Rahim,SP Narine,0,0,caught,Mominul Haque
ball,2,9.2,Bangladesh,Mushfiqur Rahim,Sabbir Rahman,SP Narine,0,0,"",""
ball,2,9.3,Bangladesh,Mushfiqur Rahim,Sabbir Rahman,SP Narine,4,0,"",""
ball,2,9.4,Bangladesh,Mushfiqur Rahim,Sabbir Rahman,SP Narine,1,0,"",""
ball,2,9.5,Bangladesh,Sabbir Rahman,Mushfiqur Rahim,SP Narine,0,0,"",""
ball,2,9.6,Bangladesh,Sabbir Rahman,Mushfiqur Rahim,SP Narine,1,0,"",""
ball,2,10.1,Bangladesh,Sabbir Rahman,Mushfiqur Rahim,S Badree,0,0,caught,Sabbir Rahman
ball,2,10.2,Bangladesh,Mahmudullah,Mushfiqur Rahim,S Badree,1,0,"",""
ball,2,10.3,Bangladesh,Mushfiqur Rahim,Mahmudullah,S Badree,0,0,caught,Mushfiqur Rahim
ball,2,10.4,Bangladesh,Ziaur Rahman,Mahmudullah,S Badree,1,0,"",""
ball,2,10.5,Bangladesh,Mahmudullah,Ziaur Rahman,S Badree,0,0,"",""
ball,2,10.6,Bangladesh,Mahmudullah,Ziaur Rahman,S Badree,0,0,caught,Mahmudullah
ball,2,11.1,Bangladesh,Ziaur Rahman,Sohag Gazi,SP Narine,2,0,"",""
ball,2,11.2,Bangladesh,Ziaur Rahman,Sohag Gazi,SP Narine,0,0,"",""
ball,2,11.3,Bangladesh,Ziaur Rahman,Sohag Gazi,SP Narine,0,0,"",""
ball,2,11.4,Bangladesh,Ziaur Rahman,Sohag Gazi,SP Narine,1,0,"",""
ball,2,11.5,Bangladesh,Sohag Gazi,Ziaur Rahman,SP Narine,0,0,"",""
ball,2,11.6,Bangladesh,Sohag Gazi,Ziaur Rahman,SP Narine,1,0,"",""
ball,2,12.1,Bangladesh,Sohag Gazi,Ziaur Rahman,K Santokie,0,1,"",""
ball,2,12.2,Bangladesh,Sohag Gazi,Ziaur Rahman,K Santokie,0,0,"",""
ball,2,12.3,Bangladesh,Sohag Gazi,Ziaur Rahman,K Santokie,0,0,"",""
ball,2,12.4,Bangladesh,Sohag Gazi,Ziaur Rahman,K Santokie,1,0,"",""
ball,2,12.5,Bangladesh,Ziaur Rahman,Sohag Gazi,K Santokie,0,0,"",""
ball,2,12.6,Bangladesh,Ziaur Rahman,Sohag Gazi,K Santokie,0,0,"",""
ball,2,12.7,Bangladesh,Ziaur Rahman,Sohag Gazi,K Santokie,1,0,"",""
ball,2,13.1,Bangladesh,Ziaur Rahman,Sohag Gazi,DJ Bravo,1,0,"",""
ball,2,13.2,Bangladesh,Sohag Gazi,Ziaur Rahman,DJ Bravo,0,0,"",""
ball,2,13.3,Bangladesh,Sohag Gazi,Ziaur Rahman,DJ Bravo,1,0,"",""
ball,2,13.4,Bangladesh,Ziaur Rahman,Sohag Gazi,DJ Bravo,1,0,"",""
ball,2,13.5,Bangladesh,Sohag Gazi,Ziaur Rahman,DJ Bravo,1,0,"",""
ball,2,13.6,Bangladesh,Ziaur Rahman,Sohag Gazi,DJ Bravo,0,0,"",""
ball,2,14.1,Bangladesh,Sohag Gazi,Ziaur Rahman,AD Russell,1,0,"",""
ball,2,14.2,Bangladesh,Ziaur Rahman,Sohag Gazi,AD Russell,2,0,"",""
ball,2,14.3,Bangladesh,Ziaur Rahman,Sohag Gazi,AD Russell,0,0,bowled,Ziaur Rahman
ball,2,14.4,Bangladesh,Mashrafe Mortaza,Sohag Gazi,AD Russell,1,0,"",""
ball,2,14.5,Bangladesh,Sohag Gazi,Mashrafe Mortaza,AD Russell,0,0,"",""
ball,2,14.6,Bangladesh,Sohag Gazi,Mashrafe Mortaza,AD Russell,0,0,"",""
ball,2,15.1,Bangladesh,Mashrafe Mortaza,Sohag Gazi,SP Narine,0,0,"",""
ball,2,15.2,Bangladesh,Mashrafe Mortaza,Sohag Gazi,SP Narine,0,0,"",""
ball,2,15.3,Bangladesh,Mashrafe Mortaza,Sohag Gazi,SP Narine,1,0,"",""
ball,2,15.4,Bangladesh,Sohag Gazi,Mashrafe Mortaza,SP Narine,1,0,"",""
ball,2,15.5,Bangladesh,Mashrafe Mortaza,Sohag Gazi,SP Narine,1,0,"",""
ball,2,15.6,Bangladesh,Sohag Gazi,Mashrafe Mortaza,SP Narine,0,0,"",""
ball,2,16.1,Bangladesh,Mashrafe Mortaza,Sohag Gazi,AD Russell,0,0,"",""
ball,2,16.2,Bangladesh,Mashrafe Mortaza,Sohag Gazi,AD Russell,1,0,"",""
ball,2,16.3,Bangladesh,Sohag Gazi,Mashrafe Mortaza,AD Russell,0,0,"",""
ball,2,16.4,Bangladesh,Sohag Gazi,Mashrafe Mortaza,AD Russell,1,0,"",""
ball,2,16.5,Bangladesh,Mashrafe Mortaza,Sohag Gazi,AD Russell,4,0,"",""
ball,2,16.6,Bangladesh,Mashrafe Mortaza,Sohag Gazi,AD Russell,0,0,"",""
ball,2,17.1,Bangladesh,Sohag Gazi,Mashrafe Mortaza,DJ Bravo,1,0,"",""
ball,2,17.2,Bangladesh,Mashrafe Mortaza,Sohag Gazi,DJ Bravo,4,0,"",""
ball,2,17.3,Bangladesh,Mashrafe Mortaza,Sohag Gazi,DJ Bravo,0,0,"",""
ball,2,17.4,Bangladesh,Mashrafe Mortaza,Sohag Gazi,DJ Bravo,1,0,"",""
ball,2,17.5,Bangladesh,Sohag Gazi,Mashrafe Mortaza,DJ Bravo,1,0,"",""
ball,2,17.6,Bangladesh,Mashrafe Mortaza,Sohag Gazi,DJ Bravo,1,0,"",""
ball,2,18.1,Bangladesh,Mashrafe Mortaza,Sohag Gazi,K Santokie,0,0,"",""
ball,2,18.2,Bangladesh,Mashrafe Mortaza,Sohag Gazi,K Santokie,4,0,"",""
ball,2,18.3,Bangladesh,Mashrafe Mortaza,Sohag Gazi,K Santokie,1,0,"",""
ball,2,18.4,Bangladesh,Sohag Gazi,Mashrafe Mortaza,K Santokie,1,0,"",""
ball,2,18.5,Bangladesh,Mashrafe Mortaza,Sohag Gazi,K Santokie,0,0,caught,Mashrafe Mortaza
ball,2,18.6,Bangladesh,Sohag Gazi,Al-Amin Hossain,K Santokie,1,0,"",""
ball,2,19.1,Bangladesh,Sohag Gazi,Al-Amin Hossain,AD Russell,0,0,bowled,Sohag Gazi
