version,1.3.0
info,team,West Indies
info,team,Ireland
info,gender,male
info,season,2013/14
info,date,2014/02/21
info,series,Ireland in West Indies T20I Series
info,match_number,2
info,venue,"Sabina Park, Kingston"
info,city,Jamaica
info,toss_winner,Ireland
info,toss_decision,field
info,player_of_match,DJG Sammy
info,umpire,N Duguid
info,umpire,JS Wilson
info,reserve_umpire,GO Brathwaite
info,match_referee,D Govindjee
info,winner,West Indies
info,winner_runs,11
ball,1,0.1,West Indies,DR Smith,ADS Fletcher,MC Sorensen,0,0,"",""
ball,1,0.2,West Indies,DR Smith,ADS Fletcher,MC Sorensen,4,0,"",""
ball,1,0.3,West Indies,DR Smith,ADS Fletcher,MC Sorensen,1,0,"",""
ball,1,0.4,West Indies,ADS Fletcher,DR Smith,MC Sorensen,1,0,"",""
ball,1,0.5,West Indies,DR Smith,ADS Fletcher,MC Sorensen,0,0,"",""
ball,1,0.6,West Indies,DR Smith,ADS Fletcher,MC Sorensen,0,0,"",""
ball,1,1.1,West Indies,ADS Fletcher,DR Smith,TJ Murtagh,0,0,"",""
ball,1,1.2,West Indies,ADS Fletcher,DR Smith,TJ Murtagh,0,0,"",""
ball,1,1.3,West Indies,ADS Fletcher,DR Smith,TJ Murtagh,6,0,"",""
ball,1,1.4,West Indies,ADS Fletcher,DR Smith,TJ Murtagh,0,0,"",""
ball,1,1.5,West Indies,ADS Fletcher,DR Smith,TJ Murtagh,1,0,"",""
ball,1,1.6,West Indies,DR Smith,ADS Fletcher,TJ Murtagh,1,0,"",""
ball,1,2.1,West Indies,DR Smith,ADS Fletcher,MC Sorensen,0,0,"",""
ball,1,2.2,West Indies,DR Smith,ADS Fletcher,MC Sorensen,1,0,"",""
ball,1,2.3,West Indies,ADS Fletcher,DR Smith,MC Sorensen,0,0,"",""
ball,1,2.4,West Indies,ADS Fletcher,DR Smith,MC Sorensen,6,0,"",""
ball,1,2.5,West Indies,ADS Fletcher,DR Smith,MC Sorensen,0,0,"",""
ball,1,2.6,West Indies,ADS Fletcher,DR Smith,MC Sorensen,2,0,"",""
ball,1,3.1,West Indies,DR Smith,ADS Fletcher,GH Dockrell,1,0,"",""
ball,1,3.2,West Indies,ADS Fletcher,DR Smith,GH Dockrell,0,0,"",""
ball,1,3.3,West Indies,ADS Fletcher,DR Smith,GH Dockrell,2,0,"",""
ball,1,3.4,West Indies,ADS Fletcher,DR Smith,GH Dockrell,0,0,"",""
ball,1,3.5,West Indies,ADS Fletcher,DR Smith,GH Dockrell,1,0,"",""
ball,1,3.6,West Indies,DR Smith,ADS Fletcher,GH Dockrell,0,0,"",""
ball,1,4.1,West Indies,ADS Fletcher,DR Smith,AR Cusack,0,0,caught,ADS Fletcher
ball,1,4.2,West Indies,MN Samuels,DR Smith,AR Cusack,0,0,"",""
ball,1,4.3,West Indies,MN Samuels,DR Smith,AR Cusack,0,0,"",""
ball,1,4.4,West Indies,MN Samuels,DR Smith,AR Cusack,0,0,"",""
ball,1,4.5,West Indies,MN Samuels,DR Smith,AR Cusack,0,0,"",""
ball,1,4.6,West Indies,MN Samuels,DR Smith,AR Cusack,0,0,"",""
ball,1,5.1,West Indies,DR Smith,MN Samuels,GH Dockrell,0,0,"",""
ball,1,5.2,West Indies,DR Smith,MN Samuels,GH Dockrell,0,0,"",""
ball,1,5.3,West Indies,DR Smith,MN Samuels,GH Dockrell,2,0,"",""
ball,1,5.4,West Indies,DR Smith,MN Samuels,GH Dockrell,0,0,"",""
ball,1,5.5,West Indies,DR Smith,MN Samuels,GH Dockrell,1,0,"",""
ball,1,5.6,West Indies,MN Samuels,DR Smith,GH Dockrell,0,0,"",""
ball,1,6.1,West Indies,DR Smith,MN Samuels,AR Cusack,0,0,"",""
ball,1,6.2,West Indies,DR Smith,MN Samuels,AR Cusack,0,0,caught,DR Smith
ball,1,6.3,West Indies,LMP Simmons,MN Samuels,AR Cusack,0,0,"",""
ball,1,6.4,West Indies,LMP Simmons,MN Samuels,AR Cusack,1,0,"",""
ball,1,6.5,West Indies,MN Samuels,LMP Simmons,AR Cusack,1,0,"",""
ball,1,6.6,West Indies,LMP Simmons,MN Samuels,AR Cusack,0,0,"",""
ball,1,7.1,West Indies,MN Samuels,LMP Simmons,TJ Murtagh,0,0,"",""
ball,1,7.2,West Indies,MN Samuels,LMP Simmons,TJ Murtagh,0,0,"",""
ball,1,7.3,West Indies,MN Samuels,LMP Simmons,TJ Murtagh,1,0,"",""
ball,1,7.4,West Indies,LMP Simmons,MN Samuels,TJ Murtagh,1,0,"",""
ball,1,7.5,West Indies,MN Samuels,LMP Simmons,TJ Murtagh,1,0,"",""
ball,1,7.6,West Indies,LMP Simmons,MN Samuels,TJ Murtagh,0,0,"",""
ball,1,8.1,West Indies,MN Samuels,LMP Simmons,SR Thompson,0,1,"",""
ball,1,8.2,West Indies,MN Samuels,LMP Simmons,SR Thompson,4,0,"",""
ball,1,8.3,West Indies,MN Samuels,LMP Simmons,SR Thompson,0,0,"",""
ball,1,8.4,West Indies,MN Samuels,LMP Simmons,SR Thompson,1,0,"",""
ball,1,8.5,West Indies,LMP Simmons,MN Samuels,SR Thompson,1,0,"",""
ball,1,8.6,West Indies,MN Samuels,LMP Simmons,SR Thompson,2,0,"",""
ball,1,8.7,West Indies,MN Samuels,LMP Simmons,SR Thompson,0,0,caught,MN Samuels
ball,1,9.1,West Indies,LMP Simmons,DJ Bravo,PR Stirling,1,0,"",""
ball,1,9.2,West Indies,DJ Bravo,LMP Simmons,PR Stirling,1,0,"",""
ball,1,9.3,West Indies,LMP Simmons,DJ Bravo,PR Stirling,1,0,"",""
ball,1,9.4,West Indies,DJ Bravo,LMP Simmons,PR Stirling,0,0,"",""
ball,1,9.5,West Indies,DJ Bravo,LMP Simmons,PR Stirling,0,0,"",""
ball,1,9.6,West Indies,DJ Bravo,LMP Simmons,PR Stirling,1,0,"",""
ball,1,10.1,West Indies,DJ Bravo,LMP Simmons,KJ O'Brien,0,0,"",""
ball,1,10.2,West Indies,DJ Bravo,LMP Simmons,KJ O'Brien,0,0,"",""
ball,1,10.3,West Indies,DJ Bravo,LMP Simmons,KJ O'Brien,0,0,"",""
ball,1,10.4,West Indies,DJ Bravo,LMP Simmons,KJ O'Brien,1,0,"",""
ball,1,10.5,West Indies,LMP Simmons,DJ Bravo,KJ O'Brien,1,0,"",""
ball,1,10.6,West Indies,DJ Bravo,LMP Simmons,KJ O'Brien,1,0,"",""
ball,1,11.1,West Indies,DJ Bravo,LMP Simmons,GH Dockrell,0,0,"",""
ball,1,11.2,West Indies,DJ Bravo,LMP Simmons,GH Dockrell,4,0,"",""
ball,1,11.3,West Indies,DJ Bravo,LMP Simmons,GH Dockrell,1,0,"",""
ball,1,11.4,West Indies,LMP Simmons,DJ Bravo,GH Dockrell,1,0,"",""
ball,1,11.5,West Indies,DJ Bravo,LMP Simmons,GH Dockrell,1,0,"",""
ball,1,11.6,West Indies,LMP Simmons,DJ Bravo,GH Dockrell,0,0,run out,DJ Bravo
ball,1,12.1,West Indies,AD Russell,LMP Simmons,KJ O'Brien,0,0,"",""
ball,1,12.2,West Indies,AD Russell,LMP Simmons,KJ O'Brien,2,0,"",""
ball,1,12.3,West Indies,AD Russell,LMP Simmons,KJ O'Brien,0,0,"",""
ball,1,12.4,West Indies,AD Russell,LMP Simmons,KJ O'Brien,0,0,"",""
ball,1,12.5,West Indies,AD Russell,LMP Simmons,KJ O'Brien,1,0,"",""
ball,1,12.6,West Indies,LMP Simmons,AD Russell,KJ O'Brien,1,0,"",""
ball,1,13.1,West Indies,LMP Simmons,AD Russell,MC Sorensen,1,0,"",""
ball,1,13.2,West Indies,AD Russell,LMP Simmons,MC Sorensen,1,0,"",""
ball,1,13.3,West Indies,LMP Simmons,AD Russell,MC Sorensen,0,0,"",""
ball,1,13.4,West Indies,LMP Simmons,AD Russell,MC Sorensen,1,0,"",""
ball,1,13.5,West Indies,AD Russell,LMP Simmons,MC Sorensen,1,0,"",""
ball,1,13.6,West Indies,LMP Simmons,AD Russell,MC Sorensen,1,0,"",""
ball,1,14.1,West Indies,LMP Simmons,AD Russell,KJ O'Brien,1,0,"",""
ball,1,14.2,West Indies,AD Russell,LMP Simmons,KJ O'Brien,1,0,"",""
ball,1,14.3,West Indies,LMP Simmons,AD Russell,KJ O'Brien,0,0,lbw,LMP Simmons
ball,1,14.4,West Indies,DJG Sammy,AD Russell,KJ O'Brien,0,0,"",""
ball,1,14.5,West Indies,DJG Sammy,AD Russell,KJ O'Brien,0,0,"",""
ball,1,14.6,West Indies,DJG Sammy,AD Russell,KJ O'Brien,0,0,"",""
ball,1,15.1,West Indies,AD Russell,DJG Sammy,TJ Murtagh,1,0,"",""
ball,1,15.2,West Indies,DJG Sammy,AD Russell,TJ Murtagh,1,0,"",""
ball,1,15.3,West Indies,AD Russell,DJG Sammy,TJ Murtagh,1,0,"",""
ball,1,15.4,West Indies,DJG Sammy,AD Russell,TJ Murtagh,1,0,"",""
ball,1,15.5,West Indies,AD Russell,DJG Sammy,TJ Murtagh,0,0,bowled,AD Russell
ball,1,15.6,West Indies,D Ramdin,DJG Sammy,TJ Murtagh,1,0,"",""
ball,1,16.1,West Indies,D Ramdin,DJG Sammy,KJ O'Brien,0,0,run out,DJG Sammy
ball,1,16.2,West Indies,SP Narine,D Ramdin,KJ O'Brien,4,0,"",""
ball,1,16.3,West Indies,SP Narine,D Ramdin,KJ O'Brien,0,0,"",""
ball,1,16.4,West Indies,SP Narine,D Ramdin,KJ O'Brien,1,0,"",""
ball,1,16.5,West Indies,D Ramdin,SP Narine,KJ O'Brien,0,0,"",""
ball,1,16.6,West Indies,D Ramdin,SP Narine,KJ O'Brien,2,0,"",""
ball,1,17.1,West Indies,SP Narine,D Ramdin,AR Cusack,0,0,"",""
ball,1,17.2,West Indies,SP Narine,D Ramdin,AR Cusack,1,0,"",""
ball,1,17.3,West Indies,D Ramdin,SP Narine,AR Cusack,2,0,"",""
ball,1,17.4,West Indies,D Ramdin,SP Narine,AR Cusack,0,0,caught,D Ramdin
ball,1,17.5,West Indies,S Badree,SP Narine,AR Cusack,1,0,"",""
ball,1,17.6,West Indies,SP Narine,S Badree,AR Cusack,0,0,"",""
ball,1,18.1,West Indies,S Badree,SP Narine,TJ Murtagh,1,0,"",""
ball,1,18.2,West Indies,SP Narine,S Badree,TJ Murtagh,0,0,"",""
ball,1,18.3,West Indies,SP Narine,S Badree,TJ Murtagh,0,1,"",""
ball,1,18.4,West Indies,SP Narine,S Badree,TJ Murtagh,1,0,"",""
ball,1,18.5,West Indies,S Badree,SP Narine,TJ Murtagh,1,0,"",""
ball,1,18.6,West Indies,SP Narine,S Badree,TJ Murtagh,1,0,"",""
ball,1,18.7,West Indies,S Badree,SP Narine,TJ Murtagh,1,0,"",""
ball,1,19.1,West Indies,S Badree,SP Narine,AR Cusack,1,0,"",""
ball,1,19.2,West Indies,SP Narine,S Badree,AR Cusack,0,0,"",""
ball,1,19.3,West Indies,SP Narine,S Badree,AR Cusack,1,0,"",""
ball,1,19.4,West Indies,S Badree,SP Narine,AR Cusack,0,0,caught and bowled,S Badree
ball,1,19.5,West Indies,SP Narine,K Santokie,AR Cusack,2,0,"",""
ball,1,19.6,West Indies,SP Narine,K Santokie,AR Cusack,1,0,"",""
ball,2,0.1,Ireland,WTS Porterfield,PR Stirling,K Santokie,0,0,"",""
ball,2,0.2,Ireland,WTS Porterfield,PR Stirling,K Santokie,0,0,"",""
ball,2,0.3,Ireland,WTS Porterfield,PR Stirling,K Santokie,1,0,"",""
ball,2,0.4,Ireland,PR Stirling,WTS Porterfield,K Santokie,0,0,"",""
ball,2,0.5,Ireland,PR Stirling,WTS Porterfield,K Santokie,0,0,"",""
ball,2,0.6,Ireland,PR Stirling,WTS Porterfield,K Santokie,2,0,"",""
ball,2,1.1,Ireland,WTS Porterfield,PR Stirling,S Badree,0,0,"",""
ball,2,1.2,Ireland,WTS Porterfield,PR Stirling,S Badree,0,0,"",""
ball,2,1.3,Ireland,WTS Porterfield,PR Stirling,S Badree,0,0,"",""
ball,2,1.4,Ireland,WTS Porterfield,PR Stirling,S Badree,0,0,"",""
ball,2,1.5,Ireland,WTS Porterfield,PR Stirling,S Badree,0,0,"",""
ball,2,1.6,Ireland,WTS Porterfield,PR Stirling,S Badree,0,0,"",""
ball,2,2.1,Ireland,PR Stirling,WTS Porterfield,K Santokie,0,0,"",""
ball,2,2.2,Ireland,PR Stirling,WTS Porterfield,K Santokie,0,0,bowled,PR Stirling
ball,2,2.3,Ireland,EC Joyce,WTS Porterfield,K Santokie,1,0,"",""
ball,2,2.4,Ireland,WTS Porterfield,EC Joyce,K Santokie,0,0,"",""
ball,2,2.5,Ireland,WTS Porterfield,EC Joyce,K Santokie,0,0,"",""
ball,2,2.6,Ireland,WTS Porterfield,EC Joyce,K Santokie,0,0,"",""
ball,2,3.1,Ireland,EC Joyce,WTS Porterfield,S Badree,0,0,"",""
ball,2,3.2,Ireland,EC Joyce,WTS Porterfield,S Badree,0,0,"",""
ball,2,3.3,Ireland,EC Joyce,WTS Porterfield,S Badree,0,0,"",""
ball,2,3.4,Ireland,EC Joyce,WTS Porterfield,S Badree,4,0,"",""
ball,2,3.5,Ireland,EC Joyce,WTS Porterfield,S Badree,1,0,"",""
ball,2,3.6,Ireland,WTS Porterfield,EC Joyce,S Badree,2,0,"",""
ball,2,4.1,Ireland,EC Joyce,WTS Porterfield,SP Narine,1,0,"",""
ball,2,4.2,Ireland,WTS Porterfield,EC Joyce,SP Narine,1,0,"",""
ball,2,4.3,Ireland,EC Joyce,WTS Porterfield,SP Narine,1,0,"",""
ball,2,4.4,Ireland,WTS Porterfield,EC Joyce,SP Narine,0,0,"",""
ball,2,4.5,Ireland,WTS Porterfield,EC Joyce,SP Narine,0,0,"",""
ball,2,4.6,Ireland,WTS Porterfield,EC Joyce,SP Narine,1,0,"",""
ball,2,5.1,Ireland,WTS Porterfield,EC Joyce,S Badree,0,0,bowled,WTS Porterfield
ball,2,5.2,Ireland,GC Wilson,EC Joyce,S Badree,0,0,"",""
ball,2,5.3,Ireland,GC Wilson,EC Joyce,S Badree,0,0,"",""
ball,2,5.4,Ireland,GC Wilson,EC Joyce,S Badree,0,0,"",""
ball,2,5.5,Ireland,GC Wilson,EC Joyce,S Badree,4,0,"",""
ball,2,5.6,Ireland,GC Wilson,EC Joyce,S Badree,0,0,"",""
ball,2,6.1,Ireland,EC Joyce,GC Wilson,DJ Bravo,0,0,"",""
ball,2,6.2,Ireland,EC Joyce,GC Wilson,DJ Bravo,1,0,"",""
ball,2,6.3,Ireland,GC Wilson,EC Joyce,DJ Bravo,1,0,"",""
ball,2,6.4,Ireland,EC Joyce,GC Wilson,DJ Bravo,0,0,"",""
ball,2,6.5,Ireland,EC Joyce,GC Wilson,DJ Bravo,1,0,"",""
ball,2,6.6,Ireland,GC Wilson,EC Joyce,DJ Bravo,0,0,"",""
ball,2,7.1,Ireland,EC Joyce,GC Wilson,SP Narine,0,0,"",""
ball,2,7.2,Ireland,EC Joyce,GC Wilson,SP Narine,0,0,caught,EC Joyce
ball,2,7.3,Ireland,AD Poynter,GC Wilson,SP Narine,1,0,"",""
ball,2,7.4,Ireland,GC Wilson,AD Poynter,SP Narine,0,0,"",""
ball,2,7.5,Ireland,GC Wilson,AD Poynter,SP Narine,0,0,"",""
ball,2,7.6,Ireland,GC Wilson,AD Poynter,SP Narine,0,0,"",""
ball,2,8.1,Ireland,AD Poynter,GC Wilson,DJG Sammy,0,0,"",""
ball,2,8.2,Ireland,AD Poynter,GC Wilson,DJG Sammy,1,0,"",""
ball,2,8.3,Ireland,GC Wilson,AD Poynter,DJG Sammy,0,0,"",""
ball,2,8.4,Ireland,GC Wilson,AD Poynter,DJG Sammy,1,0,"",""
ball,2,8.5,Ireland,AD Poynter,GC Wilson,DJG Sammy,0,0,"",""
ball,2,8.6,Ireland,AD Poynter,GC Wilson,DJG Sammy,0,0,caught,AD Poynter
ball,2,9.1,Ireland,GC Wilson,KJ O'Brien,S Badree,0,0,"",""
ball,2,9.2,Ireland,GC Wilson,KJ O'Brien,S Badree,0,0,"",""
ball,2,9.3,Ireland,GC Wilson,KJ O'Brien,S Badree,1,0,"",""
ball,2,9.4,Ireland,KJ O'Brien,GC Wilson,S Badree,0,0,"",""
ball,2,9.5,Ireland,KJ O'Brien,GC Wilson,S Badree,0,0,"",""
ball,2,9.6,Ireland,KJ O'Brien,GC Wilson,S Badree,1,0,"",""
ball,2,10.1,Ireland,KJ O'Brien,GC Wilson,DJG Sammy,2,0,"",""
ball,2,10.2,Ireland,KJ O'Brien,GC Wilson,DJG Sammy,0,0,bowled,KJ O'Brien
ball,2,10.3,Ireland,SR Thompson,GC Wilson,DJG Sammy,0,0,"",""
ball,2,10.4,Ireland,SR Thompson,GC Wilson,DJG Sammy,0,0,"",""
ball,2,10.5,Ireland,SR Thompson,GC Wilson,DJG Sammy,1,0,"",""
ball,2,10.6,Ireland,GC Wilson,SR Thompson,DJG Sammy,1,0,"",""
ball,2,11.1,Ireland,GC Wilson,SR Thompson,DJ Bravo,1,0,"",""
ball,2,11.2,Ireland,SR Thompson,GC Wilson,DJ Bravo,0,0,"",""
ball,2,11.3,Ireland,SR Thompson,GC Wilson,DJ Bravo,4,0,"",""
ball,2,11.4,Ireland,SR Thompson,GC Wilson,DJ Bravo,1,0,"",""
ball,2,11.5,Ireland,GC Wilson,SR Thompson,DJ Bravo,4,0,"",""
ball,2,11.6,Ireland,GC Wilson,SR Thompson,DJ Bravo,1,0,"",""
ball,2,12.1,Ireland,GC Wilson,SR Thompson,DJG Sammy,1,0,"",""
ball,2,12.2,Ireland,SR Thompson,GC Wilson,DJG Sammy,1,0,"",""
ball,2,12.3,Ireland,GC Wilson,SR Thompson,DJG Sammy,4,0,"",""
ball,2,12.4,Ireland,GC Wilson,SR Thompson,DJG Sammy,1,0,"",""
ball,2,12.5,Ireland,SR Thompson,GC Wilson,DJG Sammy,0,0,caught,SR Thompson
ball,2,12.6,Ireland,GC Wilson,MC Sorensen,DJG Sammy,1,0,"",""
ball,2,13.1,Ireland,GC Wilson,MC Sorensen,SP Narine,1,0,"",""
ball,2,13.2,Ireland,MC Sorensen,GC Wilson,SP Narine,0,0,"",""
ball,2,13.3,Ireland,MC Sorensen,GC Wilson,SP Narine,0,0,"",""
ball,2,13.4,Ireland,MC Sorensen,GC Wilson,SP Narine,1,0,"",""
ball,2,13.5,Ireland,GC Wilson,MC Sorensen,SP Narine,1,0,"",""
ball,2,13.6,Ireland,MC Sorensen,GC Wilson,SP Narine,1,0,"",""
ball,2,14.1,Ireland,MC Sorensen,GC Wilson,DJG Sammy,1,0,"",""
ball,2,14.2,Ireland,GC Wilson,MC Sorensen,DJG Sammy,4,0,"",""
ball,2,14.3,Ireland,GC Wilson,MC Sorensen,DJG Sammy,0,0,"",""
ball,2,14.4,Ireland,GC Wilson,MC Sorensen,DJG Sammy,1,0,"",""
ball,2,14.5,Ireland,MC Sorensen,GC Wilson,DJG Sammy,1,0,"",""
ball,2,14.6,Ireland,GC Wilson,MC Sorensen,DJG Sammy,1,0,"",""
ball,2,15.1,Ireland,GC Wilson,MC Sorensen,SP Narine,0,0,"",""
ball,2,15.2,Ireland,GC Wilson,MC Sorensen,SP Narine,1,0,"",""
ball,2,15.3,Ireland,MC Sorensen,GC Wilson,SP Narine,0,0,"",""
ball,2,15.4,Ireland,MC Sorensen,GC Wilson,SP Narine,0,0,"",""
ball,2,15.5,Ireland,MC Sorensen,GC Wilson,SP Narine,1,0,"",""
ball,2,15.6,Ireland,GC Wilson,MC Sorensen,SP Narine,1,0,"",""
ball,2,16.1,Ireland,GC Wilson,MC Sorensen,K Santokie,1,0,"",""
ball,2,16.2,Ireland,MC Sorensen,GC Wilson,K Santokie,0,1,"",""
ball,2,16.3,Ireland,GC Wilson,MC Sorensen,K Santokie,0,0,"",""
ball,2,16.4,Ireland,GC Wilson,MC Sorensen,K Santokie,1,0,"",""
ball,2,16.5,Ireland,MC Sorensen,GC Wilson,K Santokie,0,1,"",""
ball,2,16.6,Ireland,GC Wilson,MC Sorensen,K Santokie,1,0,"",""
ball,2,17.1,Ireland,GC Wilson,MC Sorensen,DJ Bravo,1,0,"",""
ball,2,17.2,Ireland,MC Sorensen,GC Wilson,DJ Bravo,1,0,"",""
ball,2,17.3,Ireland,GC Wilson,MC Sorensen,DJ Bravo,0,0,"",""
ball,2,17.4,Ireland,GC Wilson,MC Sorensen,DJ Bravo,0,0,caught and bowled,GC Wilson
ball,2,17.5,Ireland,MC Sorensen,AR Cusack,DJ Bravo,0,0,"",""
ball,2,17.6,Ireland,MC Sorensen,AR Cusack,DJ Bravo,0,0,"",""
ball,2,18.1,Ireland,AR Cusack,MC Sorensen,K Santokie,1,0,"",""
ball,2,18.2,Ireland,MC Sorensen,AR Cusack,K Santokie,1,0,"",""
ball,2,18.3,Ireland,AR Cusack,MC Sorensen,K Santokie,0,0,"",""
ball,2,18.4,Ireland,AR Cusack,MC Sorensen,K Santokie,1,0,"",""
ball,2,18.5,Ireland,MC Sorensen,AR Cusack,K Santokie,1,0,"",""
ball,2,18.6,Ireland,AR Cusack,MC Sorensen,K Santokie,1,0,"",""
ball,2,19.1,Ireland,AR Cusack,MC Sorensen,DJ Bravo,4,0,"",""
ball,2,19.2,Ireland,AR Cusack,MC Sorensen,DJ Bravo,1,0,"",""
ball,2,19.3,Ireland,MC Sorensen,AR Cusack,DJ Bravo,0,0,run out,AR Cusack
ball,2,19.4,Ireland,TJ Murtagh,MC Sorensen,DJ Bravo,1,0,"",""
ball,2,19.5,Ireland,MC Sorensen,TJ Murtagh,DJ Bravo,1,0,"",""
ball,2,19.6,Ireland,TJ Murtagh,MC Sorensen,DJ Bravo,1,0,"",""
