version,1.3.0
info,team,South Africa
info,team,West Indies
info,gender,male
info,season,2014/15
info,date,2015/01/11
info,series,West Indies in South Africa T20I Series
info,match_number,2
info,venue,New Wanderers Stadium
info,city,Johannesburg
info,toss_winner,West Indies
info,toss_decision,field
info,player_of_match,CH Gayle
info,umpire,S George
info,umpire,AT Holdstock
info,reserve_umpire,DJ Smith
info,tv_umpire,JD Cloete
info,match_referee,RS Madugalle
info,winner,West Indies
info,winner_wickets,4
ball,1,0.1,South Africa,RR Rossouw,MN van Wyk,SJ Benn,0,0,"",""
ball,1,0.2,South Africa,RR Rossouw,MN van Wyk,SJ Benn,1,0,"",""
ball,1,0.3,South Africa,MN van Wyk,RR Rossouw,SJ Benn,0,0,"",""
ball,1,0.4,South Africa,MN van Wyk,RR Rossouw,SJ Benn,4,0,"",""
ball,1,0.5,South Africa,MN van Wyk,RR Rossouw,SJ Benn,0,0,caught,MN van Wyk
ball,1,0.6,South Africa,F du Plessis,RR Rossouw,SJ Benn,0,0,"",""
ball,1,1.1,South Africa,RR Rossouw,F du Plessis,SS Cottrell,0,0,"",""
ball,1,1.2,South Africa,RR Rossouw,F du Plessis,SS Cottrell,6,0,"",""
ball,1,1.3,South Africa,RR Rossouw,F du Plessis,SS Cottrell,0,0,"",""
ball,1,1.4,South Africa,RR Rossouw,F du Plessis,SS Cottrell,6,0,"",""
ball,1,1.5,South Africa,RR Rossouw,F du Plessis,SS Cottrell,0,0,"",""
ball,1,1.6,South Africa,RR Rossouw,F du Plessis,SS Cottrell,2,0,"",""
ball,1,2.1,South Africa,F du Plessis,RR Rossouw,JO Holder,0,1,"",""
ball,1,2.2,South Africa,F du Plessis,RR Rossouw,JO Holder,1,0,"",""
ball,1,2.3,South Africa,RR Rossouw,F du Plessis,JO Holder,0,0,caught,RR Rossouw
ball,1,2.4,South Africa,DA Miller,F du Plessis,JO Holder,0,1,"",""
ball,1,2.5,South Africa,DA Miller,F du Plessis,JO Holder,1,0,"",""
ball,1,2.6,South Africa,F du Plessis,DA Miller,JO Holder,0,0,"",""
ball,1,2.7,South Africa,F du Plessis,DA Miller,JO Holder,4,0,"",""
ball,1,2.8,South Africa,F du Plessis,DA Miller,JO Holder,1,0,"",""
ball,1,3.1,South Africa,F du Plessis,DA Miller,AD Russell,0,1,"",""
ball,1,3.2,South Africa,F du Plessis,DA Miller,AD Russell,1,0,"",""
ball,1,3.3,South Africa,DA Miller,F du Plessis,AD Russell,0,0,"",""
ball,1,3.4,South Africa,DA Miller,F du Plessis,AD Russell,4,0,"",""
ball,1,3.5,South Africa,DA Miller,F du Plessis,AD Russell,0,0,"",""
ball,1,3.6,South Africa,DA Miller,F du Plessis,AD Russell,1,0,"",""
ball,1,3.7,South Africa,F du Plessis,DA Miller,AD Russell,0,0,"",""
ball,1,4.1,South Africa,DA Miller,F du Plessis,JO Holder,1,0,"",""
ball,1,4.2,South Africa,F du Plessis,DA Miller,JO Holder,4,0,"",""
ball,1,4.3,South Africa,F du Plessis,DA Miller,JO Holder,1,0,"",""
ball,1,4.4,South Africa,DA Miller,F du Plessis,JO Holder,4,0,"",""
ball,1,4.5,South Africa,DA Miller,F du Plessis,JO Holder,4,0,"",""
ball,1,4.6,South Africa,DA Miller,F du Plessis,JO Holder,0,0,"",""
ball,1,5.1,South Africa,F du Plessis,DA Miller,SJ Benn,2,0,"",""
ball,1,5.2,South Africa,F du Plessis,DA Miller,SJ Benn,6,0,"",""
ball,1,5.3,South Africa,F du Plessis,DA Miller,SJ Benn,0,0,"",""
ball,1,5.4,South Africa,F du Plessis,DA Miller,SJ Benn,4,0,"",""
ball,1,5.5,South Africa,F du Plessis,DA Miller,SJ Benn,4,0,"",""
ball,1,5.6,South Africa,F du Plessis,DA Miller,SJ Benn,4,0,"",""
ball,1,6.1,South Africa,DA Miller,F du Plessis,DJ Bravo,1,0,"",""
ball,1,6.2,South Africa,F du Plessis,DA Miller,DJ Bravo,0,0,"",""
ball,1,6.3,South Africa,F du Plessis,DA Miller,DJ Bravo,1,0,"",""
ball,1,6.4,South Africa,DA Miller,F du Plessis,DJ Bravo,0,0,"",""
ball,1,6.5,South Africa,DA Miller,F du Plessis,DJ Bravo,6,0,"",""
ball,1,6.6,South Africa,DA Miller,F du Plessis,DJ Bravo,0,1,"",""
ball,1,7.1,South Africa,DA Miller,F du Plessis,SS Cottrell,0,0,"",""
ball,1,7.2,South Africa,DA Miller,F du Plessis,SS Cottrell,2,0,"",""
ball,1,7.3,South Africa,DA Miller,F du Plessis,SS Cottrell,1,0,"",""
ball,1,7.4,South Africa,F du Plessis,DA Miller,SS Cottrell,4,0,"",""
ball,1,7.5,South Africa,F du Plessis,DA Miller,SS Cottrell,1,0,"",""
ball,1,7.6,South Africa,DA Miller,F du Plessis,SS Cottrell,0,1,"",""
ball,1,8.1,South Africa,DA Miller,F du Plessis,DJG Sammy,6,0,"",""
ball,1,8.2,South Africa,DA Miller,F du Plessis,DJG Sammy,1,0,"",""
ball,1,8.3,South Africa,F du Plessis,DA Miller,DJG Sammy,2,0,"",""
ball,1,8.4,South Africa,F du Plessis,DA Miller,DJG Sammy,1,0,"",""
ball,1,8.5,South Africa,DA Miller,F du Plessis,DJG Sammy,1,0,"",""
ball,1,8.6,South Africa,F du Plessis,DA Miller,DJG Sammy,6,0,"",""
ball,1,9.1,South Africa,DA Miller,F du Plessis,SJ Benn,0,0,"",""
ball,1,9.2,South Africa,DA Miller,F du Plessis,SJ Benn,2,0,"",""
ball,1,9.3,South Africa,DA Miller,F du Plessis,SJ Benn,6,0,"",""
ball,1,9.4,South Africa,DA Miller,F du Plessis,SJ Benn,1,0,"",""
ball,1,9.5,South Africa,F du Plessis,DA Miller,SJ Benn,6,0,"",""
ball,1,9.6,South Africa,F du Plessis,DA Miller,SJ Benn,2,0,"",""
ball,1,10.1,South Africa,DA Miller,F du Plessis,AD Russell,4,0,"",""
ball,1,10.2,South Africa,DA Miller,F du Plessis,AD Russell,1,0,"",""
ball,1,10.3,South Africa,F du Plessis,DA Miller,AD Russell,0,0,run out,DA Miller
ball,1,10.4,South Africa,JL Ontong,F du Plessis,AD Russell,0,0,"",""
ball,1,10.5,South Africa,JL Ontong,F du Plessis,AD Russell,0,0,"",""
ball,1,10.6,South Africa,JL Ontong,F du Plessis,AD Russell,0,1,"",""
ball,1,10.7,South Africa,JL Ontong,F du Plessis,AD Russell,2,0,"",""
ball,1,11.1,South Africa,F du Plessis,JL Ontong,DJ Bravo,1,0,"",""
ball,1,11.2,South Africa,JL Ontong,F du Plessis,DJ Bravo,0,0,"",""
ball,1,11.3,South Africa,JL Ontong,F du Plessis,DJ Bravo,1,0,"",""
ball,1,11.4,South Africa,F du Plessis,JL Ontong,DJ Bravo,1,0,"",""
ball,1,11.5,South Africa,JL Ontong,F du Plessis,DJ Bravo,1,0,"",""
ball,1,11.6,South Africa,F du Plessis,JL Ontong,DJ Bravo,1,0,"",""
ball,1,12.1,South Africa,F du Plessis,JL Ontong,AD Russell,2,0,"",""
ball,1,12.2,South Africa,F du Plessis,JL Ontong,AD Russell,0,1,"",""
ball,1,12.3,South Africa,F du Plessis,JL Ontong,AD Russell,1,0,"",""
ball,1,12.4,South Africa,JL Ontong,F du Plessis,AD Russell,4,1,"",""
ball,1,12.5,South Africa,JL Ontong,F du Plessis,AD Russell,1,0,"",""
ball,1,12.6,South Africa,F du Plessis,JL Ontong,AD Russell,1,0,"",""
ball,1,12.7,South Africa,JL Ontong,F du Plessis,AD Russell,0,0,"",""
ball,1,12.8,South Africa,JL Ontong,F du Plessis,AD Russell,6,0,"",""
ball,1,13.1,South Africa,F du Plessis,JL Ontong,DJ Bravo,1,0,"",""
ball,1,13.2,South Africa,JL Ontong,F du Plessis,DJ Bravo,4,0,"",""
ball,1,13.3,South Africa,JL Ontong,F du Plessis,DJ Bravo,0,0,caught,JL Ontong
ball,1,13.4,South Africa,F du Plessis,F Behardien,DJ Bravo,1,0,"",""
ball,1,13.5,South Africa,F Behardien,F du Plessis,DJ Bravo,1,0,"",""
ball,1,13.6,South Africa,F du Plessis,F Behardien,DJ Bravo,0,1,"",""
ball,1,13.7,South Africa,F du Plessis,F Behardien,DJ Bravo,2,0,"",""
ball,1,14.1,South Africa,F Behardien,F du Plessis,KA Pollard,1,0,"",""
ball,1,14.2,South Africa,F du Plessis,F Behardien,KA Pollard,2,0,"",""
ball,1,14.3,South Africa,F du Plessis,F Behardien,KA Pollard,2,0,"",""
ball,1,14.4,South Africa,F du Plessis,F Behardien,KA Pollard,2,0,"",""
ball,1,14.5,South Africa,F du Plessis,F Behardien,KA Pollard,4,0,"",""
ball,1,14.6,South Africa,F du Plessis,F Behardien,KA Pollard,1,0,"",""
ball,1,15.1,South Africa,F du Plessis,F Behardien,SS Cottrell,2,0,"",""
ball,1,15.2,South Africa,F du Plessis,F Behardien,SS Cottrell,4,0,"",""
ball,1,15.3,South Africa,F du Plessis,F Behardien,SS Cottrell,4,1,"",""
ball,1,15.4,South Africa,F du Plessis,F Behardien,SS Cottrell,2,0,"",""
ball,1,15.5,South Africa,F du Plessis,F Behardien,SS Cottrell,2,0,"",""
ball,1,15.6,South Africa,F du Plessis,F Behardien,SS Cottrell,6,0,"",""
ball,1,15.7,South Africa,F du Plessis,F Behardien,SS Cottrell,4,0,"",""
ball,1,16.1,South Africa,F Behardien,F du Plessis,JO Holder,1,0,"",""
ball,1,16.2,South Africa,F du Plessis,F Behardien,JO Holder,2,0,"",""
ball,1,16.3,South Africa,F du Plessis,F Behardien,JO Holder,2,0,"",""
ball,1,16.4,South Africa,F du Plessis,F Behardien,JO Holder,1,0,"",""
ball,1,16.5,South Africa,F Behardien,F du Plessis,JO Holder,1,0,"",""
ball,1,16.6,South Africa,F du Plessis,F Behardien,JO Holder,1,0,"",""
ball,1,17.1,South Africa,F du Plessis,F Behardien,AD Russell,0,0,"",""
ball,1,17.2,South Africa,F du Plessis,F Behardien,AD Russell,4,0,"",""
ball,1,17.3,South Africa,F du Plessis,F Behardien,AD Russell,1,0,"",""
ball,1,17.4,South Africa,F Behardien,F du Plessis,AD Russell,0,0,"",""
ball,1,17.5,South Africa,F Behardien,F du Plessis,AD Russell,0,0,"",""
ball,1,17.6,South Africa,F Behardien,F du Plessis,AD Russell,0,1,"",""
ball,1,17.7,South Africa,F Behardien,F du Plessis,AD Russell,1,0,"",""
ball,1,18.1,South Africa,F Behardien,F du Plessis,JO Holder,0,0,"",""
ball,1,18.2,South Africa,F Behardien,F du Plessis,JO Holder,1,0,"",""
ball,1,18.3,South Africa,F du Plessis,F Behardien,JO Holder,1,0,"",""
ball,1,18.4,South Africa,F Behardien,F du Plessis,JO Holder,1,0,"",""
ball,1,18.5,South Africa,F du Plessis,F Behardien,JO Holder,6,0,"",""
ball,1,18.6,South Africa,F du Plessis,F Behardien,JO Holder,0,0,caught,F du Plessis
ball,1,19.1,South Africa,D Wiese,F Behardien,DJ Bravo,6,0,"",""
ball,1,19.2,South Africa,D Wiese,F Behardien,DJ Bravo,0,0,caught,D Wiese
ball,1,19.3,South Africa,F Behardien,KJ Abbott,DJ Bravo,0,0,"",""
ball,1,19.4,South Africa,F Behardien,KJ Abbott,DJ Bravo,1,0,"",""
ball,1,19.5,South Africa,KJ Abbott,F Behardien,DJ Bravo,2,0,"",""
ball,1,19.6,South Africa,KJ Abbott,F Behardien,DJ Bravo,0,0,run out,KJ Abbott
ball,2,0.1,West Indies,DR Smith,CH Gayle,KJ Abbott,4,0,"",""
ball,2,0.2,West Indies,DR Smith,CH Gayle,KJ Abbott,0,0,"",""
ball,2,0.3,West Indies,DR Smith,CH Gayle,KJ Abbott,4,0,"",""
ball,2,0.4,West Indies,DR Smith,CH Gayle,KJ Abbott,4,0,"",""
ball,2,0.5,West Indies,DR Smith,CH Gayle,KJ Abbott,0,0,"",""
ball,2,0.6,West Indies,DR Smith,CH Gayle,KJ Abbott,0,0,"",""
ball,2,1.1,West Indies,CH Gayle,DR Smith,M de Lange,1,0,"",""
ball,2,1.2,West Indies,DR Smith,CH Gayle,M de Lange,1,0,"",""
ball,2,1.3,West Indies,CH Gayle,DR Smith,M de Lange,1,0,"",""
ball,2,1.4,West Indies,DR Smith,CH Gayle,M de Lange,4,0,"",""
ball,2,1.5,West Indies,DR Smith,CH Gayle,M de Lange,0,0,lbw,DR Smith
ball,2,1.6,West Indies,MN Samuels,CH Gayle,M de Lange,0,1,"",""
ball,2,1.7,West Indies,MN Samuels,CH Gayle,M de Lange,2,0,"",""
ball,2,2.1,West Indies,CH Gayle,MN Samuels,KJ Abbott,0,0,"",""
ball,2,2.2,West Indies,CH Gayle,MN Samuels,KJ Abbott,4,0,"",""
ball,2,2.3,West Indies,CH Gayle,MN Samuels,KJ Abbott,4,0,"",""
ball,2,2.4,West Indies,CH Gayle,MN Samuels,KJ Abbott,4,0,"",""
ball,2,2.5,West Indies,CH Gayle,MN Samuels,KJ Abbott,4,0,"",""
ball,2,2.6,West Indies,CH Gayle,MN Samuels,KJ Abbott,6,0,"",""
ball,2,3.1,West Indies,MN Samuels,CH Gayle,D Wiese,4,0,"",""
ball,2,3.2,West Indies,MN Samuels,CH Gayle,D Wiese,0,1,"",""
ball,2,3.3,West Indies,MN Samuels,CH Gayle,D Wiese,0,0,"",""
ball,2,3.4,West Indies,MN Samuels,CH Gayle,D Wiese,0,0,"",""
ball,2,3.5,West Indies,MN Samuels,CH Gayle,D Wiese,0,0,"",""
ball,2,3.6,West Indies,MN Samuels,CH Gayle,D Wiese,0,0,"",""
ball,2,3.7,West Indies,MN Samuels,CH Gayle,D Wiese,6,0,"",""
ball,2,4.1,West Indies,CH Gayle,MN Samuels,M de Lange,0,0,"",""
ball,2,4.2,West Indies,CH Gayle,MN Samuels,M de Lange,4,0,"",""
ball,2,4.3,West Indies,CH Gayle,MN Samuels,M de Lange,4,0,"",""
ball,2,4.4,West Indies,CH Gayle,MN Samuels,M de Lange,0,0,"",""
ball,2,4.5,West Indies,CH Gayle,MN Samuels,M de Lange,0,1,"",""
ball,2,4.6,West Indies,CH Gayle,MN Samuels,M de Lange,6,0,"",""
ball,2,4.7,West Indies,CH Gayle,MN Samuels,M de Lange,0,0,"",""
ball,2,5.1,West Indies,MN Samuels,CH Gayle,D Wiese,6,0,"",""
ball,2,5.2,West Indies,MN Samuels,CH Gayle,D Wiese,4,0,"",""
ball,2,5.3,West Indies,MN Samuels,CH Gayle,D Wiese,2,0,"",""
ball,2,5.4,West Indies,MN Samuels,CH Gayle,D Wiese,0,0,"",""
ball,2,5.5,West Indies,MN Samuels,CH Gayle,D Wiese,4,0,"",""
ball,2,5.6,West Indies,MN Samuels,CH Gayle,D Wiese,0,0,"",""
ball,2,6.1,West Indies,CH Gayle,MN Samuels,AM Phangiso,0,0,"",""
ball,2,6.2,West Indies,CH Gayle,MN Samuels,AM Phangiso,4,0,"",""
ball,2,6.3,West Indies,CH Gayle,MN Samuels,AM Phangiso,1,0,"",""
ball,2,6.4,West Indies,MN Samuels,CH Gayle,AM Phangiso,1,0,"",""
ball,2,6.5,West Indies,CH Gayle,MN Samuels,AM Phangiso,1,0,"",""
ball,2,6.6,West Indies,MN Samuels,CH Gayle,AM Phangiso,0,0,"",""
ball,2,7.1,West Indies,CH Gayle,MN Samuels,Imran Tahir,1,0,"",""
ball,2,7.2,West Indies,MN Samuels,CH Gayle,Imran Tahir,1,0,"",""
ball,2,7.3,West Indies,CH Gayle,MN Samuels,Imran Tahir,6,0,"",""
ball,2,7.4,West Indies,CH Gayle,MN Samuels,Imran Tahir,0,1,"",""
ball,2,7.5,West Indies,CH Gayle,MN Samuels,Imran Tahir,0,0,"",""
ball,2,7.6,West Indies,CH Gayle,MN Samuels,Imran Tahir,0,0,"",""
ball,2,7.7,West Indies,CH Gayle,MN Samuels,Imran Tahir,0,0,"",""
ball,2,8.1,West Indies,MN Samuels,CH Gayle,AM Phangiso,0,0,"",""
ball,2,8.2,West Indies,MN Samuels,CH Gayle,AM Phangiso,1,0,"",""
ball,2,8.3,West Indies,CH Gayle,MN Samuels,AM Phangiso,6,0,"",""
ball,2,8.4,West Indies,CH Gayle,MN Samuels,AM Phangiso,4,0,"",""
ball,2,8.5,West Indies,CH Gayle,MN Samuels,AM Phangiso,6,0,"",""
ball,2,8.6,West Indies,CH Gayle,MN Samuels,AM Phangiso,0,0,"",""
ball,2,9.1,West Indies,MN Samuels,CH Gayle,Imran Tahir,1,0,"",""
ball,2,9.2,West Indies,CH Gayle,MN Samuels,Imran Tahir,1,0,"",""
ball,2,9.3,West Indies,MN Samuels,CH Gayle,Imran Tahir,1,0,"",""
ball,2,9.4,West Indies,CH Gayle,MN Samuels,Imran Tahir,6,0,"",""
ball,2,9.5,West Indies,CH Gayle,MN Samuels,Imran Tahir,1,0,"",""
ball,2,9.6,West Indies,MN Samuels,CH Gayle,Imran Tahir,1,0,"",""
ball,2,10.1,West Indies,MN Samuels,CH Gayle,JL Ontong,4,0,"",""
ball,2,10.2,West Indies,MN Samuels,CH Gayle,JL Ontong,4,0,"",""
ball,2,10.3,West Indies,MN Samuels,CH Gayle,JL Ontong,1,0,"",""
ball,2,10.4,West Indies,CH Gayle,MN Samuels,JL Ontong,1,0,"",""
ball,2,10.5,West Indies,MN Samuels,CH Gayle,JL Ontong,1,0,"",""
ball,2,10.6,West Indies,CH Gayle,MN Samuels,JL Ontong,6,0,"",""
ball,2,11.1,West Indies,MN Samuels,CH Gayle,M de Lange,4,0,"",""
ball,2,11.2,West Indies,MN Samuels,CH Gayle,M de Lange,1,0,"",""
ball,2,11.3,West Indies,CH Gayle,MN Samuels,M de Lange,4,0,"",""
ball,2,11.4,West Indies,CH Gayle,MN Samuels,M de Lange,0,0,"",""
ball,2,11.5,West Indies,CH Gayle,MN Samuels,M de Lange,1,0,"",""
ball,2,11.6,West Indies,MN Samuels,CH Gayle,M de Lange,0,0,"",""
ball,2,12.1,West Indies,CH Gayle,MN Samuels,Imran Tahir,0,4,"",""
ball,2,12.2,West Indies,CH Gayle,MN Samuels,Imran Tahir,2,0,"",""
ball,2,12.3,West Indies,CH Gayle,MN Samuels,Imran Tahir,0,0,"",""
ball,2,12.4,West Indies,CH Gayle,MN Samuels,Imran Tahir,1,0,"",""
ball,2,12.5,West Indies,MN Samuels,CH Gayle,Imran Tahir,1,0,"",""
ball,2,12.6,West Indies,CH Gayle,MN Samuels,Imran Tahir,0,0,"",""
ball,2,13.1,West Indies,MN Samuels,CH Gayle,D Wiese,4,0,"",""
ball,2,13.2,West Indies,MN Samuels,CH Gayle,D Wiese,0,0,"",""
ball,2,13.3,West Indies,MN Samuels,CH Gayle,D Wiese,1,0,"",""
ball,2,13.4,West Indies,CH Gayle,MN Samuels,D Wiese,0,1,"",""
ball,2,13.5,West Indies,CH Gayle,MN Samuels,D Wiese,0,0,caught,CH Gayle
ball,2,13.6,West Indies,KA Pollard,MN Samuels,D Wiese,1,0,"",""
ball,2,13.7,West Indies,MN Samuels,KA Pollard,D Wiese,1,0,"",""
ball,2,14.1,West Indies,MN Samuels,KA Pollard,Imran Tahir,2,0,"",""
ball,2,14.2,West Indies,MN Samuels,KA Pollard,Imran Tahir,0,0,"",""
ball,2,14.3,West Indies,MN Samuels,KA Pollard,Imran Tahir,1,0,"",""
ball,2,14.4,West Indies,KA Pollard,MN Samuels,Imran Tahir,1,0,"",""
ball,2,14.5,West Indies,MN Samuels,KA Pollard,Imran Tahir,0,0,"",""
ball,2,14.6,West Indies,MN Samuels,KA Pollard,Imran Tahir,1,0,"",""
ball,2,15.1,West Indies,MN Samuels,KA Pollard,D Wiese,0,0,caught,MN Samuels
ball,2,15.2,West Indies,KA Pollard,AD Russell,D Wiese,1,0,"",""
ball,2,15.3,West Indies,AD Russell,KA Pollard,D Wiese,1,0,"",""
ball,2,15.4,West Indies,KA Pollard,AD Russell,D Wiese,4,0,"",""
ball,2,15.5,West Indies,KA Pollard,AD Russell,D Wiese,0,1,"",""
ball,2,15.6,West Indies,KA Pollard,AD Russell,D Wiese,0,0,caught,KA Pollard
ball,2,15.7,West Indies,AD Russell,DJ Bravo,D Wiese,1,0,"",""
ball,2,16.1,West Indies,AD Russell,DJ Bravo,KJ Abbott,2,0,"",""
ball,2,16.2,West Indies,AD Russell,DJ Bravo,KJ Abbott,6,0,"",""
ball,2,16.3,West Indies,AD Russell,DJ Bravo,KJ Abbott,4,0,"",""
ball,2,16.4,West Indies,AD Russell,DJ Bravo,KJ Abbott,0,0,caught,AD Russell
ball,2,16.5,West Indies,DJ Bravo,DJG Sammy,KJ Abbott,0,0,"",""
ball,2,16.6,West Indies,DJ Bravo,DJG Sammy,KJ Abbott,4,0,"",""
ball,2,17.1,West Indies,DJG Sammy,DJ Bravo,AM Phangiso,1,0,"",""
ball,2,17.2,West Indies,DJ Bravo,DJG Sammy,AM Phangiso,0,0,"",""
ball,2,17.3,West Indies,DJ Bravo,DJG Sammy,AM Phangiso,6,0,"",""
ball,2,17.4,West Indies,DJ Bravo,DJG Sammy,AM Phangiso,0,0,caught,DJ Bravo
ball,2,17.5,West Indies,DJG Sammy,D Ramdin,AM Phangiso,1,0,"",""
ball,2,17.6,West Indies,D Ramdin,DJG Sammy,AM Phangiso,1,0,"",""
ball,2,18.1,West Indies,D Ramdin,DJG Sammy,KJ Abbott,0,1,"",""
ball,2,18.2,West Indies,D Ramdin,DJG Sammy,KJ Abbott,4,0,"",""
ball,2,18.3,West Indies,D Ramdin,DJG Sammy,KJ Abbott,1,0,"",""
ball,2,18.4,West Indies,DJG Sammy,D Ramdin,KJ Abbott,4,0,"",""
ball,2,18.5,West Indies,DJG Sammy,D Ramdin,KJ Abbott,4,0,"",""
ball,2,18.6,West Indies,DJG Sammy,D Ramdin,KJ Abbott,2,0,"",""
ball,2,18.7,West Indies,DJG Sammy,D Ramdin,KJ Abbott,2,0,"",""
ball,2,19.1,West Indies,D Ramdin,DJG Sammy,M de Lange,1,0,"",""
ball,2,19.2,West Indies,DJG Sammy,D Ramdin,M de Lange,6,0,"",""
