version,1.3.0
info,team,West Indies
info,team,New Zealand
info,gender,male
info,season,2014
info,date,2014/07/06
info,series,New Zealand in West Indies T20I Series
info,match_number,2
info,venue,"Windsor Park, Roseau"
info,city,Dominica
info,toss_winner,New Zealand
info,toss_decision,field
info,player_of_match,ADS Fletcher
info,umpire,GO Brathwaite
info,umpire,JS Wilson
info,reserve_umpire,PJ Nero
info,tv_umpire,N Duguid
info,match_referee,J Srinath
info,winner,West Indies
info,winner_runs,39
ball,1,0.1,West Indies,DR Smith,LMP Simmons,TG Southee,0,0,"",""
ball,1,0.2,West Indies,DR Smith,LMP Simmons,TG Southee,1,0,"",""
ball,1,0.3,West Indies,LMP Simmons,DR Smith,TG Southee,1,0,"",""
ball,1,0.4,West Indies,DR Smith,LMP Simmons,TG Southee,4,0,"",""
ball,1,0.5,West Indies,DR Smith,LMP Simmons,TG Southee,4,0,"",""
ball,1,0.6,West Indies,DR Smith,LMP Simmons,TG Southee,0,0,"",""
ball,1,1.1,West Indies,LMP Simmons,DR Smith,TA Boult,0,0,"",""
ball,1,1.2,West Indies,LMP Simmons,DR Smith,TA Boult,0,0,"",""
ball,1,1.3,West Indies,LMP Simmons,DR Smith,TA Boult,0,0,"",""
ball,1,1.4,West Indies,LMP Simmons,DR Smith,TA Boult,0,0,"",""
ball,1,1.5,West Indies,LMP Simmons,DR Smith,TA Boult,0,0,"",""
ball,1,1.6,West Indies,LMP Simmons,DR Smith,TA Boult,0,0,"",""
ball,1,2.1,West Indies,DR Smith,LMP Simmons,TG Southee,0,0,bowled,DR Smith
ball,1,2.2,West Indies,ADS Fletcher,LMP Simmons,TG Southee,1,0,"",""
ball,1,2.3,West Indies,LMP Simmons,ADS Fletcher,TG Southee,1,0,"",""
ball,1,2.4,West Indies,ADS Fletcher,LMP Simmons,TG Southee,0,0,"",""
ball,1,2.5,West Indies,ADS Fletcher,LMP Simmons,TG Southee,1,0,"",""
ball,1,2.6,West Indies,LMP Simmons,ADS Fletcher,TG Southee,1,0,"",""
ball,1,3.1,West Indies,LMP Simmons,ADS Fletcher,TA Boult,1,0,"",""
ball,1,3.2,West Indies,ADS Fletcher,LMP Simmons,TA Boult,0,0,"",""
ball,1,3.3,West Indies,ADS Fletcher,LMP Simmons,TA Boult,0,0,"",""
ball,1,3.4,West Indies,ADS Fletcher,LMP Simmons,TA Boult,1,0,"",""
ball,1,3.5,West Indies,LMP Simmons,ADS Fletcher,TA Boult,0,0,"",""
ball,1,3.6,West Indies,LMP Simmons,ADS Fletcher,TA Boult,0,0,"",""
ball,1,4.1,West Indies,ADS Fletcher,LMP Simmons,JDS Neesham,4,0,"",""
ball,1,4.2,West Indies,ADS Fletcher,LMP Simmons,JDS Neesham,0,0,"",""
ball,1,4.3,West Indies,ADS Fletcher,LMP Simmons,JDS Neesham,6,0,"",""
ball,1,4.4,West Indies,ADS Fletcher,LMP Simmons,JDS Neesham,0,0,"",""
ball,1,4.5,West Indies,ADS Fletcher,LMP Simmons,JDS Neesham,0,0,"",""
ball,1,4.6,West Indies,ADS Fletcher,LMP Simmons,JDS Neesham,1,0,"",""
ball,1,5.1,West Indies,ADS Fletcher,LMP Simmons,TA Boult,1,0,"",""
ball,1,5.2,West Indies,LMP Simmons,ADS Fletcher,TA Boult,6,0,"",""
ball,1,5.3,West Indies,LMP Simmons,ADS Fletcher,TA Boult,0,0,"",""
ball,1,5.4,West Indies,LMP Simmons,ADS Fletcher,TA Boult,0,0,"",""
ball,1,5.5,West Indies,LMP Simmons,ADS Fletcher,TA Boult,0,1,"",""
ball,1,5.6,West Indies,LMP Simmons,ADS Fletcher,TA Boult,1,0,"",""
ball,1,5.7,West Indies,ADS Fletcher,LMP Simmons,TA Boult,0,0,"",""
ball,1,6.1,West Indies,LMP Simmons,ADS Fletcher,JDS Neesham,0,0,"",""
ball,1,6.2,West Indies,LMP Simmons,ADS Fletcher,JDS Neesham,2,0,"",""
ball,1,6.3,West Indies,LMP Simmons,ADS Fletcher,JDS Neesham,1,0,"",""
ball,1,6.4,West Indies,ADS Fletcher,LMP Simmons,JDS Neesham,1,0,"",""
ball,1,6.5,West Indies,LMP Simmons,ADS Fletcher,JDS Neesham,4,0,"",""
ball,1,6.6,West Indies,LMP Simmons,ADS Fletcher,JDS Neesham,0,0,"",""
ball,1,7.1,West Indies,ADS Fletcher,LMP Simmons,CJ Anderson,1,0,"",""
ball,1,7.2,West Indies,LMP Simmons,ADS Fletcher,CJ Anderson,1,0,"",""
ball,1,7.3,West Indies,ADS Fletcher,LMP Simmons,CJ Anderson,4,0,"",""
ball,1,7.4,West Indies,ADS Fletcher,LMP Simmons,CJ Anderson,2,0,"",""
ball,1,7.5,West Indies,ADS Fletcher,LMP Simmons,CJ Anderson,1,0,"",""
ball,1,7.6,West Indies,LMP Simmons,ADS Fletcher,CJ Anderson,1,0,"",""
ball,1,8.1,West Indies,LMP Simmons,ADS Fletcher,JDS Neesham,1,0,"",""
ball,1,8.2,West Indies,ADS Fletcher,LMP Simmons,JDS Neesham,0,0,"",""
ball,1,8.3,West Indies,ADS Fletcher,LMP Simmons,JDS Neesham,2,0,"",""
ball,1,8.4,West Indies,ADS Fletcher,LMP Simmons,JDS Neesham,1,0,"",""
ball,1,8.5,West Indies,LMP Simmons,ADS Fletcher,JDS Neesham,4,0,"",""
ball,1,8.6,West Indies,LMP Simmons,ADS Fletcher,JDS Neesham,0,0,"",""
ball,1,9.1,West Indies,ADS Fletcher,LMP Simmons,CJ Anderson,1,0,"",""
ball,1,9.2,West Indies,LMP Simmons,ADS Fletcher,CJ Anderson,6,0,"",""
ball,1,9.3,West Indies,LMP Simmons,ADS Fletcher,CJ Anderson,0,0,"",""
ball,1,9.4,West Indies,LMP Simmons,ADS Fletcher,CJ Anderson,0,0,"",""
ball,1,9.5,West Indies,LMP Simmons,ADS Fletcher,CJ Anderson,4,0,"",""
ball,1,9.6,West Indies,LMP Simmons,ADS Fletcher,CJ Anderson,0,0,"",""
ball,1,10.1,West Indies,ADS Fletcher,LMP Simmons,IS Sodhi,1,0,"",""
ball,1,10.2,West Indies,LMP Simmons,ADS Fletcher,IS Sodhi,1,0,"",""
ball,1,10.3,West Indies,ADS Fletcher,LMP Simmons,IS Sodhi,1,0,"",""
ball,1,10.4,West Indies,LMP Simmons,ADS Fletcher,IS Sodhi,0,0,"",""
ball,1,10.5,West Indies,LMP Simmons,ADS Fletcher,IS Sodhi,0,0,caught,LMP Simmons
ball,1,10.6,West Indies,DM Bravo,ADS Fletcher,IS Sodhi,0,0,"",""
ball,1,11.1,West Indies,ADS Fletcher,DM Bravo,KS Williamson,0,0,"",""
ball,1,11.2,West Indies,ADS Fletcher,DM Bravo,KS Williamson,1,0,"",""
ball,1,11.3,West Indies,DM Bravo,ADS Fletcher,KS Williamson,1,0,"",""
ball,1,11.4,West Indies,ADS Fletcher,DM Bravo,KS Williamson,1,0,"",""
ball,1,11.5,West Indies,DM Bravo,ADS Fletcher,KS Williamson,0,2,"",""
ball,1,11.6,West Indies,ADS Fletcher,DM Bravo,KS Williamson,1,0,"",""
ball,1,11.7,West Indies,DM Bravo,ADS Fletcher,KS Williamson,2,0,"",""
ball,1,12.1,West Indies,ADS Fletcher,DM Bravo,IS Sodhi,1,0,"",""
ball,1,12.2,West Indies,DM Bravo,ADS Fletcher,IS Sodhi,1,0,"",""
ball,1,12.3,West Indies,ADS Fletcher,DM Bravo,IS Sodhi,0,0,"",""
ball,1,12.4,West Indies,ADS Fletcher,DM Bravo,IS Sodhi,1,0,"",""
ball,1,12.5,West Indies,DM Bravo,ADS Fletcher,IS Sodhi,4,0,"",""
ball,1,12.6,West Indies,DM Bravo,ADS Fletcher,IS Sodhi,6,0,"",""
ball,1,13.1,West Indies,ADS Fletcher,DM Bravo,KS Williamson,0,0,"",""
ball,1,13.2,West Indies,ADS Fletcher,DM Bravo,KS Williamson,1,0,"",""
ball,1,13.3,West Indies,DM Bravo,ADS Fletcher,KS Williamson,0,0,bowled,DM Bravo
ball,1,13.4,West Indies,KA Pollard,ADS Fletcher,KS Williamson,0,0,"",""
ball,1,13.5,West Indies,KA Pollard,ADS Fletcher,KS Williamson,1,0,"",""
ball,1,13.6,West Indies,ADS Fletcher,KA Pollard,KS Williamson,1,0,"",""
ball,1,14.1,West Indies,ADS Fletcher,KA Pollard,TG Southee,1,0,"",""
ball,1,14.2,West Indies,KA Pollard,ADS Fletcher,TG Southee,0,0,"",""
ball,1,14.3,West Indies,KA Pollard,ADS Fletcher,TG Southee,1,0,"",""
ball,1,14.4,West Indies,ADS Fletcher,KA Pollard,TG Southee,6,0,"",""
ball,1,14.5,West Indies,ADS Fletcher,KA Pollard,TG Southee,0,0,"",""
ball,1,14.6,West Indies,ADS Fletcher,KA Pollard,TG Southee,1,0,"",""
ball,1,15.1,West Indies,ADS Fletcher,KA Pollard,CJ Anderson,3,0,"",""
ball,1,15.2,West Indies,KA Pollard,ADS Fletcher,CJ Anderson,0,0,"",""
ball,1,15.3,West Indies,KA Pollard,ADS Fletcher,CJ Anderson,4,0,"",""
ball,1,15.4,West Indies,KA Pollard,ADS Fletcher,CJ Anderson,4,0,"",""
ball,1,15.5,West Indies,KA Pollard,ADS Fletcher,CJ Anderson,1,0,"",""
ball,1,15.6,West Indies,ADS Fletcher,KA Pollard,CJ Anderson,1,0,"",""
ball,1,16.1,West Indies,ADS Fletcher,KA Pollard,JDS Neesham,1,0,"",""
ball,1,16.2,West Indies,KA Pollard,ADS Fletcher,JDS Neesham,1,0,"",""
ball,1,16.3,West Indies,ADS Fletcher,KA Pollard,JDS Neesham,0,0,"",""
ball,1,16.4,West Indies,ADS Fletcher,KA Pollard,JDS Neesham,0,0,"",""
ball,1,16.5,West Indies,ADS Fletcher,KA Pollard,JDS Neesham,1,0,"",""
ball,1,16.6,West Indies,KA Pollard,ADS Fletcher,JDS Neesham,1,0,"",""
ball,1,17.1,West Indies,KA Pollard,ADS Fletcher,CJ Anderson,0,0,"",""
ball,1,17.2,West Indies,KA Pollard,ADS Fletcher,CJ Anderson,0,0,caught,KA Pollard
ball,1,17.3,West Indies,ADS Fletcher,DJG Sammy,CJ Anderson,6,0,"",""
ball,1,17.4,West Indies,ADS Fletcher,DJG Sammy,CJ Anderson,1,0,"",""
ball,1,17.5,West Indies,DJG Sammy,ADS Fletcher,CJ Anderson,6,0,"",""
ball,1,17.6,West Indies,DJG Sammy,ADS Fletcher,CJ Anderson,4,0,"",""
ball,1,18.1,West Indies,ADS Fletcher,DJG Sammy,TA Boult,4,0,"",""
ball,1,18.2,West Indies,ADS Fletcher,DJG Sammy,TA Boult,0,0,bowled,ADS Fletcher
ball,1,18.3,West Indies,AD Russell,DJG Sammy,TA Boult,1,0,"",""
ball,1,18.4,West Indies,DJG Sammy,AD Russell,TA Boult,0,0,caught,DJG Sammy
ball,1,18.5,West Indies,AD Russell,D Ramdin,TA Boult,4,0,"",""
ball,1,18.6,West Indies,AD Russell,D Ramdin,TA Boult,0,1,"",""
ball,1,18.7,West Indies,AD Russell,D Ramdin,TA Boult,1,0,"",""
ball,1,19.1,West Indies,AD Russell,D Ramdin,TG Southee,1,0,"",""
ball,1,19.2,West Indies,D Ramdin,AD Russell,TG Southee,1,0,"",""
ball,1,19.3,West Indies,AD Russell,D Ramdin,TG Southee,0,1,"",""
ball,1,19.4,West Indies,AD Russell,D Ramdin,TG Southee,1,0,"",""
ball,1,19.5,West Indies,D Ramdin,AD Russell,TG Southee,1,0,"",""
ball,1,19.6,West Indies,AD Russell,D Ramdin,TG Southee,2,0,"",""
ball,1,19.7,West Indies,AD Russell,D Ramdin,TG Southee,4,0,"",""
ball,2,0.1,New Zealand,KS Williamson,JDS Neesham,S Badree,0,0,"",""
ball,2,0.2,New Zealand,KS Williamson,JDS Neesham,S Badree,0,0,"",""
ball,2,0.3,New Zealand,KS Williamson,JDS Neesham,S Badree,0,0,"",""
ball,2,0.4,New Zealand,KS Williamson,JDS Neesham,S Badree,1,0,"",""
ball,2,0.5,New Zealand,JDS Neesham,KS Williamson,S Badree,0,0,"",""
ball,2,0.6,New Zealand,JDS Neesham,KS Williamson,S Badree,1,0,"",""
ball,2,1.1,New Zealand,JDS Neesham,KS Williamson,SS Cottrell,2,0,"",""
ball,2,1.2,New Zealand,JDS Neesham,KS Williamson,SS Cottrell,4,0,"",""
ball,2,1.3,New Zealand,JDS Neesham,KS Williamson,SS Cottrell,0,0,caught,JDS Neesham
ball,2,1.4,New Zealand,BB McCullum,KS Williamson,SS Cottrell,2,0,"",""
ball,2,1.5,New Zealand,BB McCullum,KS Williamson,SS Cottrell,0,0,"",""
ball,2,1.6,New Zealand,BB McCullum,KS Williamson,SS Cottrell,1,0,"",""
ball,2,2.1,New Zealand,BB McCullum,KS Williamson,S Badree,1,0,"",""
ball,2,2.2,New Zealand,KS Williamson,BB McCullum,S Badree,0,0,"",""
ball,2,2.3,New Zealand,KS Williamson,BB McCullum,S Badree,4,0,"",""
ball,2,2.4,New Zealand,KS Williamson,BB McCullum,S Badree,1,0,"",""
ball,2,2.5,New Zealand,BB McCullum,KS Williamson,S Badree,1,0,"",""
ball,2,2.6,New Zealand,KS Williamson,BB McCullum,S Badree,2,0,"",""
ball,2,3.1,New Zealand,BB McCullum,KS Williamson,SS Cottrell,0,0,"",""
ball,2,3.2,New Zealand,BB McCullum,KS Williamson,SS Cottrell,4,0,"",""
ball,2,3.3,New Zealand,BB McCullum,KS Williamson,SS Cottrell,6,0,"",""
ball,2,3.4,New Zealand,BB McCullum,KS Williamson,SS Cottrell,0,0,"",""
ball,2,3.5,New Zealand,BB McCullum,KS Williamson,SS Cottrell,4,0,"",""
ball,2,3.6,New Zealand,BB McCullum,KS Williamson,SS Cottrell,1,0,"",""
ball,2,4.1,New Zealand,BB McCullum,KS Williamson,SP Narine,0,0,"",""
ball,2,4.2,New Zealand,BB McCullum,KS Williamson,SP Narine,0,0,"",""
ball,2,4.3,New Zealand,BB McCullum,KS Williamson,SP Narine,1,0,"",""
ball,2,4.4,New Zealand,KS Williamson,BB McCullum,SP Narine,0,0,"",""
ball,2,4.5,New Zealand,KS Williamson,BB McCullum,SP Narine,0,0,"",""
ball,2,4.6,New Zealand,KS Williamson,BB McCullum,SP Narine,4,0,"",""
ball,2,5.1,New Zealand,BB McCullum,KS Williamson,S Badree,0,0,"",""
ball,2,5.2,New Zealand,BB McCullum,KS Williamson,S Badree,0,0,caught,BB McCullum
ball,2,5.3,New Zealand,LRPL Taylor,KS Williamson,S Badree,0,0,"",""
ball,2,5.4,New Zealand,LRPL Taylor,KS Williamson,S Badree,0,0,"",""
ball,2,5.5,New Zealand,LRPL Taylor,KS Williamson,S Badree,0,0,"",""
ball,2,5.6,New Zealand,LRPL Taylor,KS Williamson,S Badree,0,0,"",""
ball,2,6.1,New Zealand,KS Williamson,LRPL Taylor,DJG Sammy,1,0,"",""
ball,2,6.2,New Zealand,LRPL Taylor,KS Williamson,DJG Sammy,0,0,"",""
ball,2,6.3,New Zealand,LRPL Taylor,KS Williamson,DJG Sammy,1,0,"",""
ball,2,6.4,New Zealand,KS Williamson,LRPL Taylor,DJG Sammy,1,0,"",""
ball,2,6.5,New Zealand,LRPL Taylor,KS Williamson,DJG Sammy,1,0,"",""
ball,2,6.6,New Zealand,KS Williamson,LRPL Taylor,DJG Sammy,1,0,"",""
ball,2,7.1,New Zealand,KS Williamson,LRPL Taylor,S Badree,2,0,"",""
ball,2,7.2,New Zealand,KS Williamson,LRPL Taylor,S Badree,0,0,"",""
ball,2,7.3,New Zealand,KS Williamson,LRPL Taylor,S Badree,4,0,"",""
ball,2,7.4,New Zealand,KS Williamson,LRPL Taylor,S Badree,1,0,"",""
ball,2,7.5,New Zealand,LRPL Taylor,KS Williamson,S Badree,1,0,"",""
ball,2,7.6,New Zealand,KS Williamson,LRPL Taylor,S Badree,1,0,"",""
ball,2,8.1,New Zealand,KS Williamson,LRPL Taylor,DJG Sammy,2,0,"",""
ball,2,8.2,New Zealand,KS Williamson,LRPL Taylor,DJG Sammy,4,0,"",""
ball,2,8.3,New Zealand,KS Williamson,LRPL Taylor,DJG Sammy,1,0,"",""
ball,2,8.4,New Zealand,LRPL Taylor,KS Williamson,DJG Sammy,0,0,"",""
ball,2,8.5,New Zealand,LRPL Taylor,KS Williamson,DJG Sammy,2,0,"",""
ball,2,8.6,New Zealand,LRPL Taylor,KS Williamson,DJG Sammy,1,0,"",""
ball,2,9.1,New Zealand,LRPL Taylor,KS Williamson,AD Russell,1,0,"",""
ball,2,9.2,New Zealand,KS Williamson,LRPL Taylor,AD Russell,1,0,"",""
ball,2,9.3,New Zealand,LRPL Taylor,KS Williamson,AD Russell,4,0,"",""
ball,2,9.4,New Zealand,LRPL Taylor,KS Williamson,AD Russell,0,0,"",""
ball,2,9.5,New Zealand,LRPL Taylor,KS Williamson,AD Russell,1,0,"",""
ball,2,9.6,New Zealand,KS Williamson,LRPL Taylor,AD Russell,4,0,"",""
ball,2,10.1,New Zealand,LRPL Taylor,KS Williamson,SP Narine,1,0,"",""
ball,2,10.2,New Zealand,KS Williamson,LRPL Taylor,SP Narine,1,0,"",""
ball,2,10.3,New Zealand,LRPL Taylor,KS Williamson,SP Narine,1,0,"",""
ball,2,10.4,New Zealand,KS Williamson,LRPL Taylor,SP Narine,1,0,"",""
ball,2,10.5,New Zealand,LRPL Taylor,KS Williamson,SP Narine,0,0,"",""
ball,2,10.6,New Zealand,LRPL Taylor,KS Williamson,SP Narine,0,1,"",""
ball,2,10.7,New Zealand,LRPL Taylor,KS Williamson,SP Narine,2,0,"",""
ball,2,11.1,New Zealand,KS Williamson,LRPL Taylor,KA Pollard,0,0,"",""
ball,2,11.2,New Zealand,KS Williamson,LRPL Taylor,KA Pollard,0,0,bowled,KS Williamson
ball,2,11.3,New Zealand,CJ Anderson,LRPL Taylor,KA Pollard,1,0,"",""
ball,2,11.4,New Zealand,LRPL Taylor,CJ Anderson,KA Pollard,1,0,"",""
ball,2,11.5,New Zealand,CJ Anderson,LRPL Taylor,KA Pollard,0,0,"",""
ball,2,11.6,New Zealand,CJ Anderson,LRPL Taylor,KA Pollard,0,0,"",""
ball,2,12.1,New Zealand,LRPL Taylor,CJ Anderson,SP Narine,0,0,"",""
ball,2,12.2,New Zealand,LRPL Taylor,CJ Anderson,SP Narine,4,0,"",""
ball,2,12.3,New Zealand,LRPL Taylor,CJ Anderson,SP Narine,0,0,bowled,LRPL Taylor
ball,2,12.4,New Zealand,L Ronchi,CJ Anderson,SP Narine,0,0,"",""
ball,2,12.5,New Zealand,L Ronchi,CJ Anderson,SP Narine,0,0,"",""
ball,2,12.6,New Zealand,L Ronchi,CJ Anderson,SP Narine,0,0,"",""
ball,2,13.1,New Zealand,CJ Anderson,L Ronchi,KA Pollard,0,1,"",""
ball,2,13.2,New Zealand,CJ Anderson,L Ronchi,KA Pollard,0,0,"",""
ball,2,13.3,New Zealand,CJ Anderson,L Ronchi,KA Pollard,0,0,"",""
ball,2,13.4,New Zealand,CJ Anderson,L Ronchi,KA Pollard,0,0,"",""
ball,2,13.5,New Zealand,CJ Anderson,L Ronchi,KA Pollard,1,0,"",""
ball,2,13.6,New Zealand,L Ronchi,CJ Anderson,KA Pollard,1,0,"",""
ball,2,13.7,New Zealand,CJ Anderson,L Ronchi,KA Pollard,1,0,"",""
ball,2,14.1,New Zealand,CJ Anderson,L Ronchi,DJG Sammy,1,0,"",""
ball,2,14.2,New Zealand,L Ronchi,CJ Anderson,DJG Sammy,1,0,"",""
ball,2,14.3,New Zealand,CJ Anderson,L Ronchi,DJG Sammy,1,0,"",""
ball,2,14.4,New Zealand,L Ronchi,CJ Anderson,DJG Sammy,2,0,"",""
ball,2,14.5,New Zealand,L Ronchi,CJ Anderson,DJG Sammy,0,0,"",""
ball,2,14.6,New Zealand,L Ronchi,CJ Anderson,DJG Sammy,2,0,"",""
ball,2,15.1,New Zealand,CJ Anderson,L Ronchi,KA Pollard,6,0,"",""
ball,2,15.2,New Zealand,CJ Anderson,L Ronchi,KA Pollard,0,0,"",""
ball,2,15.3,New Zealand,CJ Anderson,L Ronchi,KA Pollard,1,0,"",""
ball,2,15.4,New Zealand,L Ronchi,CJ Anderson,KA Pollard,0,0,"",""
ball,2,15.5,New Zealand,L Ronchi,CJ Anderson,KA Pollard,6,0,"",""
ball,2,15.6,New Zealand,L Ronchi,CJ Anderson,KA Pollard,0,1,"",""
ball,2,16.1,New Zealand,L Ronchi,CJ Anderson,SP Narine,0,0,caught,L Ronchi
ball,2,16.2,New Zealand,CJ Anderson,BJ Watling,SP Narine,1,0,"",""
ball,2,16.3,New Zealand,BJ Watling,CJ Anderson,SP Narine,1,0,"",""
ball,2,16.4,New Zealand,CJ Anderson,BJ Watling,SP Narine,1,0,"",""
ball,2,16.5,New Zealand,BJ Watling,CJ Anderson,SP Narine,0,0,run out,BJ Watling
ball,2,16.6,New Zealand,TWM Latham,CJ Anderson,SP Narine,0,0,"",""
ball,2,17.1,New Zealand,CJ Anderson,TWM Latham,SS Cottrell,0,0,caught,CJ Anderson
ball,2,17.2,New Zealand,TWM Latham,TG Southee,SS Cottrell,1,0,"",""
ball,2,17.3,New Zealand,TG Southee,TWM Latham,SS Cottrell,1,0,"",""
ball,2,17.4,New Zealand,TWM Latham,TG Southee,SS Cottrell,0,0,"",""
ball,2,17.5,New Zealand,TWM Latham,TG Southee,SS Cottrell,2,0,"",""
ball,2,17.6,New Zealand,TWM Latham,TG Southee,SS Cottrell,0,0,caught,TWM Latham
ball,2,18.1,New Zealand,TG Southee,TA Boult,AD Russell,1,0,"",""
ball,2,18.2,New Zealand,TA Boult,TG Southee,AD Russell,0,0,"",""
ball,2,18.3,New Zealand,TA Boult,TG Southee,AD Russell,2,0,"",""
ball,2,18.4,New Zealand,TA Boult,TG Southee,AD Russell,2,0,"",""
ball,2,18.5,New Zealand,TA Boult,TG Southee,AD Russell,1,0,"",""
ball,2,18.6,New Zealand,TG Southee,TA Boult,AD Russell,0,0,caught,TG Southee
ball,2,19.1,New Zealand,TA Boult,IS Sodhi,SS Cottrell,0,0,run out,TA Boult
