version,1.3.0
info,team,Australia
info,team,South Africa
info,gender,male
info,season,2014/15
info,date,2014/11/07
info,series,South Africa in Australia T20I Series
info,match_number,2
info,venue,Melbourne Cricket Ground
info,city,
info,toss_winner,South Africa
info,toss_decision,bat
info,player_of_match,CJ Boyce
info,umpire,SD Fry
info,umpire,MD Martell
info,reserve_umpire,MW Graham-Smith
info,tv_umpire,JD Ward
info,match_referee,J Srinath
info,winner,Australia
info,winner_wickets,7
ball,1,0.1,South Africa,Q de Kock,RR Hendricks,DE Bollinger,0,1,"",""
ball,1,0.2,South Africa,Q de Kock,RR Hendricks,DE Bollinger,0,0,"",""
ball,1,0.3,South Africa,Q de Kock,RR Hendricks,DE Bollinger,0,0,caught,Q de Kock
ball,1,0.4,South Africa,RR Rossouw,RR Hendricks,DE Bollinger,0,0,"",""
ball,1,0.5,South Africa,RR Rossouw,RR Hendricks,DE Bollinger,0,0,"",""
ball,1,0.6,South Africa,RR Rossouw,RR Hendricks,DE Bollinger,4,0,"",""
ball,1,0.7,South Africa,RR Rossouw,RR Hendricks,DE Bollinger,4,0,"",""
ball,1,1.1,South Africa,RR Hendricks,RR Rossouw,JP Faulkner,0,0,"",""
ball,1,1.2,South Africa,RR Hendricks,RR Rossouw,JP Faulkner,1,0,"",""
ball,1,1.3,South Africa,RR Rossouw,RR Hendricks,JP Faulkner,0,0,"",""
ball,1,1.4,South Africa,RR Rossouw,RR Hendricks,JP Faulkner,0,0,"",""
ball,1,1.5,South Africa,RR Rossouw,RR Hendricks,JP Faulkner,4,0,"",""
ball,1,1.6,South Africa,RR Rossouw,RR Hendricks,JP Faulkner,0,0,caught and bowled,RR Rossouw
ball,1,2.1,South Africa,RR Hendricks,JP Duminy,DE Bollinger,0,0,"",""
ball,1,2.2,South Africa,RR Hendricks,JP Duminy,DE Bollinger,0,0,"",""
ball,1,2.3,South Africa,RR Hendricks,JP Duminy,DE Bollinger,1,0,"",""
ball,1,2.4,South Africa,JP Duminy,RR Hendricks,DE Bollinger,0,0,"",""
ball,1,2.5,South Africa,JP Duminy,RR Hendricks,DE Bollinger,0,0,"",""
ball,1,2.6,South Africa,JP Duminy,RR Hendricks,DE Bollinger,1,0,"",""
ball,1,3.1,South Africa,JP Duminy,RR Hendricks,JP Faulkner,0,0,"",""
ball,1,3.2,South Africa,JP Duminy,RR Hendricks,JP Faulkner,0,0,"",""
ball,1,3.3,South Africa,JP Duminy,RR Hendricks,JP Faulkner,1,0,"",""
ball,1,3.4,South Africa,RR Hendricks,JP Duminy,JP Faulkner,1,0,"",""
ball,1,3.5,South Africa,JP Duminy,RR Hendricks,JP Faulkner,1,0,"",""
ball,1,3.6,South Africa,RR Hendricks,JP Duminy,JP Faulkner,0,0,"",""
ball,1,4.1,South Africa,JP Duminy,RR Hendricks,SA Abbott,4,0,"",""
ball,1,4.2,South Africa,JP Duminy,RR Hendricks,SA Abbott,0,0,"",""
ball,1,4.3,South Africa,JP Duminy,RR Hendricks,SA Abbott,1,0,"",""
ball,1,4.4,South Africa,RR Hendricks,JP Duminy,SA Abbott,0,0,"",""
ball,1,4.5,South Africa,RR Hendricks,JP Duminy,SA Abbott,4,0,"",""
ball,1,4.6,South Africa,RR Hendricks,JP Duminy,SA Abbott,1,0,"",""
ball,1,5.1,South Africa,RR Hendricks,JP Duminy,DE Bollinger,0,0,"",""
ball,1,5.2,South Africa,RR Hendricks,JP Duminy,DE Bollinger,0,0,"",""
ball,1,5.3,South Africa,RR Hendricks,JP Duminy,DE Bollinger,1,0,"",""
ball,1,5.4,South Africa,JP Duminy,RR Hendricks,DE Bollinger,1,0,"",""
ball,1,5.5,South Africa,RR Hendricks,JP Duminy,DE Bollinger,1,0,"",""
ball,1,5.6,South Africa,JP Duminy,RR Hendricks,DE Bollinger,4,0,"",""
ball,1,6.1,South Africa,RR Hendricks,JP Duminy,GJ Maxwell,4,0,"",""
ball,1,6.2,South Africa,RR Hendricks,JP Duminy,GJ Maxwell,1,0,"",""
ball,1,6.3,South Africa,JP Duminy,RR Hendricks,GJ Maxwell,1,0,"",""
ball,1,6.4,South Africa,RR Hendricks,JP Duminy,GJ Maxwell,0,0,"",""
ball,1,6.5,South Africa,RR Hendricks,JP Duminy,GJ Maxwell,0,0,"",""
ball,1,6.6,South Africa,RR Hendricks,JP Duminy,GJ Maxwell,2,0,"",""
ball,1,7.1,South Africa,JP Duminy,RR Hendricks,PJ Cummins,0,0,"",""
ball,1,7.2,South Africa,JP Duminy,RR Hendricks,PJ Cummins,0,0,"",""
ball,1,7.3,South Africa,JP Duminy,RR Hendricks,PJ Cummins,0,0,"",""
ball,1,7.4,South Africa,JP Duminy,RR Hendricks,PJ Cummins,0,0,"",""
ball,1,7.5,South Africa,JP Duminy,RR Hendricks,PJ Cummins,0,0,"",""
ball,1,7.6,South Africa,JP Duminy,RR Hendricks,PJ Cummins,0,0,"",""
ball,1,8.1,South Africa,RR Hendricks,JP Duminy,CJ Boyce,0,0,"",""
ball,1,8.2,South Africa,RR Hendricks,JP Duminy,CJ Boyce,1,0,"",""
ball,1,8.3,South Africa,JP Duminy,RR Hendricks,CJ Boyce,1,0,"",""
ball,1,8.4,South Africa,RR Hendricks,JP Duminy,CJ Boyce,0,0,stumped,RR Hendricks
ball,1,8.5,South Africa,F Behardien,JP Duminy,CJ Boyce,0,0,"",""
ball,1,8.6,South Africa,F Behardien,JP Duminy,CJ Boyce,1,0,"",""
ball,1,9.1,South Africa,F Behardien,JP Duminy,PJ Cummins,1,0,"",""
ball,1,9.2,South Africa,JP Duminy,F Behardien,PJ Cummins,1,0,"",""
ball,1,9.3,South Africa,F Behardien,JP Duminy,PJ Cummins,1,0,"",""
ball,1,9.4,South Africa,JP Duminy,F Behardien,PJ Cummins,1,0,"",""
ball,1,9.5,South Africa,F Behardien,JP Duminy,PJ Cummins,0,0,"",""
ball,1,9.6,South Africa,F Behardien,JP Duminy,PJ Cummins,0,0,"",""
ball,1,10.1,South Africa,JP Duminy,F Behardien,CJ Boyce,0,0,"",""
ball,1,10.2,South Africa,JP Duminy,F Behardien,CJ Boyce,0,0,"",""
ball,1,10.3,South Africa,JP Duminy,F Behardien,CJ Boyce,1,0,"",""
ball,1,10.4,South Africa,F Behardien,JP Duminy,CJ Boyce,1,0,"",""
ball,1,10.5,South Africa,JP Duminy,F Behardien,CJ Boyce,0,0,"",""
ball,1,10.6,South Africa,JP Duminy,F Behardien,CJ Boyce,1,0,"",""
ball,1,11.1,South Africa,JP Duminy,F Behardien,DE Bollinger,2,0,"",""
ball,1,11.2,South Africa,JP Duminy,F Behardien,DE Bollinger,0,0,"",""
ball,1,11.3,South Africa,JP Duminy,F Behardien,DE Bollinger,1,0,"",""
ball,1,11.4,South Africa,F Behardien,JP Duminy,DE Bollinger,0,0,"",""
ball,1,11.5,South Africa,F Behardien,JP Duminy,DE Bollinger,1,0,"",""
ball,1,11.6,South Africa,JP Duminy,F Behardien,DE Bollinger,1,0,"",""
ball,1,12.1,South Africa,JP Duminy,F Behardien,CJ Boyce,1,0,"",""
ball,1,12.2,South Africa,F Behardien,JP Duminy,CJ Boyce,0,0,stumped,F Behardien
ball,1,12.3,South Africa,DA Miller,JP Duminy,CJ Boyce,0,0,"",""
ball,1,12.4,South Africa,DA Miller,JP Duminy,CJ Boyce,1,0,"",""
ball,1,12.5,South Africa,JP Duminy,DA Miller,CJ Boyce,1,0,"",""
ball,1,12.6,South Africa,DA Miller,JP Duminy,CJ Boyce,1,0,"",""
ball,1,13.1,South Africa,DA Miller,JP Duminy,GJ Maxwell,0,0,"",""
ball,1,13.2,South Africa,DA Miller,JP Duminy,GJ Maxwell,1,0,"",""
ball,1,13.3,South Africa,JP Duminy,DA Miller,GJ Maxwell,1,0,"",""
ball,1,13.4,South Africa,DA Miller,JP Duminy,GJ Maxwell,0,0,"",""
ball,1,13.5,South Africa,DA Miller,JP Duminy,GJ Maxwell,1,0,"",""
ball,1,13.6,South Africa,JP Duminy,DA Miller,GJ Maxwell,0,0,"",""
ball,1,14.1,South Africa,DA Miller,JP Duminy,CJ Boyce,0,0,"",""
ball,1,14.2,South Africa,DA Miller,JP Duminy,CJ Boyce,1,0,"",""
ball,1,14.3,South Africa,JP Duminy,DA Miller,CJ Boyce,2,0,"",""
ball,1,14.4,South Africa,JP Duminy,DA Miller,CJ Boyce,2,0,"",""
ball,1,14.5,South Africa,JP Duminy,DA Miller,CJ Boyce,0,0,"",""
ball,1,14.6,South Africa,JP Duminy,DA Miller,CJ Boyce,0,0,"",""
ball,1,15.1,South Africa,DA Miller,JP Duminy,SA Abbott,1,0,"",""
ball,1,15.2,South Africa,JP Duminy,DA Miller,SA Abbott,0,0,"",""
ball,1,15.3,South Africa,JP Duminy,DA Miller,SA Abbott,4,0,"",""
ball,1,15.4,South Africa,JP Duminy,DA Miller,SA Abbott,1,0,"",""
ball,1,15.5,South Africa,DA Miller,JP Duminy,SA Abbott,0,0,"",""
ball,1,15.6,South Africa,DA Miller,JP Duminy,SA Abbott,0,0,"",""
ball,1,16.1,South Africa,JP Duminy,DA Miller,JP Faulkner,1,0,"",""
ball,1,16.2,South Africa,DA Miller,JP Duminy,JP Faulkner,1,0,"",""
ball,1,16.3,South Africa,JP Duminy,DA Miller,JP Faulkner,6,0,"",""
ball,1,16.4,South Africa,JP Duminy,DA Miller,JP Faulkner,1,0,"",""
ball,1,16.5,South Africa,DA Miller,JP Duminy,JP Faulkner,4,0,"",""
ball,1,16.6,South Africa,DA Miller,JP Duminy,JP Faulkner,0,0,caught,DA Miller
ball,1,17.1,South Africa,R McLaren,JP Duminy,PJ Cummins,1,0,"",""
ball,1,17.2,South Africa,JP Duminy,R McLaren,PJ Cummins,1,0,"",""
ball,1,17.3,South Africa,R McLaren,JP Duminy,PJ Cummins,0,0,"",""
ball,1,17.4,South Africa,R McLaren,JP Duminy,PJ Cummins,0,0,"",""
ball,1,17.5,South Africa,R McLaren,JP Duminy,PJ Cummins,0,0,caught,R McLaren
ball,1,17.6,South Africa,JP Duminy,WD Parnell,PJ Cummins,1,0,"",""
ball,1,18.1,South Africa,JP Duminy,WD Parnell,JP Faulkner,2,0,"",""
ball,1,18.2,South Africa,JP Duminy,WD Parnell,JP Faulkner,0,0,"",""
ball,1,18.3,South Africa,JP Duminy,WD Parnell,JP Faulkner,2,0,"",""
ball,1,18.4,South Africa,JP Duminy,WD Parnell,JP Faulkner,0,0,caught,JP Duminy
ball,1,18.5,South Africa,WD Parnell,KJ Abbott,JP Faulkner,0,0,"",""
ball,1,18.6,South Africa,WD Parnell,KJ Abbott,JP Faulkner,0,0,"",""
ball,1,19.1,South Africa,KJ Abbott,WD Parnell,PJ Cummins,1,0,"",""
ball,1,19.2,South Africa,WD Parnell,KJ Abbott,PJ Cummins,0,0,"",""
ball,1,19.3,South Africa,WD Parnell,KJ Abbott,PJ Cummins,0,0,"",""
ball,1,19.4,South Africa,WD Parnell,KJ Abbott,PJ Cummins,1,0,"",""
ball,1,19.5,South Africa,KJ Abbott,WD Parnell,PJ Cummins,1,0,"",""
ball,1,19.6,South Africa,WD Parnell,KJ Abbott,PJ Cummins,1,0,"",""
ball,2,0.1,Australia,BR Dunk,AJ Finch,KJ Abbott,0,0,"",""
ball,2,0.2,Australia,BR Dunk,AJ Finch,KJ Abbott,0,0,"",""
ball,2,0.3,Australia,BR Dunk,AJ Finch,KJ Abbott,0,0,"",""
ball,2,0.4,Australia,BR Dunk,AJ Finch,KJ Abbott,0,0,"",""
ball,2,0.5,Australia,BR Dunk,AJ Finch,KJ Abbott,3,0,"",""
ball,2,0.6,Australia,AJ Finch,BR Dunk,KJ Abbott,0,0,"",""
ball,2,1.1,Australia,BR Dunk,AJ Finch,K Rabada,0,0,"",""
ball,2,1.2,Australia,BR Dunk,AJ Finch,K Rabada,0,0,"",""
ball,2,1.3,Australia,BR Dunk,AJ Finch,K Rabada,4,0,"",""
ball,2,1.4,Australia,BR Dunk,AJ Finch,K Rabada,4,0,"",""
ball,2,1.5,Australia,BR Dunk,AJ Finch,K Rabada,1,0,"",""
ball,2,1.6,Australia,AJ Finch,BR Dunk,K Rabada,0,1,"",""
ball,2,1.7,Australia,AJ Finch,BR Dunk,K Rabada,0,0,"",""
ball,2,2.1,Australia,BR Dunk,AJ Finch,KJ Abbott,3,0,"",""
ball,2,2.2,Australia,AJ Finch,BR Dunk,KJ Abbott,0,1,"",""
ball,2,2.3,Australia,AJ Finch,BR Dunk,KJ Abbott,0,0,"",""
ball,2,2.4,Australia,AJ Finch,BR Dunk,KJ Abbott,4,0,"",""
ball,2,2.5,Australia,AJ Finch,BR Dunk,KJ Abbott,4,0,"",""
ball,2,2.6,Australia,AJ Finch,BR Dunk,KJ Abbott,1,0,"",""
ball,2,2.7,Australia,BR Dunk,AJ Finch,KJ Abbott,1,0,"",""
ball,2,3.1,Australia,BR Dunk,AJ Finch,JP Duminy,0,0,"",""
ball,2,3.2,Australia,BR Dunk,AJ Finch,JP Duminy,0,0,"",""
ball,2,3.3,Australia,BR Dunk,AJ Finch,JP Duminy,1,0,"",""
ball,2,3.4,Australia,AJ Finch,BR Dunk,JP Duminy,4,0,"",""
ball,2,3.5,Australia,AJ Finch,BR Dunk,JP Duminy,4,0,"",""
ball,2,3.6,Australia,AJ Finch,BR Dunk,JP Duminy,0,0,"",""
ball,2,4.1,Australia,BR Dunk,AJ Finch,WD Parnell,0,0,"",""
ball,2,4.2,Australia,BR Dunk,AJ Finch,WD Parnell,4,1,"",""
ball,2,4.3,Australia,BR Dunk,AJ Finch,WD Parnell,0,0,"",""
ball,2,4.4,Australia,BR Dunk,AJ Finch,WD Parnell,2,0,"",""
ball,2,4.5,Australia,BR Dunk,AJ Finch,WD Parnell,0,0,caught,BR Dunk
ball,2,4.6,Australia,SR Watson,AJ Finch,WD Parnell,1,0,"",""
ball,2,4.7,Australia,AJ Finch,SR Watson,WD Parnell,0,0,"",""
ball,2,5.1,Australia,SR Watson,AJ Finch,Imran Tahir,0,0,"",""
ball,2,5.2,Australia,SR Watson,AJ Finch,Imran Tahir,0,1,"",""
ball,2,5.3,Australia,SR Watson,AJ Finch,Imran Tahir,1,0,"",""
ball,2,5.4,Australia,AJ Finch,SR Watson,Imran Tahir,4,0,"",""
ball,2,5.5,Australia,AJ Finch,SR Watson,Imran Tahir,4,0,"",""
ball,2,5.6,Australia,AJ Finch,SR Watson,Imran Tahir,0,0,"",""
ball,2,5.7,Australia,AJ Finch,SR Watson,Imran Tahir,0,0,"",""
ball,2,6.1,Australia,SR Watson,AJ Finch,R McLaren,4,0,"",""
ball,2,6.2,Australia,SR Watson,AJ Finch,R McLaren,0,0,"",""
ball,2,6.3,Australia,SR Watson,AJ Finch,R McLaren,4,0,"",""
ball,2,6.4,Australia,SR Watson,AJ Finch,R McLaren,4,0,"",""
ball,2,6.5,Australia,SR Watson,AJ Finch,R McLaren,4,0,"",""
ball,2,6.6,Australia,SR Watson,AJ Finch,R McLaren,0,0,"",""
ball,2,7.1,Australia,AJ Finch,SR Watson,Imran Tahir,1,0,"",""
ball,2,7.2,Australia,SR Watson,AJ Finch,Imran Tahir,1,0,"",""
ball,2,7.3,Australia,AJ Finch,SR Watson,Imran Tahir,4,0,"",""
ball,2,7.4,Australia,AJ Finch,SR Watson,Imran Tahir,1,0,"",""
ball,2,7.5,Australia,SR Watson,AJ Finch,Imran Tahir,0,0,"",""
ball,2,7.6,Australia,SR Watson,AJ Finch,Imran Tahir,1,0,"",""
ball,2,8.1,Australia,SR Watson,AJ Finch,WD Parnell,2,0,"",""
ball,2,8.2,Australia,SR Watson,AJ Finch,WD Parnell,1,0,"",""
ball,2,8.3,Australia,AJ Finch,SR Watson,WD Parnell,2,0,"",""
ball,2,8.4,Australia,AJ Finch,SR Watson,WD Parnell,0,0,"",""
ball,2,8.5,Australia,AJ Finch,SR Watson,WD Parnell,1,0,"",""
ball,2,8.6,Australia,SR Watson,AJ Finch,WD Parnell,1,0,"",""
ball,2,9.1,Australia,SR Watson,AJ Finch,K Rabada,1,0,"",""
ball,2,9.2,Australia,AJ Finch,SR Watson,K Rabada,1,0,"",""
ball,2,9.3,Australia,SR Watson,AJ Finch,K Rabada,4,0,"",""
ball,2,9.4,Australia,SR Watson,AJ Finch,K Rabada,1,0,"",""
ball,2,9.5,Australia,AJ Finch,SR Watson,K Rabada,0,0,"",""
ball,2,9.6,Australia,AJ Finch,SR Watson,K Rabada,0,0,"",""
ball,2,10.1,Australia,SR Watson,AJ Finch,WD Parnell,0,0,"",""
ball,2,10.2,Australia,SR Watson,AJ Finch,WD Parnell,0,0,"",""
ball,2,10.3,Australia,SR Watson,AJ Finch,WD Parnell,0,0,"",""
ball,2,10.4,Australia,SR Watson,AJ Finch,WD Parnell,0,0,"",""
ball,2,10.5,Australia,SR Watson,AJ Finch,WD Parnell,0,0,caught,SR Watson
ball,2,10.6,Australia,GJ Maxwell,AJ Finch,WD Parnell,0,0,"",""
ball,2,11.1,Australia,AJ Finch,GJ Maxwell,K Rabada,4,0,"",""
ball,2,11.2,Australia,AJ Finch,GJ Maxwell,K Rabada,2,0,"",""
ball,2,11.3,Australia,AJ Finch,GJ Maxwell,K Rabada,0,0,"",""
ball,2,11.4,Australia,AJ Finch,GJ Maxwell,K Rabada,1,0,"",""
ball,2,11.5,Australia,GJ Maxwell,AJ Finch,K Rabada,0,0,caught,GJ Maxwell
ball,2,11.6,Australia,AJ Finch,CL White,K Rabada,1,0,"",""
ball,2,12.1,Australia,AJ Finch,CL White,WD Parnell,0,0,"",""
ball,2,12.2,Australia,AJ Finch,CL White,WD Parnell,1,0,"",""
ball,2,12.3,Australia,CL White,AJ Finch,WD Parnell,0,0,"",""
ball,2,12.4,Australia,CL White,AJ Finch,WD Parnell,1,0,"",""
