version,1.3.0
info,team,Scotland
info,team,United Arab Emirates
info,gender,male
info,season,2015
info,date,2015/07/09
info,competition,ICC World Twenty20 Qualifier
info,match_number,1
info,venue,"Grange Cricket Club Ground, Raeburn Place"
info,city,Edinburgh
info,toss_winner,Scotland
info,toss_decision,field
info,player_of_match,HG Munsey
info,umpire,Ahsan Raza
info,umpire,S George
info,reserve_umpire,D Odhiambo
info,tv_umpire,GO Brathwaite
info,match_referee,DT Jukes
info,winner,Scotland
info,winner_wickets,9
ball,1,0.1,United Arab Emirates,Faizan Asif,Amjad Ali,AC Evans,1,0,"",""
ball,1,0.2,United Arab Emirates,Amjad Ali,Faizan Asif,AC Evans,1,0,"",""
ball,1,0.3,United Arab Emirates,Faizan Asif,Amjad Ali,AC Evans,4,0,"",""
ball,1,0.4,United Arab Emirates,Faizan Asif,Amjad Ali,AC Evans,4,0,"",""
ball,1,0.5,United Arab Emirates,Faizan Asif,Amjad Ali,AC Evans,1,0,"",""
ball,1,0.6,United Arab Emirates,Amjad Ali,Faizan Asif,AC Evans,0,1,"",""
ball,1,0.7,United Arab Emirates,Amjad Ali,Faizan Asif,AC Evans,0,0,"",""
ball,1,1.1,United Arab Emirates,Faizan Asif,Amjad Ali,SM Sharif,2,0,"",""
ball,1,1.2,United Arab Emirates,Faizan Asif,Amjad Ali,SM Sharif,2,0,"",""
ball,1,1.3,United Arab Emirates,Faizan Asif,Amjad Ali,SM Sharif,0,1,"",""
ball,1,1.4,United Arab Emirates,Faizan Asif,Amjad Ali,SM Sharif,2,0,"",""
ball,1,1.5,United Arab Emirates,Faizan Asif,Amjad Ali,SM Sharif,0,0,"",""
ball,1,1.6,United Arab Emirates,Faizan Asif,Amjad Ali,SM Sharif,1,0,"",""
ball,1,1.7,United Arab Emirates,Amjad Ali,Faizan Asif,SM Sharif,1,0,"",""
ball,1,2.1,United Arab Emirates,Amjad Ali,Faizan Asif,AC Evans,1,0,"",""
ball,1,2.2,United Arab Emirates,Faizan Asif,Amjad Ali,AC Evans,0,0,caught,Faizan Asif
ball,1,2.3,United Arab Emirates,Mohammad Shahzad (2),Amjad Ali,AC Evans,1,0,"",""
ball,1,2.4,United Arab Emirates,Amjad Ali,Mohammad Shahzad (2),AC Evans,0,0,"",""
ball,1,2.5,United Arab Emirates,Amjad Ali,Mohammad Shahzad (2),AC Evans,1,0,"",""
ball,1,2.6,United Arab Emirates,Mohammad Shahzad (2),Amjad Ali,AC Evans,0,0,"",""
ball,1,3.1,United Arab Emirates,Amjad Ali,Mohammad Shahzad (2),JH Davey,1,0,"",""
ball,1,3.2,United Arab Emirates,Mohammad Shahzad (2),Amjad Ali,JH Davey,2,0,"",""
ball,1,3.3,United Arab Emirates,Mohammad Shahzad (2),Amjad Ali,JH Davey,4,0,"",""
ball,1,3.4,United Arab Emirates,Mohammad Shahzad (2),Amjad Ali,JH Davey,0,0,"",""
ball,1,3.5,United Arab Emirates,Mohammad Shahzad (2),Amjad Ali,JH Davey,0,0,"",""
ball,1,3.6,United Arab Emirates,Mohammad Shahzad (2),Amjad Ali,JH Davey,1,0,"",""
ball,1,4.1,United Arab Emirates,Mohammad Shahzad (2),Amjad Ali,SM Sharif,0,0,"",""
ball,1,4.2,United Arab Emirates,Mohammad Shahzad (2),Amjad Ali,SM Sharif,6,0,"",""
ball,1,4.3,United Arab Emirates,Mohammad Shahzad (2),Amjad Ali,SM Sharif,0,0,caught,Mohammad Shahzad (2)
ball,1,4.4,United Arab Emirates,Amjad Ali,Shaiman Anwar,SM Sharif,0,0,"",""
ball,1,4.5,United Arab Emirates,Amjad Ali,Shaiman Anwar,SM Sharif,0,0,"",""
ball,1,4.6,United Arab Emirates,Amjad Ali,Shaiman Anwar,SM Sharif,0,1,"",""
ball,1,4.7,United Arab Emirates,Amjad Ali,Shaiman Anwar,SM Sharif,0,0,"",""
ball,1,5.1,United Arab Emirates,Shaiman Anwar,Amjad Ali,JH Davey,0,0,"",""
ball,1,5.2,United Arab Emirates,Shaiman Anwar,Amjad Ali,JH Davey,1,0,"",""
ball,1,5.3,United Arab Emirates,Amjad Ali,Shaiman Anwar,JH Davey,0,0,"",""
ball,1,5.4,United Arab Emirates,Amjad Ali,Shaiman Anwar,JH Davey,0,0,"",""
ball,1,5.5,United Arab Emirates,Amjad Ali,Shaiman Anwar,JH Davey,0,0,"",""
ball,1,5.6,United Arab Emirates,Amjad Ali,Shaiman Anwar,JH Davey,1,0,"",""
ball,1,6.1,United Arab Emirates,Amjad Ali,Shaiman Anwar,MRJ Watt,1,0,"",""
ball,1,6.2,United Arab Emirates,Shaiman Anwar,Amjad Ali,MRJ Watt,0,0,"",""
ball,1,6.3,United Arab Emirates,Shaiman Anwar,Amjad Ali,MRJ Watt,6,0,"",""
ball,1,6.4,United Arab Emirates,Shaiman Anwar,Amjad Ali,MRJ Watt,1,0,"",""
ball,1,6.5,United Arab Emirates,Amjad Ali,Shaiman Anwar,MRJ Watt,1,0,"",""
ball,1,6.6,United Arab Emirates,Shaiman Anwar,Amjad Ali,MRJ Watt,1,0,"",""
ball,1,7.1,United Arab Emirates,Shaiman Anwar,Amjad Ali,MA Leask,0,0,caught,Shaiman Anwar
ball,1,7.2,United Arab Emirates,Amjad Ali,SP Patil,MA Leask,1,0,"",""
ball,1,7.3,United Arab Emirates,SP Patil,Amjad Ali,MA Leask,0,0,"",""
ball,1,7.4,United Arab Emirates,SP Patil,Amjad Ali,MA Leask,0,0,"",""
ball,1,7.5,United Arab Emirates,SP Patil,Amjad Ali,MA Leask,1,0,"",""
ball,1,7.6,United Arab Emirates,Amjad Ali,SP Patil,MA Leask,1,0,"",""
ball,1,8.1,United Arab Emirates,Amjad Ali,SP Patil,MRJ Watt,0,0,"",""
ball,1,8.2,United Arab Emirates,Amjad Ali,SP Patil,MRJ Watt,4,0,"",""
ball,1,8.3,United Arab Emirates,Amjad Ali,SP Patil,MRJ Watt,0,0,caught,Amjad Ali
ball,1,8.4,United Arab Emirates,Abdul Shakoor,SP Patil,MRJ Watt,1,0,"",""
ball,1,8.5,United Arab Emirates,SP Patil,Abdul Shakoor,MRJ Watt,1,0,"",""
ball,1,8.6,United Arab Emirates,Abdul Shakoor,SP Patil,MRJ Watt,0,0,"",""
ball,1,9.1,United Arab Emirates,SP Patil,Abdul Shakoor,MA Leask,0,0,"",""
ball,1,9.2,United Arab Emirates,SP Patil,Abdul Shakoor,MA Leask,0,0,"",""
ball,1,9.3,United Arab Emirates,SP Patil,Abdul Shakoor,MA Leask,1,0,"",""
ball,1,9.4,United Arab Emirates,Abdul Shakoor,SP Patil,MA Leask,0,0,caught,Abdul Shakoor
ball,1,9.5,United Arab Emirates,Umair Ali,SP Patil,MA Leask,0,0,"",""
ball,1,9.6,United Arab Emirates,Umair Ali,SP Patil,MA Leask,1,0,"",""
ball,1,10.1,United Arab Emirates,Umair Ali,SP Patil,AC Evans,0,0,"",""
ball,1,10.2,United Arab Emirates,Umair Ali,SP Patil,AC Evans,4,0,"",""
ball,1,10.3,United Arab Emirates,Umair Ali,SP Patil,AC Evans,0,0,run out,SP Patil
ball,1,10.4,United Arab Emirates,Umair Ali,Amjad Javed,AC Evans,1,0,"",""
ball,1,10.5,United Arab Emirates,Amjad Javed,Umair Ali,AC Evans,1,0,"",""
ball,1,10.6,United Arab Emirates,Umair Ali,Amjad Javed,AC Evans,1,0,"",""
ball,1,11.1,United Arab Emirates,Umair Ali,Amjad Javed,MA Leask,6,0,"",""
ball,1,11.2,United Arab Emirates,Umair Ali,Amjad Javed,MA Leask,0,0,"",""
ball,1,11.3,United Arab Emirates,Umair Ali,Amjad Javed,MA Leask,0,0,caught,Umair Ali
ball,1,11.4,United Arab Emirates,Mohammad Tauqir,Amjad Javed,MA Leask,0,0,"",""
ball,1,11.5,United Arab Emirates,Mohammad Tauqir,Amjad Javed,MA Leask,4,0,"",""
ball,1,11.6,United Arab Emirates,Mohammad Tauqir,Amjad Javed,MA Leask,0,0,"",""
ball,1,12.1,United Arab Emirates,Amjad Javed,Mohammad Tauqir,MRJ Watt,1,0,"",""
ball,1,12.2,United Arab Emirates,Mohammad Tauqir,Amjad Javed,MRJ Watt,0,0,caught,Mohammad Tauqir
ball,1,12.3,United Arab Emirates,Mohammad Naveed,Amjad Javed,MRJ Watt,0,0,"",""
ball,1,12.4,United Arab Emirates,Mohammad Naveed,Amjad Javed,MRJ Watt,0,0,"",""
ball,1,12.5,United Arab Emirates,Mohammad Naveed,Amjad Javed,MRJ Watt,0,0,"",""
ball,1,12.6,United Arab Emirates,Mohammad Naveed,Amjad Javed,MRJ Watt,4,0,"",""
ball,1,13.1,United Arab Emirates,Amjad Javed,Mohammad Naveed,SM Sharif,0,1,"",""
ball,1,13.2,United Arab Emirates,Amjad Javed,Mohammad Naveed,SM Sharif,1,0,"",""
ball,1,13.3,United Arab Emirates,Mohammad Naveed,Amjad Javed,SM Sharif,0,0,"",""
ball,1,13.4,United Arab Emirates,Mohammad Naveed,Amjad Javed,SM Sharif,1,0,"",""
ball,1,13.5,United Arab Emirates,Amjad Javed,Mohammad Naveed,SM Sharif,0,0,"",""
ball,1,13.6,United Arab Emirates,Amjad Javed,Mohammad Naveed,SM Sharif,2,0,"",""
ball,1,13.7,United Arab Emirates,Amjad Javed,Mohammad Naveed,SM Sharif,1,0,"",""
ball,1,14.1,United Arab Emirates,Amjad Javed,Mohammad Naveed,MA Leask,1,0,"",""
ball,1,14.2,United Arab Emirates,Mohammad Naveed,Amjad Javed,MA Leask,1,0,"",""
ball,1,14.3,United Arab Emirates,Amjad Javed,Mohammad Naveed,MA Leask,0,1,"",""
ball,1,14.4,United Arab Emirates,Amjad Javed,Mohammad Naveed,MA Leask,1,0,"",""
ball,1,14.5,United Arab Emirates,Mohammad Naveed,Amjad Javed,MA Leask,1,0,"",""
ball,1,14.6,United Arab Emirates,Amjad Javed,Mohammad Naveed,MA Leask,0,0,"",""
ball,1,14.7,United Arab Emirates,Amjad Javed,Mohammad Naveed,MA Leask,0,0,"",""
ball,1,15.1,United Arab Emirates,Mohammad Naveed,Amjad Javed,JH Davey,0,0,"",""
ball,1,15.2,United Arab Emirates,Mohammad Naveed,Amjad Javed,JH Davey,0,0,"",""
ball,1,15.3,United Arab Emirates,Mohammad Naveed,Amjad Javed,JH Davey,1,0,"",""
ball,1,15.4,United Arab Emirates,Amjad Javed,Mohammad Naveed,JH Davey,1,0,"",""
ball,1,15.5,United Arab Emirates,Mohammad Naveed,Amjad Javed,JH Davey,2,0,"",""
ball,1,15.6,United Arab Emirates,Mohammad Naveed,Amjad Javed,JH Davey,1,0,"",""
ball,1,16.1,United Arab Emirates,Mohammad Naveed,Amjad Javed,MRJ Watt,0,0,"",""
ball,1,16.2,United Arab Emirates,Mohammad Naveed,Amjad Javed,MRJ Watt,6,0,"",""
ball,1,16.3,United Arab Emirates,Mohammad Naveed,Amjad Javed,MRJ Watt,1,0,"",""
ball,1,16.4,United Arab Emirates,Amjad Javed,Mohammad Naveed,MRJ Watt,0,0,"",""
ball,1,16.5,United Arab Emirates,Amjad Javed,Mohammad Naveed,MRJ Watt,0,0,"",""
ball,1,16.6,United Arab Emirates,Amjad Javed,Mohammad Naveed,MRJ Watt,0,0,caught,Amjad Javed
ball,1,17.1,United Arab Emirates,Mohammad Naveed,AM Guruge,AC Evans,1,0,"",""
ball,1,17.2,United Arab Emirates,AM Guruge,Mohammad Naveed,AC Evans,0,0,"",""
ball,1,17.3,United Arab Emirates,AM Guruge,Mohammad Naveed,AC Evans,0,0,"",""
ball,1,17.4,United Arab Emirates,AM Guruge,Mohammad Naveed,AC Evans,0,0,"",""
ball,1,17.5,United Arab Emirates,AM Guruge,Mohammad Naveed,AC Evans,0,0,"",""
ball,1,17.6,United Arab Emirates,AM Guruge,Mohammad Naveed,AC Evans,1,0,"",""
ball,1,18.1,United Arab Emirates,AM Guruge,Mohammad Naveed,SM Sharif,0,0,run out,AM Guruge
ball,2,0.1,Scotland,HG Munsey,KJ Coetzer,Mohammad Naveed,0,0,"",""
ball,2,0.2,Scotland,HG Munsey,KJ Coetzer,Mohammad Naveed,0,0,"",""
ball,2,0.3,Scotland,HG Munsey,KJ Coetzer,Mohammad Naveed,1,0,"",""
ball,2,0.4,Scotland,KJ Coetzer,HG Munsey,Mohammad Naveed,1,0,"",""
ball,2,0.5,Scotland,HG Munsey,KJ Coetzer,Mohammad Naveed,0,0,"",""
ball,2,0.6,Scotland,HG Munsey,KJ Coetzer,Mohammad Naveed,0,0,"",""
ball,2,1.1,Scotland,KJ Coetzer,HG Munsey,AM Guruge,1,0,"",""
ball,2,1.2,Scotland,HG Munsey,KJ Coetzer,AM Guruge,0,0,"",""
ball,2,1.3,Scotland,HG Munsey,KJ Coetzer,AM Guruge,0,0,"",""
ball,2,1.4,Scotland,HG Munsey,KJ Coetzer,AM Guruge,0,0,"",""
ball,2,1.5,Scotland,HG Munsey,KJ Coetzer,AM Guruge,3,0,"",""
ball,2,1.6,Scotland,KJ Coetzer,HG Munsey,AM Guruge,4,0,"",""
ball,2,2.1,Scotland,HG Munsey,KJ Coetzer,Mohammad Naveed,4,0,"",""
ball,2,2.2,Scotland,HG Munsey,KJ Coetzer,Mohammad Naveed,0,0,"",""
ball,2,2.3,Scotland,HG Munsey,KJ Coetzer,Mohammad Naveed,4,0,"",""
ball,2,2.4,Scotland,HG Munsey,KJ Coetzer,Mohammad Naveed,0,0,"",""
ball,2,2.5,Scotland,HG Munsey,KJ Coetzer,Mohammad Naveed,0,0,"",""
ball,2,2.6,Scotland,HG Munsey,KJ Coetzer,Mohammad Naveed,2,0,"",""
ball,2,3.1,Scotland,KJ Coetzer,HG Munsey,AM Guruge,4,0,"",""
ball,2,3.2,Scotland,KJ Coetzer,HG Munsey,AM Guruge,4,0,"",""
ball,2,3.3,Scotland,KJ Coetzer,HG Munsey,AM Guruge,4,0,"",""
ball,2,3.4,Scotland,KJ Coetzer,HG Munsey,AM Guruge,0,0,"",""
ball,2,3.5,Scotland,KJ Coetzer,HG Munsey,AM Guruge,4,0,"",""
ball,2,3.6,Scotland,KJ Coetzer,HG Munsey,AM Guruge,4,0,"",""
ball,2,4.1,Scotland,HG Munsey,KJ Coetzer,Amjad Javed,4,0,"",""
ball,2,4.2,Scotland,HG Munsey,KJ Coetzer,Amjad Javed,4,0,"",""
ball,2,4.3,Scotland,HG Munsey,KJ Coetzer,Amjad Javed,6,0,"",""
ball,2,4.4,Scotland,HG Munsey,KJ Coetzer,Amjad Javed,4,0,"",""
ball,2,4.5,Scotland,HG Munsey,KJ Coetzer,Amjad Javed,0,1,"",""
ball,2,4.6,Scotland,KJ Coetzer,HG Munsey,Amjad Javed,0,0,"",""
ball,2,5.1,Scotland,HG Munsey,KJ Coetzer,Mohammad Shahzad (2),0,0,"",""
ball,2,5.2,Scotland,HG Munsey,KJ Coetzer,Mohammad Shahzad (2),4,0,"",""
ball,2,5.3,Scotland,HG Munsey,KJ Coetzer,Mohammad Shahzad (2),4,0,"",""
ball,2,5.4,Scotland,HG Munsey,KJ Coetzer,Mohammad Shahzad (2),4,0,"",""
ball,2,5.5,Scotland,HG Munsey,KJ Coetzer,Mohammad Shahzad (2),1,0,"",""
ball,2,5.6,Scotland,KJ Coetzer,HG Munsey,Mohammad Shahzad (2),4,0,"",""
ball,2,6.1,Scotland,HG Munsey,KJ Coetzer,Mohammad Tauqir,4,0,"",""
ball,2,6.2,Scotland,HG Munsey,KJ Coetzer,Mohammad Tauqir,0,0,"",""
ball,2,6.3,Scotland,HG Munsey,KJ Coetzer,Mohammad Tauqir,0,0,"",""
ball,2,6.4,Scotland,HG Munsey,KJ Coetzer,Mohammad Tauqir,4,0,"",""
ball,2,6.5,Scotland,HG Munsey,KJ Coetzer,Mohammad Tauqir,1,0,"",""
ball,2,6.6,Scotland,KJ Coetzer,HG Munsey,Mohammad Tauqir,4,0,"",""
ball,2,7.1,Scotland,HG Munsey,KJ Coetzer,Mohammad Naveed,1,0,"",""
ball,2,7.2,Scotland,KJ Coetzer,HG Munsey,Mohammad Naveed,4,0,"",""
ball,2,7.3,Scotland,KJ Coetzer,HG Munsey,Mohammad Naveed,1,0,"",""
ball,2,7.4,Scotland,HG Munsey,KJ Coetzer,Mohammad Naveed,1,0,"",""
ball,2,7.5,Scotland,KJ Coetzer,HG Munsey,Mohammad Naveed,0,0,"",""
ball,2,7.6,Scotland,KJ Coetzer,HG Munsey,Mohammad Naveed,0,0,bowled,KJ Coetzer
ball,2,8.1,Scotland,HG Munsey,CS MacLeod,Amjad Javed,1,0,"",""
ball,2,8.2,Scotland,CS MacLeod,HG Munsey,Amjad Javed,0,0,"",""
ball,2,8.3,Scotland,CS MacLeod,HG Munsey,Amjad Javed,0,0,"",""
ball,2,8.4,Scotland,CS MacLeod,HG Munsey,Amjad Javed,1,0,"",""
ball,2,8.5,Scotland,HG Munsey,CS MacLeod,Amjad Javed,4,0,"",""
ball,2,8.6,Scotland,HG Munsey,CS MacLeod,Amjad Javed,0,0,"",""
ball,2,9.1,Scotland,CS MacLeod,HG Munsey,Mohammad Naveed,0,0,"",""
ball,2,9.2,Scotland,CS MacLeod,HG Munsey,Mohammad Naveed,0,1,"",""
ball,2,9.3,Scotland,HG Munsey,CS MacLeod,Mohammad Naveed,1,0,"",""
ball,2,9.4,Scotland,CS MacLeod,HG Munsey,Mohammad Naveed,0,0,"",""
ball,2,9.5,Scotland,CS MacLeod,HG Munsey,Mohammad Naveed,4,0,"",""
ball,2,9.6,Scotland,CS MacLeod,HG Munsey,Mohammad Naveed,2,0,"",""
