version,1.3.0
info,team,Afghanistan
info,team,United Arab Emirates
info,gender,male
info,season,2015
info,date,2015/07/10
info,competition,ICC World Twenty20 Qualifier
info,match_number,6
info,venue,"Grange Cricket Club Ground, Raeburn Place"
info,city,Edinburgh
info,neutralvenue,true
info,toss_winner,United Arab Emirates
info,toss_decision,bat
info,player_of_match,Mohammad Shahzad
info,umpire,NJ Llong
info,umpire,IN Ramage
info,reserve_umpire,D Odhiambo
info,tv_umpire,VA Kulkarni
info,match_referee,DT Jukes
info,winner,Afghanistan
info,winner_wickets,8
ball,1,0.1,United Arab Emirates,Faizan Asif,Mohammad Shahzad (2),Dawlat Zadran,0,0,"",""
ball,1,0.2,United Arab Emirates,Faizan Asif,Mohammad Shahzad (2),Dawlat Zadran,4,0,"",""
ball,1,0.3,United Arab Emirates,Faizan Asif,Mohammad Shahzad (2),Dawlat Zadran,6,0,"",""
ball,1,0.4,United Arab Emirates,Faizan Asif,Mohammad Shahzad (2),Dawlat Zadran,0,0,"",""
ball,1,0.5,United Arab Emirates,Faizan Asif,Mohammad Shahzad (2),Dawlat Zadran,0,0,"",""
ball,1,0.6,United Arab Emirates,Faizan Asif,Mohammad Shahzad (2),Dawlat Zadran,0,0,"",""
ball,1,1.1,United Arab Emirates,Mohammad Shahzad (2),Faizan Asif,Mohammad Nabi,6,0,"",""
ball,1,1.2,United Arab Emirates,Mohammad Shahzad (2),Faizan Asif,Mohammad Nabi,1,0,"",""
ball,1,1.3,United Arab Emirates,Faizan Asif,Mohammad Shahzad (2),Mohammad Nabi,0,0,"",""
ball,1,1.4,United Arab Emirates,Faizan Asif,Mohammad Shahzad (2),Mohammad Nabi,4,0,"",""
ball,1,1.5,United Arab Emirates,Faizan Asif,Mohammad Shahzad (2),Mohammad Nabi,4,0,"",""
ball,1,1.6,United Arab Emirates,Faizan Asif,Mohammad Shahzad (2),Mohammad Nabi,0,0,"",""
ball,1,2.1,United Arab Emirates,Mohammad Shahzad (2),Faizan Asif,Dawlat Zadran,0,0,"",""
ball,1,2.2,United Arab Emirates,Mohammad Shahzad (2),Faizan Asif,Dawlat Zadran,0,0,"",""
ball,1,2.3,United Arab Emirates,Mohammad Shahzad (2),Faizan Asif,Dawlat Zadran,0,0,"",""
ball,1,2.4,United Arab Emirates,Mohammad Shahzad (2),Faizan Asif,Dawlat Zadran,0,0,"",""
ball,1,2.5,United Arab Emirates,Mohammad Shahzad (2),Faizan Asif,Dawlat Zadran,0,0,"",""
ball,1,2.6,United Arab Emirates,Mohammad Shahzad (2),Faizan Asif,Dawlat Zadran,0,0,"",""
ball,1,3.1,United Arab Emirates,Faizan Asif,Mohammad Shahzad (2),Hamid Hassan,0,0,"",""
ball,1,3.2,United Arab Emirates,Faizan Asif,Mohammad Shahzad (2),Hamid Hassan,1,0,"",""
ball,1,3.3,United Arab Emirates,Mohammad Shahzad (2),Faizan Asif,Hamid Hassan,1,0,"",""
ball,1,3.4,United Arab Emirates,Faizan Asif,Mohammad Shahzad (2),Hamid Hassan,0,1,"",""
ball,1,3.5,United Arab Emirates,Faizan Asif,Mohammad Shahzad (2),Hamid Hassan,4,0,"",""
ball,1,3.6,United Arab Emirates,Faizan Asif,Mohammad Shahzad (2),Hamid Hassan,1,0,"",""
ball,1,3.7,United Arab Emirates,Mohammad Shahzad (2),Faizan Asif,Hamid Hassan,0,0,"",""
ball,1,4.1,United Arab Emirates,Faizan Asif,Mohammad Shahzad (2),Mirwais Ashraf,0,1,"",""
ball,1,4.2,United Arab Emirates,Mohammad Shahzad (2),Faizan Asif,Mirwais Ashraf,1,0,"",""
ball,1,4.3,United Arab Emirates,Faizan Asif,Mohammad Shahzad (2),Mirwais Ashraf,1,0,"",""
ball,1,4.4,United Arab Emirates,Mohammad Shahzad (2),Faizan Asif,Mirwais Ashraf,6,0,"",""
ball,1,4.5,United Arab Emirates,Mohammad Shahzad (2),Faizan Asif,Mirwais Ashraf,0,0,"",""
ball,1,4.6,United Arab Emirates,Mohammad Shahzad (2),Faizan Asif,Mirwais Ashraf,1,0,"",""
ball,1,5.1,United Arab Emirates,Mohammad Shahzad (2),Faizan Asif,Hamid Hassan,2,0,"",""
ball,1,5.2,United Arab Emirates,Mohammad Shahzad (2),Faizan Asif,Hamid Hassan,4,0,"",""
ball,1,5.3,United Arab Emirates,Mohammad Shahzad (2),Faizan Asif,Hamid Hassan,4,0,"",""
ball,1,5.4,United Arab Emirates,Mohammad Shahzad (2),Faizan Asif,Hamid Hassan,0,0,"",""
ball,1,5.5,United Arab Emirates,Mohammad Shahzad (2),Faizan Asif,Hamid Hassan,4,0,"",""
ball,1,5.6,United Arab Emirates,Mohammad Shahzad (2),Faizan Asif,Hamid Hassan,1,0,"",""
ball,1,6.1,United Arab Emirates,Mohammad Shahzad (2),Faizan Asif,Mirwais Ashraf,1,0,"",""
ball,1,6.2,United Arab Emirates,Faizan Asif,Mohammad Shahzad (2),Mirwais Ashraf,1,0,"",""
ball,1,6.3,United Arab Emirates,Mohammad Shahzad (2),Faizan Asif,Mirwais Ashraf,1,0,"",""
ball,1,6.4,United Arab Emirates,Faizan Asif,Mohammad Shahzad (2),Mirwais Ashraf,2,0,"",""
ball,1,6.5,United Arab Emirates,Faizan Asif,Mohammad Shahzad (2),Mirwais Ashraf,0,0,caught,Faizan Asif
ball,1,6.6,United Arab Emirates,Shaiman Anwar,Mohammad Shahzad (2),Mirwais Ashraf,0,0,"",""
ball,1,7.1,United Arab Emirates,Mohammad Shahzad (2),Shaiman Anwar,Sharafuddin Ashraf,1,0,"",""
ball,1,7.2,United Arab Emirates,Shaiman Anwar,Mohammad Shahzad (2),Sharafuddin Ashraf,1,0,"",""
ball,1,7.3,United Arab Emirates,Mohammad Shahzad (2),Shaiman Anwar,Sharafuddin Ashraf,1,0,"",""
ball,1,7.4,United Arab Emirates,Shaiman Anwar,Mohammad Shahzad (2),Sharafuddin Ashraf,1,0,"",""
ball,1,7.5,United Arab Emirates,Mohammad Shahzad (2),Shaiman Anwar,Sharafuddin Ashraf,6,0,"",""
ball,1,7.6,United Arab Emirates,Mohammad Shahzad (2),Shaiman Anwar,Sharafuddin Ashraf,1,0,"",""
ball,1,8.1,United Arab Emirates,Mohammad Shahzad (2),Shaiman Anwar,Mirwais Ashraf,1,0,"",""
ball,1,8.2,United Arab Emirates,Shaiman Anwar,Mohammad Shahzad (2),Mirwais Ashraf,0,0,"",""
ball,1,8.3,United Arab Emirates,Shaiman Anwar,Mohammad Shahzad (2),Mirwais Ashraf,0,2,"",""
ball,1,8.4,United Arab Emirates,Mohammad Shahzad (2),Shaiman Anwar,Mirwais Ashraf,0,0,caught,Mohammad Shahzad (2)
ball,1,8.5,United Arab Emirates,SP Patil,Shaiman Anwar,Mirwais Ashraf,1,0,"",""
ball,1,8.6,United Arab Emirates,Shaiman Anwar,SP Patil,Mirwais Ashraf,0,0,"",""
ball,1,8.7,United Arab Emirates,Shaiman Anwar,SP Patil,Mirwais Ashraf,1,0,"",""
ball,1,9.1,United Arab Emirates,Shaiman Anwar,SP Patil,Sharafuddin Ashraf,1,0,"",""
ball,1,9.2,United Arab Emirates,SP Patil,Shaiman Anwar,Sharafuddin Ashraf,0,0,"",""
ball,1,9.3,United Arab Emirates,SP Patil,Shaiman Anwar,Sharafuddin Ashraf,0,0,"",""
ball,1,9.4,United Arab Emirates,SP Patil,Shaiman Anwar,Sharafuddin Ashraf,1,0,"",""
ball,1,9.5,United Arab Emirates,Shaiman Anwar,SP Patil,Sharafuddin Ashraf,1,0,"",""
ball,1,9.6,United Arab Emirates,SP Patil,Shaiman Anwar,Sharafuddin Ashraf,0,0,"",""
ball,1,10.1,United Arab Emirates,Shaiman Anwar,SP Patil,Mohammad Nabi,1,0,"",""
ball,1,10.2,United Arab Emirates,SP Patil,Shaiman Anwar,Mohammad Nabi,1,0,"",""
ball,1,10.3,United Arab Emirates,Shaiman Anwar,SP Patil,Mohammad Nabi,6,0,"",""
ball,1,10.4,United Arab Emirates,Shaiman Anwar,SP Patil,Mohammad Nabi,1,0,"",""
ball,1,10.5,United Arab Emirates,SP Patil,Shaiman Anwar,Mohammad Nabi,0,0,"",""
ball,1,10.6,United Arab Emirates,SP Patil,Shaiman Anwar,Mohammad Nabi,1,0,"",""
ball,1,11.1,United Arab Emirates,SP Patil,Shaiman Anwar,Sharafuddin Ashraf,1,0,"",""
ball,1,11.2,United Arab Emirates,Shaiman Anwar,SP Patil,Sharafuddin Ashraf,1,0,"",""
ball,1,11.3,United Arab Emirates,SP Patil,Shaiman Anwar,Sharafuddin Ashraf,0,0,"",""
ball,1,11.4,United Arab Emirates,SP Patil,Shaiman Anwar,Sharafuddin Ashraf,1,0,"",""
ball,1,11.5,United Arab Emirates,Shaiman Anwar,SP Patil,Sharafuddin Ashraf,1,0,"",""
ball,1,11.6,United Arab Emirates,SP Patil,Shaiman Anwar,Sharafuddin Ashraf,1,0,"",""
ball,1,12.1,United Arab Emirates,SP Patil,Shaiman Anwar,Mirwais Ashraf,0,0,"",""
ball,1,12.2,United Arab Emirates,SP Patil,Shaiman Anwar,Mirwais Ashraf,1,0,"",""
ball,1,12.3,United Arab Emirates,Shaiman Anwar,SP Patil,Mirwais Ashraf,0,0,"",""
ball,1,12.4,United Arab Emirates,Shaiman Anwar,SP Patil,Mirwais Ashraf,0,0,"",""
ball,1,12.5,United Arab Emirates,Shaiman Anwar,SP Patil,Mirwais Ashraf,1,0,"",""
ball,1,12.6,United Arab Emirates,SP Patil,Shaiman Anwar,Mirwais Ashraf,0,0,run out,SP Patil
ball,1,13.1,United Arab Emirates,Shaiman Anwar,Abdul Shakoor,Mohammad Nabi,0,0,"",""
ball,1,13.2,United Arab Emirates,Shaiman Anwar,Abdul Shakoor,Mohammad Nabi,1,0,"",""
ball,1,13.3,United Arab Emirates,Abdul Shakoor,Shaiman Anwar,Mohammad Nabi,0,0,"",""
ball,1,13.4,United Arab Emirates,Abdul Shakoor,Shaiman Anwar,Mohammad Nabi,1,0,"",""
ball,1,13.5,United Arab Emirates,Shaiman Anwar,Abdul Shakoor,Mohammad Nabi,1,0,"",""
ball,1,13.6,United Arab Emirates,Abdul Shakoor,Shaiman Anwar,Mohammad Nabi,0,0,"",""
ball,1,14.1,United Arab Emirates,Shaiman Anwar,Abdul Shakoor,Dawlat Zadran,6,0,"",""
ball,1,14.2,United Arab Emirates,Shaiman Anwar,Abdul Shakoor,Dawlat Zadran,4,0,"",""
ball,1,14.3,United Arab Emirates,Shaiman Anwar,Abdul Shakoor,Dawlat Zadran,6,0,"",""
ball,1,14.4,United Arab Emirates,Shaiman Anwar,Abdul Shakoor,Dawlat Zadran,1,0,"",""
ball,1,14.5,United Arab Emirates,Abdul Shakoor,Shaiman Anwar,Dawlat Zadran,0,0,"",""
ball,1,14.6,United Arab Emirates,Abdul Shakoor,Shaiman Anwar,Dawlat Zadran,1,0,"",""
ball,1,15.1,United Arab Emirates,Abdul Shakoor,Shaiman Anwar,Sharafuddin Ashraf,0,0,"",""
ball,1,15.2,United Arab Emirates,Abdul Shakoor,Shaiman Anwar,Sharafuddin Ashraf,4,0,"",""
ball,1,15.3,United Arab Emirates,Abdul Shakoor,Shaiman Anwar,Sharafuddin Ashraf,2,0,"",""
ball,1,15.4,United Arab Emirates,Abdul Shakoor,Shaiman Anwar,Sharafuddin Ashraf,4,0,"",""
ball,1,15.5,United Arab Emirates,Abdul Shakoor,Shaiman Anwar,Sharafuddin Ashraf,1,0,"",""
ball,1,15.6,United Arab Emirates,Shaiman Anwar,Abdul Shakoor,Sharafuddin Ashraf,0,0,"",""
ball,1,16.1,United Arab Emirates,Abdul Shakoor,Shaiman Anwar,Hamid Hassan,0,0,"",""
ball,1,16.2,United Arab Emirates,Abdul Shakoor,Shaiman Anwar,Hamid Hassan,1,0,"",""
ball,1,16.3,United Arab Emirates,Shaiman Anwar,Abdul Shakoor,Hamid Hassan,0,0,caught,Shaiman Anwar
ball,1,16.4,United Arab Emirates,Abdul Shakoor,Amjad Javed,Hamid Hassan,1,0,"",""
ball,1,16.5,United Arab Emirates,Amjad Javed,Abdul Shakoor,Hamid Hassan,0,0,"",""
ball,1,16.6,United Arab Emirates,Amjad Javed,Abdul Shakoor,Hamid Hassan,0,0,"",""
ball,1,17.1,United Arab Emirates,Abdul Shakoor,Amjad Javed,Mohammad Nabi,1,0,"",""
ball,1,17.2,United Arab Emirates,Amjad Javed,Abdul Shakoor,Mohammad Nabi,1,0,"",""
ball,1,17.3,United Arab Emirates,Abdul Shakoor,Amjad Javed,Mohammad Nabi,0,0,"",""
ball,1,17.4,United Arab Emirates,Abdul Shakoor,Amjad Javed,Mohammad Nabi,1,0,"",""
ball,1,17.5,United Arab Emirates,Amjad Javed,Abdul Shakoor,Mohammad Nabi,4,0,"",""
ball,1,17.6,United Arab Emirates,Amjad Javed,Abdul Shakoor,Mohammad Nabi,1,0,"",""
ball,1,18.1,United Arab Emirates,Amjad Javed,Abdul Shakoor,Dawlat Zadran,4,0,"",""
ball,1,18.2,United Arab Emirates,Amjad Javed,Abdul Shakoor,Dawlat Zadran,4,0,"",""
ball,1,18.3,United Arab Emirates,Amjad Javed,Abdul Shakoor,Dawlat Zadran,0,0,bowled,Amjad Javed
ball,1,18.4,United Arab Emirates,Mohammad Naveed,Abdul Shakoor,Dawlat Zadran,6,0,"",""
ball,1,18.5,United Arab Emirates,Mohammad Naveed,Abdul Shakoor,Dawlat Zadran,4,0,"",""
ball,1,18.6,United Arab Emirates,Mohammad Naveed,Abdul Shakoor,Dawlat Zadran,0,0,"",""
ball,1,19.1,United Arab Emirates,Abdul Shakoor,Mohammad Naveed,Hamid Hassan,1,0,"",""
ball,1,19.2,United Arab Emirates,Mohammad Naveed,Abdul Shakoor,Hamid Hassan,0,0,"",""
ball,1,19.3,United Arab Emirates,Mohammad Naveed,Abdul Shakoor,Hamid Hassan,0,0,caught,Mohammad Naveed
ball,1,19.4,United Arab Emirates,Abdul Shakoor,Umair Ali,Hamid Hassan,0,1,"",""
ball,1,19.5,United Arab Emirates,Umair Ali,Abdul Shakoor,Hamid Hassan,1,0,"",""
ball,1,19.6,United Arab Emirates,Abdul Shakoor,Umair Ali,Hamid Hassan,2,0,"",""
ball,2,0.1,Afghanistan,Mohammad Shahzad,Nawroz Mangal,Mohammad Naveed,4,0,"",""
ball,2,0.2,Afghanistan,Mohammad Shahzad,Nawroz Mangal,Mohammad Naveed,0,0,"",""
ball,2,0.3,Afghanistan,Mohammad Shahzad,Nawroz Mangal,Mohammad Naveed,4,0,"",""
ball,2,0.4,Afghanistan,Mohammad Shahzad,Nawroz Mangal,Mohammad Naveed,1,0,"",""
ball,2,0.5,Afghanistan,Nawroz Mangal,Mohammad Shahzad,Mohammad Naveed,0,0,"",""
ball,2,0.6,Afghanistan,Nawroz Mangal,Mohammad Shahzad,Mohammad Naveed,1,0,"",""
ball,2,1.1,Afghanistan,Nawroz Mangal,Mohammad Shahzad,Amjad Javed,0,1,"",""
ball,2,1.2,Afghanistan,Nawroz Mangal,Mohammad Shahzad,Amjad Javed,0,0,"",""
ball,2,1.3,Afghanistan,Nawroz Mangal,Mohammad Shahzad,Amjad Javed,6,0,"",""
ball,2,1.4,Afghanistan,Nawroz Mangal,Mohammad Shahzad,Amjad Javed,0,0,"",""
ball,2,1.5,Afghanistan,Nawroz Mangal,Mohammad Shahzad,Amjad Javed,4,0,"",""
ball,2,1.6,Afghanistan,Nawroz Mangal,Mohammad Shahzad,Amjad Javed,0,0,"",""
ball,2,1.7,Afghanistan,Nawroz Mangal,Mohammad Shahzad,Amjad Javed,1,0,"",""
ball,2,2.1,Afghanistan,Nawroz Mangal,Mohammad Shahzad,Mohammad Naveed,1,0,"",""
ball,2,2.2,Afghanistan,Mohammad Shahzad,Nawroz Mangal,Mohammad Naveed,6,0,"",""
ball,2,2.3,Afghanistan,Mohammad Shahzad,Nawroz Mangal,Mohammad Naveed,0,0,"",""
ball,2,2.4,Afghanistan,Mohammad Shahzad,Nawroz Mangal,Mohammad Naveed,1,1,"",""
ball,2,2.5,Afghanistan,Nawroz Mangal,Mohammad Shahzad,Mohammad Naveed,1,0,"",""
ball,2,2.6,Afghanistan,Mohammad Shahzad,Nawroz Mangal,Mohammad Naveed,0,0,"",""
ball,2,2.7,Afghanistan,Mohammad Shahzad,Nawroz Mangal,Mohammad Naveed,4,0,"",""
ball,2,3.1,Afghanistan,Nawroz Mangal,Mohammad Shahzad,Amjad Javed,1,0,"",""
ball,2,3.2,Afghanistan,Mohammad Shahzad,Nawroz Mangal,Amjad Javed,0,1,"",""
ball,2,3.3,Afghanistan,Mohammad Shahzad,Nawroz Mangal,Amjad Javed,4,0,"",""
ball,2,3.4,Afghanistan,Mohammad Shahzad,Nawroz Mangal,Amjad Javed,0,0,"",""
ball,2,3.5,Afghanistan,Mohammad Shahzad,Nawroz Mangal,Amjad Javed,1,0,"",""
ball,2,3.6,Afghanistan,Nawroz Mangal,Mohammad Shahzad,Amjad Javed,0,0,"",""
ball,2,3.7,Afghanistan,Nawroz Mangal,Mohammad Shahzad,Amjad Javed,0,0,bowled,Nawroz Mangal
ball,2,4.1,Afghanistan,Mohammad Shahzad,Asghar Stanikzai,Rohan Mustafa,2,0,"",""
ball,2,4.2,Afghanistan,Mohammad Shahzad,Asghar Stanikzai,Rohan Mustafa,1,0,"",""
ball,2,4.3,Afghanistan,Asghar Stanikzai,Mohammad Shahzad,Rohan Mustafa,0,0,"",""
ball,2,4.4,Afghanistan,Asghar Stanikzai,Mohammad Shahzad,Rohan Mustafa,1,0,"",""
ball,2,4.5,Afghanistan,Mohammad Shahzad,Asghar Stanikzai,Rohan Mustafa,4,0,"",""
ball,2,4.6,Afghanistan,Mohammad Shahzad,Asghar Stanikzai,Rohan Mustafa,1,0,"",""
ball,2,5.1,Afghanistan,Mohammad Shahzad,Asghar Stanikzai,Amjad Javed,0,0,"",""
ball,2,5.2,Afghanistan,Mohammad Shahzad,Asghar Stanikzai,Amjad Javed,6,0,"",""
ball,2,5.3,Afghanistan,Mohammad Shahzad,Asghar Stanikzai,Amjad Javed,4,0,"",""
ball,2,5.4,Afghanistan,Mohammad Shahzad,Asghar Stanikzai,Amjad Javed,1,0,"",""
ball,2,5.5,Afghanistan,Asghar Stanikzai,Mohammad Shahzad,Amjad Javed,0,0,"",""
ball,2,5.6,Afghanistan,Asghar Stanikzai,Mohammad Shahzad,Amjad Javed,0,0,"",""
ball,2,6.1,Afghanistan,Mohammad Shahzad,Asghar Stanikzai,Ahmed Raza,1,0,"",""
ball,2,6.2,Afghanistan,Asghar Stanikzai,Mohammad Shahzad,Ahmed Raza,0,0,"",""
ball,2,6.3,Afghanistan,Asghar Stanikzai,Mohammad Shahzad,Ahmed Raza,1,0,"",""
ball,2,6.4,Afghanistan,Mohammad Shahzad,Asghar Stanikzai,Ahmed Raza,0,0,"",""
ball,2,6.5,Afghanistan,Mohammad Shahzad,Asghar Stanikzai,Ahmed Raza,1,0,"",""
ball,2,6.6,Afghanistan,Asghar Stanikzai,Mohammad Shahzad,Ahmed Raza,1,0,"",""
ball,2,7.1,Afghanistan,Asghar Stanikzai,Mohammad Shahzad,Rohan Mustafa,0,0,"",""
ball,2,7.2,Afghanistan,Asghar Stanikzai,Mohammad Shahzad,Rohan Mustafa,1,0,"",""
ball,2,7.3,Afghanistan,Mohammad Shahzad,Asghar Stanikzai,Rohan Mustafa,6,0,"",""
ball,2,7.4,Afghanistan,Mohammad Shahzad,Asghar Stanikzai,Rohan Mustafa,0,0,"",""
ball,2,7.5,Afghanistan,Mohammad Shahzad,Asghar Stanikzai,Rohan Mustafa,6,0,"",""
ball,2,7.6,Afghanistan,Mohammad Shahzad,Asghar Stanikzai,Rohan Mustafa,1,0,"",""
ball,2,8.1,Afghanistan,Mohammad Shahzad,Asghar Stanikzai,Ahmed Raza,4,0,"",""
ball,2,8.2,Afghanistan,Mohammad Shahzad,Asghar Stanikzai,Ahmed Raza,0,0,"",""
ball,2,8.3,Afghanistan,Mohammad Shahzad,Asghar Stanikzai,Ahmed Raza,6,0,"",""
ball,2,8.4,Afghanistan,Mohammad Shahzad,Asghar Stanikzai,Ahmed Raza,2,0,"",""
ball,2,8.5,Afghanistan,Mohammad Shahzad,Asghar Stanikzai,Ahmed Raza,1,0,"",""
ball,2,8.6,Afghanistan,Asghar Stanikzai,Mohammad Shahzad,Ahmed Raza,1,0,"",""
ball,2,9.1,Afghanistan,Asghar Stanikzai,Mohammad Shahzad,Mohammad Shahzad (2),1,0,"",""
ball,2,9.2,Afghanistan,Mohammad Shahzad,Asghar Stanikzai,Mohammad Shahzad (2),1,0,"",""
ball,2,9.3,Afghanistan,Asghar Stanikzai,Mohammad Shahzad,Mohammad Shahzad (2),0,0,"",""
ball,2,9.4,Afghanistan,Asghar Stanikzai,Mohammad Shahzad,Mohammad Shahzad (2),1,0,"",""
ball,2,9.5,Afghanistan,Mohammad Shahzad,Asghar Stanikzai,Mohammad Shahzad (2),0,0,"",""
ball,2,9.6,Afghanistan,Mohammad Shahzad,Asghar Stanikzai,Mohammad Shahzad (2),1,0,"",""
ball,2,10.1,Afghanistan,Mohammad Shahzad,Asghar Stanikzai,Umair Ali,0,0,"",""
ball,2,10.2,Afghanistan,Mohammad Shahzad,Asghar Stanikzai,Umair Ali,0,0,caught,Mohammad Shahzad
ball,2,10.3,Afghanistan,Asghar Stanikzai,Samiullah Shenwari,Umair Ali,0,0,"",""
ball,2,10.4,Afghanistan,Asghar Stanikzai,Samiullah Shenwari,Umair Ali,1,0,"",""
ball,2,10.5,Afghanistan,Samiullah Shenwari,Asghar Stanikzai,Umair Ali,0,0,"",""
ball,2,10.6,Afghanistan,Samiullah Shenwari,Asghar Stanikzai,Umair Ali,1,0,"",""
ball,2,11.1,Afghanistan,Samiullah Shenwari,Asghar Stanikzai,Ahmed Raza,1,0,"",""
ball,2,11.2,Afghanistan,Asghar Stanikzai,Samiullah Shenwari,Ahmed Raza,1,0,"",""
ball,2,11.3,Afghanistan,Samiullah Shenwari,Asghar Stanikzai,Ahmed Raza,1,0,"",""
ball,2,11.4,Afghanistan,Asghar Stanikzai,Samiullah Shenwari,Ahmed Raza,1,0,"",""
ball,2,11.5,Afghanistan,Samiullah Shenwari,Asghar Stanikzai,Ahmed Raza,4,0,"",""
ball,2,11.6,Afghanistan,Samiullah Shenwari,Asghar Stanikzai,Ahmed Raza,0,0,"",""
ball,2,12.1,Afghanistan,Asghar Stanikzai,Samiullah Shenwari,Mohammad Tauqir,2,0,"",""
ball,2,12.2,Afghanistan,Asghar Stanikzai,Samiullah Shenwari,Mohammad Tauqir,0,0,"",""
ball,2,12.3,Afghanistan,Asghar Stanikzai,Samiullah Shenwari,Mohammad Tauqir,0,0,"",""
ball,2,12.4,Afghanistan,Asghar Stanikzai,Samiullah Shenwari,Mohammad Tauqir,0,0,"",""
ball,2,12.5,Afghanistan,Asghar Stanikzai,Samiullah Shenwari,Mohammad Tauqir,1,0,"",""
ball,2,12.6,Afghanistan,Samiullah Shenwari,Asghar Stanikzai,Mohammad Tauqir,0,0,"",""
ball,2,13.1,Afghanistan,Asghar Stanikzai,Samiullah Shenwari,Ahmed Raza,1,0,"",""
ball,2,13.2,Afghanistan,Samiullah Shenwari,Asghar Stanikzai,Ahmed Raza,0,0,"",""
ball,2,13.3,Afghanistan,Samiullah Shenwari,Asghar Stanikzai,Ahmed Raza,1,0,"",""
ball,2,13.4,Afghanistan,Asghar Stanikzai,Samiullah Shenwari,Ahmed Raza,1,0,"",""
ball,2,13.5,Afghanistan,Samiullah Shenwari,Asghar Stanikzai,Ahmed Raza,2,0,"",""
ball,2,13.6,Afghanistan,Samiullah Shenwari,Asghar Stanikzai,Ahmed Raza,0,0,"",""
ball,2,14.1,Afghanistan,Asghar Stanikzai,Samiullah Shenwari,Mohammad Tauqir,6,0,"",""
ball,2,14.2,Afghanistan,Asghar Stanikzai,Samiullah Shenwari,Mohammad Tauqir,0,1,"",""
ball,2,14.3,Afghanistan,Asghar Stanikzai,Samiullah Shenwari,Mohammad Tauqir,1,0,"",""
ball,2,14.4,Afghanistan,Samiullah Shenwari,Asghar Stanikzai,Mohammad Tauqir,1,0,"",""
ball,2,14.5,Afghanistan,Asghar Stanikzai,Samiullah Shenwari,Mohammad Tauqir,6,0,"",""
ball,2,14.6,Afghanistan,Asghar Stanikzai,Samiullah Shenwari,Mohammad Tauqir,1,0,"",""
ball,2,14.7,Afghanistan,Samiullah Shenwari,Asghar Stanikzai,Mohammad Tauqir,1,0,"",""
ball,2,15.1,Afghanistan,Samiullah Shenwari,Asghar Stanikzai,Umair Ali,1,0,"",""
ball,2,15.2,Afghanistan,Asghar Stanikzai,Samiullah Shenwari,Umair Ali,1,0,"",""
ball,2,15.3,Afghanistan,Samiullah Shenwari,Asghar Stanikzai,Umair Ali,2,0,"",""
ball,2,15.4,Afghanistan,Samiullah Shenwari,Asghar Stanikzai,Umair Ali,2,0,"",""
ball,2,15.5,Afghanistan,Samiullah Shenwari,Asghar Stanikzai,Umair Ali,1,0,"",""
ball,2,15.6,Afghanistan,Asghar Stanikzai,Samiullah Shenwari,Umair Ali,4,0,"",""
ball,2,16.1,Afghanistan,Samiullah Shenwari,Asghar Stanikzai,Mohammad Naveed,2,0,"",""
ball,2,16.2,Afghanistan,Samiullah Shenwari,Asghar Stanikzai,Mohammad Naveed,4,0,"",""
ball,2,16.3,Afghanistan,Samiullah Shenwari,Asghar Stanikzai,Mohammad Naveed,0,1,"",""
ball,2,16.4,Afghanistan,Samiullah Shenwari,Asghar Stanikzai,Mohammad Naveed,4,0,"",""
ball,2,16.5,Afghanistan,Samiullah Shenwari,Asghar Stanikzai,Mohammad Naveed,1,0,"",""
ball,2,16.6,Afghanistan,Asghar Stanikzai,Samiullah Shenwari,Mohammad Naveed,4,0,"",""
ball,2,16.7,Afghanistan,Asghar Stanikzai,Samiullah Shenwari,Mohammad Naveed,0,0,"",""
ball,2,17.1,Afghanistan,Samiullah Shenwari,Asghar Stanikzai,Amjad Javed,1,0,"",""
ball,2,17.2,Afghanistan,Asghar Stanikzai,Samiullah Shenwari,Amjad Javed,6,0,"",""
