version,1.3.0
info,team,Zimbabwe
info,team,India
info,gender,male
info,season,2015
info,date,2015/07/19
info,series,India in Zimbabwe T20I Series
info,match_number,2
info,venue,Harare Sports Club
info,city,
info,toss_winner,Zimbabwe
info,toss_decision,bat
info,player_of_match,CJ Chibhabha
info,umpire,L Rusere
info,umpire,RB Tiffin
info,tv_umpire,TJ Matibiri
info,match_referee,RS Mahanama
info,winner,Zimbabwe
info,winner_runs,10
ball,1,0.1,Zimbabwe,H Masakadza,CJ Chibhabha,B Kumar,0,0,"",""
ball,1,0.2,Zimbabwe,H Masakadza,CJ Chibhabha,B Kumar,0,0,"",""
ball,1,0.3,Zimbabwe,H Masakadza,CJ Chibhabha,B Kumar,2,0,"",""
ball,1,0.4,Zimbabwe,H Masakadza,CJ Chibhabha,B Kumar,2,0,"",""
ball,1,0.5,Zimbabwe,H Masakadza,CJ Chibhabha,B Kumar,0,0,"",""
ball,1,0.6,Zimbabwe,H Masakadza,CJ Chibhabha,B Kumar,3,0,"",""
ball,1,1.1,Zimbabwe,H Masakadza,CJ Chibhabha,Sandeep Sharma,0,1,"",""
ball,1,1.2,Zimbabwe,CJ Chibhabha,H Masakadza,Sandeep Sharma,0,0,"",""
ball,1,1.3,Zimbabwe,CJ Chibhabha,H Masakadza,Sandeep Sharma,1,0,"",""
ball,1,1.4,Zimbabwe,H Masakadza,CJ Chibhabha,Sandeep Sharma,0,1,"",""
ball,1,1.5,Zimbabwe,H Masakadza,CJ Chibhabha,Sandeep Sharma,0,0,"",""
ball,1,1.6,Zimbabwe,H Masakadza,CJ Chibhabha,Sandeep Sharma,1,0,"",""
ball,1,1.7,Zimbabwe,CJ Chibhabha,H Masakadza,Sandeep Sharma,0,1,"",""
ball,1,1.8,Zimbabwe,CJ Chibhabha,H Masakadza,Sandeep Sharma,4,0,"",""
ball,1,2.1,Zimbabwe,H Masakadza,CJ Chibhabha,B Kumar,4,0,"",""
ball,1,2.2,Zimbabwe,H Masakadza,CJ Chibhabha,B Kumar,0,0,"",""
ball,1,2.3,Zimbabwe,H Masakadza,CJ Chibhabha,B Kumar,0,0,"",""
ball,1,2.4,Zimbabwe,H Masakadza,CJ Chibhabha,B Kumar,0,0,"",""
ball,1,2.5,Zimbabwe,H Masakadza,CJ Chibhabha,B Kumar,1,0,"",""
ball,1,2.6,Zimbabwe,CJ Chibhabha,H Masakadza,B Kumar,0,0,"",""
ball,1,3.1,Zimbabwe,H Masakadza,CJ Chibhabha,Sandeep Sharma,0,1,"",""
ball,1,3.2,Zimbabwe,H Masakadza,CJ Chibhabha,Sandeep Sharma,6,0,"",""
ball,1,3.3,Zimbabwe,H Masakadza,CJ Chibhabha,Sandeep Sharma,0,0,caught,H Masakadza
ball,1,3.4,Zimbabwe,Sikandar Raza,CJ Chibhabha,Sandeep Sharma,0,0,"",""
ball,1,3.5,Zimbabwe,Sikandar Raza,CJ Chibhabha,Sandeep Sharma,3,0,"",""
ball,1,3.6,Zimbabwe,CJ Chibhabha,Sikandar Raza,Sandeep Sharma,4,0,"",""
ball,1,3.7,Zimbabwe,CJ Chibhabha,Sikandar Raza,Sandeep Sharma,0,0,"",""
ball,1,4.1,Zimbabwe,Sikandar Raza,CJ Chibhabha,STR Binny,0,0,"",""
ball,1,4.2,Zimbabwe,Sikandar Raza,CJ Chibhabha,STR Binny,4,0,"",""
ball,1,4.3,Zimbabwe,Sikandar Raza,CJ Chibhabha,STR Binny,1,0,"",""
ball,1,4.4,Zimbabwe,CJ Chibhabha,Sikandar Raza,STR Binny,0,0,"",""
ball,1,4.5,Zimbabwe,CJ Chibhabha,Sikandar Raza,STR Binny,4,0,"",""
ball,1,4.6,Zimbabwe,CJ Chibhabha,Sikandar Raza,STR Binny,1,0,"",""
ball,1,5.1,Zimbabwe,CJ Chibhabha,Sikandar Raza,MM Sharma,2,0,"",""
ball,1,5.2,Zimbabwe,CJ Chibhabha,Sikandar Raza,MM Sharma,1,0,"",""
ball,1,5.3,Zimbabwe,Sikandar Raza,CJ Chibhabha,MM Sharma,0,0,"",""
ball,1,5.4,Zimbabwe,Sikandar Raza,CJ Chibhabha,MM Sharma,0,0,caught,Sikandar Raza
ball,1,5.5,Zimbabwe,CJ Chibhabha,SC Williams,MM Sharma,1,0,"",""
ball,1,5.6,Zimbabwe,SC Williams,CJ Chibhabha,MM Sharma,0,0,"",""
ball,1,6.1,Zimbabwe,CJ Chibhabha,SC Williams,M Vijay,1,0,"",""
ball,1,6.2,Zimbabwe,SC Williams,CJ Chibhabha,M Vijay,1,0,"",""
ball,1,6.3,Zimbabwe,CJ Chibhabha,SC Williams,M Vijay,1,0,"",""
ball,1,6.4,Zimbabwe,SC Williams,CJ Chibhabha,M Vijay,1,0,"",""
ball,1,6.5,Zimbabwe,CJ Chibhabha,SC Williams,M Vijay,1,0,"",""
ball,1,6.6,Zimbabwe,SC Williams,CJ Chibhabha,M Vijay,1,0,"",""
ball,1,7.1,Zimbabwe,SC Williams,CJ Chibhabha,AR Patel,0,4,"",""
ball,1,7.2,Zimbabwe,SC Williams,CJ Chibhabha,AR Patel,1,0,"",""
ball,1,7.3,Zimbabwe,CJ Chibhabha,SC Williams,AR Patel,1,0,"",""
ball,1,7.4,Zimbabwe,SC Williams,CJ Chibhabha,AR Patel,1,0,"",""
ball,1,7.5,Zimbabwe,CJ Chibhabha,SC Williams,AR Patel,1,0,"",""
ball,1,7.6,Zimbabwe,SC Williams,CJ Chibhabha,AR Patel,0,0,"",""
ball,1,8.1,Zimbabwe,CJ Chibhabha,SC Williams,M Vijay,0,0,"",""
ball,1,8.2,Zimbabwe,CJ Chibhabha,SC Williams,M Vijay,0,1,"",""
ball,1,8.3,Zimbabwe,SC Williams,CJ Chibhabha,M Vijay,2,0,"",""
ball,1,8.4,Zimbabwe,SC Williams,CJ Chibhabha,M Vijay,0,0,"",""
ball,1,8.5,Zimbabwe,SC Williams,CJ Chibhabha,M Vijay,1,0,"",""
ball,1,8.6,Zimbabwe,CJ Chibhabha,SC Williams,M Vijay,0,0,"",""
ball,1,9.1,Zimbabwe,SC Williams,CJ Chibhabha,AR Patel,1,0,"",""
ball,1,9.2,Zimbabwe,CJ Chibhabha,SC Williams,AR Patel,0,0,"",""
ball,1,9.3,Zimbabwe,CJ Chibhabha,SC Williams,AR Patel,1,0,"",""
ball,1,9.4,Zimbabwe,SC Williams,CJ Chibhabha,AR Patel,1,0,"",""
ball,1,9.5,Zimbabwe,CJ Chibhabha,SC Williams,AR Patel,4,0,"",""
ball,1,9.6,Zimbabwe,CJ Chibhabha,SC Williams,AR Patel,2,0,"",""
ball,1,10.1,Zimbabwe,SC Williams,CJ Chibhabha,Sandeep Sharma,1,0,"",""
ball,1,10.2,Zimbabwe,CJ Chibhabha,SC Williams,Sandeep Sharma,1,0,"",""
ball,1,10.3,Zimbabwe,SC Williams,CJ Chibhabha,Sandeep Sharma,1,0,"",""
ball,1,10.4,Zimbabwe,CJ Chibhabha,SC Williams,Sandeep Sharma,1,0,"",""
ball,1,10.5,Zimbabwe,SC Williams,CJ Chibhabha,Sandeep Sharma,4,0,"",""
ball,1,10.6,Zimbabwe,SC Williams,CJ Chibhabha,Sandeep Sharma,1,0,"",""
ball,1,11.1,Zimbabwe,SC Williams,CJ Chibhabha,AR Patel,0,0,caught and bowled,SC Williams
ball,1,11.2,Zimbabwe,CK Coventry,CJ Chibhabha,AR Patel,0,0,"",""
ball,1,11.3,Zimbabwe,CK Coventry,CJ Chibhabha,AR Patel,1,0,"",""
ball,1,11.4,Zimbabwe,CJ Chibhabha,CK Coventry,AR Patel,0,0,"",""
ball,1,11.5,Zimbabwe,CJ Chibhabha,CK Coventry,AR Patel,2,0,"",""
ball,1,11.6,Zimbabwe,CJ Chibhabha,CK Coventry,AR Patel,1,0,"",""
ball,1,12.1,Zimbabwe,CJ Chibhabha,CK Coventry,MM Sharma,0,0,"",""
ball,1,12.2,Zimbabwe,CJ Chibhabha,CK Coventry,MM Sharma,4,0,"",""
ball,1,12.3,Zimbabwe,CJ Chibhabha,CK Coventry,MM Sharma,0,0,"",""
ball,1,12.4,Zimbabwe,CJ Chibhabha,CK Coventry,MM Sharma,4,0,"",""
ball,1,12.5,Zimbabwe,CJ Chibhabha,CK Coventry,MM Sharma,1,0,"",""
ball,1,12.6,Zimbabwe,CK Coventry,CJ Chibhabha,MM Sharma,0,0,"",""
ball,1,13.1,Zimbabwe,CJ Chibhabha,CK Coventry,AR Patel,0,0,"",""
ball,1,13.2,Zimbabwe,CJ Chibhabha,CK Coventry,AR Patel,1,0,"",""
ball,1,13.3,Zimbabwe,CK Coventry,CJ Chibhabha,AR Patel,0,0,"",""
ball,1,13.4,Zimbabwe,CK Coventry,CJ Chibhabha,AR Patel,0,0,"",""
ball,1,13.5,Zimbabwe,CK Coventry,CJ Chibhabha,AR Patel,1,0,"",""
ball,1,13.6,Zimbabwe,CJ Chibhabha,CK Coventry,AR Patel,4,0,"",""
ball,1,14.1,Zimbabwe,CK Coventry,CJ Chibhabha,Sandeep Sharma,1,0,"",""
ball,1,14.2,Zimbabwe,CJ Chibhabha,CK Coventry,Sandeep Sharma,1,0,"",""
ball,1,14.3,Zimbabwe,CK Coventry,CJ Chibhabha,Sandeep Sharma,1,0,"",""
ball,1,14.4,Zimbabwe,CJ Chibhabha,CK Coventry,Sandeep Sharma,0,0,"",""
ball,1,14.5,Zimbabwe,CJ Chibhabha,CK Coventry,Sandeep Sharma,4,0,"",""
ball,1,14.6,Zimbabwe,CJ Chibhabha,CK Coventry,Sandeep Sharma,1,0,"",""
ball,1,15.1,Zimbabwe,CJ Chibhabha,CK Coventry,STR Binny,1,0,"",""
ball,1,15.2,Zimbabwe,CK Coventry,CJ Chibhabha,STR Binny,0,0,"",""
ball,1,15.3,Zimbabwe,CK Coventry,CJ Chibhabha,STR Binny,0,0,lbw,CK Coventry
ball,1,15.4,Zimbabwe,CR Ervine,CJ Chibhabha,STR Binny,0,0,"",""
ball,1,15.5,Zimbabwe,CR Ervine,CJ Chibhabha,STR Binny,1,0,"",""
ball,1,15.6,Zimbabwe,CJ Chibhabha,CR Ervine,STR Binny,2,0,"",""
ball,1,16.1,Zimbabwe,CR Ervine,CJ Chibhabha,B Kumar,0,0,"",""
ball,1,16.2,Zimbabwe,CR Ervine,CJ Chibhabha,B Kumar,0,1,"",""
ball,1,16.3,Zimbabwe,CR Ervine,CJ Chibhabha,B Kumar,0,0,"",""
ball,1,16.4,Zimbabwe,CR Ervine,CJ Chibhabha,B Kumar,1,0,"",""
ball,1,16.5,Zimbabwe,CJ Chibhabha,CR Ervine,B Kumar,0,0,"",""
ball,1,16.6,Zimbabwe,CJ Chibhabha,CR Ervine,B Kumar,2,0,"",""
ball,1,16.7,Zimbabwe,CJ Chibhabha,CR Ervine,B Kumar,1,0,"",""
ball,1,17.1,Zimbabwe,CJ Chibhabha,CR Ervine,MM Sharma,4,0,"",""
ball,1,17.2,Zimbabwe,CJ Chibhabha,CR Ervine,MM Sharma,1,0,"",""
ball,1,17.3,Zimbabwe,CR Ervine,CJ Chibhabha,MM Sharma,4,0,"",""
ball,1,17.4,Zimbabwe,CR Ervine,CJ Chibhabha,MM Sharma,1,0,"",""
ball,1,17.5,Zimbabwe,CJ Chibhabha,CR Ervine,MM Sharma,0,0,"",""
ball,1,17.6,Zimbabwe,CJ Chibhabha,CR Ervine,MM Sharma,1,0,"",""
ball,1,18.1,Zimbabwe,CJ Chibhabha,CR Ervine,B Kumar,0,0,bowled,CJ Chibhabha
ball,1,18.2,Zimbabwe,MN Waller,CR Ervine,B Kumar,1,0,"",""
ball,1,18.3,Zimbabwe,CR Ervine,MN Waller,B Kumar,0,1,"",""
ball,1,18.4,Zimbabwe,CR Ervine,MN Waller,B Kumar,0,5,"",""
ball,1,18.5,Zimbabwe,CR Ervine,MN Waller,B Kumar,0,0,"",""
ball,1,18.6,Zimbabwe,CR Ervine,MN Waller,B Kumar,0,0,bowled,CR Ervine
ball,1,18.7,Zimbabwe,P Utseya,MN Waller,B Kumar,1,0,"",""
ball,1,18.8,Zimbabwe,MN Waller,P Utseya,B Kumar,1,0,"",""
ball,1,19.1,Zimbabwe,MN Waller,P Utseya,MM Sharma,0,0,"",""
ball,1,19.2,Zimbabwe,MN Waller,P Utseya,MM Sharma,1,0,"",""
ball,1,19.3,Zimbabwe,P Utseya,MN Waller,MM Sharma,0,0,caught,P Utseya
ball,1,19.4,Zimbabwe,MN Waller,AG Cremer,MM Sharma,2,0,"",""
ball,1,19.5,Zimbabwe,MN Waller,AG Cremer,MM Sharma,1,0,"",""
ball,1,19.6,Zimbabwe,AG Cremer,MN Waller,MM Sharma,0,0,"",""
ball,2,0.1,India,AM Rahane,M Vijay,P Utseya,0,0,"",""
ball,2,0.2,India,AM Rahane,M Vijay,P Utseya,4,0,"",""
ball,2,0.3,India,AM Rahane,M Vijay,P Utseya,0,0,run out,AM Rahane
ball,2,0.4,India,RV Uthappa,M Vijay,P Utseya,0,0,"",""
ball,2,0.5,India,RV Uthappa,M Vijay,P Utseya,1,0,"",""
ball,2,0.6,India,M Vijay,RV Uthappa,P Utseya,0,0,"",""
ball,2,1.1,India,RV Uthappa,M Vijay,T Muzarabani,0,0,"",""
ball,2,1.2,India,RV Uthappa,M Vijay,T Muzarabani,0,0,"",""
ball,2,1.3,India,RV Uthappa,M Vijay,T Muzarabani,0,0,"",""
ball,2,1.4,India,RV Uthappa,M Vijay,T Muzarabani,0,0,"",""
ball,2,1.5,India,RV Uthappa,M Vijay,T Muzarabani,4,0,"",""
ball,2,1.6,India,RV Uthappa,M Vijay,T Muzarabani,4,0,"",""
ball,2,2.1,India,M Vijay,RV Uthappa,P Utseya,3,0,"",""
ball,2,2.2,India,RV Uthappa,M Vijay,P Utseya,1,0,"",""
ball,2,2.3,India,M Vijay,RV Uthappa,P Utseya,1,0,"",""
ball,2,2.4,India,RV Uthappa,M Vijay,P Utseya,4,0,"",""
ball,2,2.5,India,RV Uthappa,M Vijay,P Utseya,0,0,"",""
ball,2,2.6,India,RV Uthappa,M Vijay,P Utseya,1,0,"",""
ball,2,3.1,India,RV Uthappa,M Vijay,CB Mpofu,0,0,"",""
ball,2,3.2,India,RV Uthappa,M Vijay,CB Mpofu,4,0,"",""
ball,2,3.3,India,RV Uthappa,M Vijay,CB Mpofu,0,0,"",""
ball,2,3.4,India,RV Uthappa,M Vijay,CB Mpofu,4,0,"",""
ball,2,3.5,India,RV Uthappa,M Vijay,CB Mpofu,4,0,"",""
ball,2,3.6,India,RV Uthappa,M Vijay,CB Mpofu,0,0,"",""
ball,2,4.1,India,M Vijay,RV Uthappa,CJ Chibhabha,0,0,"",""
ball,2,4.2,India,M Vijay,RV Uthappa,CJ Chibhabha,0,0,"",""
ball,2,4.3,India,M Vijay,RV Uthappa,CJ Chibhabha,0,0,"",""
ball,2,4.4,India,M Vijay,RV Uthappa,CJ Chibhabha,1,0,"",""
ball,2,4.5,India,RV Uthappa,M Vijay,CJ Chibhabha,4,0,"",""
ball,2,4.6,India,RV Uthappa,M Vijay,CJ Chibhabha,4,0,"",""
ball,2,5.1,India,M Vijay,RV Uthappa,SC Williams,1,0,"",""
ball,2,5.2,India,RV Uthappa,M Vijay,SC Williams,1,0,"",""
ball,2,5.3,India,M Vijay,RV Uthappa,SC Williams,6,0,"",""
ball,2,5.4,India,M Vijay,RV Uthappa,SC Williams,1,0,"",""
ball,2,5.5,India,RV Uthappa,M Vijay,SC Williams,0,0,"",""
ball,2,5.6,India,RV Uthappa,M Vijay,SC Williams,4,0,"",""
ball,2,6.1,India,M Vijay,RV Uthappa,AG Cremer,0,0,bowled,M Vijay
ball,2,6.2,India,MK Pandey,RV Uthappa,AG Cremer,0,0,"",""
ball,2,6.3,India,MK Pandey,RV Uthappa,AG Cremer,0,0,"",""
ball,2,6.4,India,MK Pandey,RV Uthappa,AG Cremer,0,0,lbw,MK Pandey
ball,2,6.5,India,KM Jadhav,RV Uthappa,AG Cremer,0,0,"",""
ball,2,6.6,India,KM Jadhav,RV Uthappa,AG Cremer,1,0,"",""
ball,2,7.1,India,KM Jadhav,RV Uthappa,SC Williams,1,0,"",""
ball,2,7.2,India,RV Uthappa,KM Jadhav,SC Williams,2,0,"",""
ball,2,7.3,India,RV Uthappa,KM Jadhav,SC Williams,0,0,caught and bowled,RV Uthappa
ball,2,7.4,India,STR Binny,KM Jadhav,SC Williams,1,0,"",""
ball,2,7.5,India,KM Jadhav,STR Binny,SC Williams,1,0,"",""
ball,2,7.6,India,STR Binny,KM Jadhav,SC Williams,0,0,"",""
ball,2,8.1,India,KM Jadhav,STR Binny,AG Cremer,1,0,"",""
ball,2,8.2,India,STR Binny,KM Jadhav,AG Cremer,0,0,"",""
ball,2,8.3,India,STR Binny,KM Jadhav,AG Cremer,1,0,"",""
ball,2,8.4,India,KM Jadhav,STR Binny,AG Cremer,1,0,"",""
ball,2,8.5,India,STR Binny,KM Jadhav,AG Cremer,2,0,"",""
ball,2,8.6,India,STR Binny,KM Jadhav,AG Cremer,1,0,run out,KM Jadhav
ball,2,9.1,India,SV Samson,STR Binny,SC Williams,0,0,"",""
ball,2,9.2,India,SV Samson,STR Binny,SC Williams,1,0,"",""
ball,2,9.3,India,STR Binny,SV Samson,SC Williams,0,0,"",""
ball,2,9.4,India,STR Binny,SV Samson,SC Williams,1,0,"",""
ball,2,9.5,India,SV Samson,STR Binny,SC Williams,0,0,"",""
ball,2,9.6,India,SV Samson,STR Binny,SC Williams,0,0,"",""
ball,2,10.1,India,STR Binny,SV Samson,AG Cremer,1,0,"",""
ball,2,10.2,India,SV Samson,STR Binny,AG Cremer,2,0,"",""
ball,2,10.3,India,SV Samson,STR Binny,AG Cremer,1,0,"",""
ball,2,10.4,India,STR Binny,SV Samson,AG Cremer,1,0,"",""
ball,2,10.5,India,SV Samson,STR Binny,AG Cremer,1,0,"",""
ball,2,10.6,India,STR Binny,SV Samson,AG Cremer,1,0,"",""
ball,2,11.1,India,STR Binny,SV Samson,SC Williams,4,0,"",""
ball,2,11.2,India,STR Binny,SV Samson,SC Williams,4,0,"",""
ball,2,11.3,India,STR Binny,SV Samson,SC Williams,1,0,"",""
ball,2,11.4,India,SV Samson,STR Binny,SC Williams,1,0,"",""
ball,2,11.5,India,STR Binny,SV Samson,SC Williams,1,0,"",""
ball,2,11.6,India,SV Samson,STR Binny,SC Williams,0,0,"",""
ball,2,12.1,India,STR Binny,SV Samson,P Utseya,0,0,"",""
ball,2,12.2,India,STR Binny,SV Samson,P Utseya,0,1,"",""
ball,2,12.3,India,STR Binny,SV Samson,P Utseya,0,0,"",""
ball,2,12.4,India,STR Binny,SV Samson,P Utseya,1,0,"",""
ball,2,12.5,India,SV Samson,STR Binny,P Utseya,0,0,"",""
ball,2,12.6,India,SV Samson,STR Binny,P Utseya,0,0,"",""
ball,2,12.7,India,SV Samson,STR Binny,P Utseya,1,0,"",""
ball,2,13.1,India,SV Samson,STR Binny,T Muzarabani,4,0,"",""
ball,2,13.2,India,SV Samson,STR Binny,T Muzarabani,1,0,"",""
ball,2,13.3,India,STR Binny,SV Samson,T Muzarabani,1,0,"",""
ball,2,13.4,India,SV Samson,STR Binny,T Muzarabani,1,0,"",""
ball,2,13.5,India,STR Binny,SV Samson,T Muzarabani,1,0,"",""
ball,2,13.6,India,SV Samson,STR Binny,T Muzarabani,1,0,"",""
ball,2,14.1,India,SV Samson,STR Binny,Sikandar Raza,0,0,"",""
ball,2,14.2,India,SV Samson,STR Binny,Sikandar Raza,0,0,"",""
ball,2,14.3,India,SV Samson,STR Binny,Sikandar Raza,1,0,"",""
ball,2,14.4,India,STR Binny,SV Samson,Sikandar Raza,1,0,"",""
ball,2,14.5,India,SV Samson,STR Binny,Sikandar Raza,1,0,"",""
ball,2,14.6,India,STR Binny,SV Samson,Sikandar Raza,1,0,"",""
ball,2,15.1,India,STR Binny,SV Samson,AG Cremer,0,0,caught,STR Binny
ball,2,15.2,India,SV Samson,AR Patel,AG Cremer,1,0,"",""
ball,2,15.3,India,AR Patel,SV Samson,AG Cremer,0,0,"",""
ball,2,15.4,India,AR Patel,SV Samson,AG Cremer,1,0,"",""
ball,2,15.5,India,SV Samson,AR Patel,AG Cremer,1,0,"",""
ball,2,15.6,India,AR Patel,SV Samson,AG Cremer,1,0,"",""
ball,2,16.1,India,AR Patel,SV Samson,Sikandar Raza,0,0,"",""
ball,2,16.2,India,AR Patel,SV Samson,Sikandar Raza,0,0,"",""
ball,2,16.3,India,AR Patel,SV Samson,Sikandar Raza,1,0,"",""
ball,2,16.4,India,SV Samson,AR Patel,Sikandar Raza,1,0,"",""
ball,2,16.5,India,AR Patel,SV Samson,Sikandar Raza,2,0,"",""
ball,2,16.6,India,AR Patel,SV Samson,Sikandar Raza,1,0,"",""
ball,2,17.1,India,AR Patel,SV Samson,CB Mpofu,2,0,"",""
ball,2,17.2,India,AR Patel,SV Samson,CB Mpofu,0,0,"",""
ball,2,17.3,India,AR Patel,SV Samson,CB Mpofu,1,0,"",""
ball,2,17.4,India,SV Samson,AR Patel,CB Mpofu,0,0,caught,SV Samson
ball,2,17.5,India,AR Patel,B Kumar,CB Mpofu,4,0,"",""
ball,2,17.6,India,AR Patel,B Kumar,CB Mpofu,0,0,"",""
ball,2,18.1,India,B Kumar,AR Patel,T Muzarabani,2,0,"",""
ball,2,18.2,India,B Kumar,AR Patel,T Muzarabani,1,0,"",""
ball,2,18.3,India,AR Patel,B Kumar,T Muzarabani,0,0,"",""
ball,2,18.4,India,AR Patel,B Kumar,T Muzarabani,0,0,caught,AR Patel
ball,2,18.5,India,B Kumar,MM Sharma,T Muzarabani,2,0,"",""
ball,2,18.6,India,B Kumar,MM Sharma,T Muzarabani,1,0,"",""
ball,2,19.1,India,B Kumar,MM Sharma,CB Mpofu,3,0,"",""
ball,2,19.2,India,MM Sharma,B Kumar,CB Mpofu,0,1,"",""
ball,2,19.3,India,B Kumar,MM Sharma,CB Mpofu,0,0,run out,B Kumar
ball,2,19.4,India,MM Sharma,Sandeep Sharma,CB Mpofu,2,0,"",""
ball,2,19.5,India,MM Sharma,Sandeep Sharma,CB Mpofu,1,0,"",""
ball,2,19.6,India,Sandeep Sharma,MM Sharma,CB Mpofu,1,0,"",""
