version,1.3.0
info,team,New Zealand
info,team,Pakistan
info,gender,male
info,season,2015/16
info,date,2016/01/22
info,series,Pakistan in New Zealand T20I Series
info,match_number,3
info,venue,Westpac Stadium
info,city,Wellington
info,toss_winner,Pakistan
info,toss_decision,field
info,player_of_match,CJ Anderson
info,umpire,BF Bowden
info,umpire,DJ Walker
info,reserve_umpire,AL Gillies
info,tv_umpire,WR Knights
info,match_referee,DC Boon
info,winner,New Zealand
info,winner_runs,95
ball,1,0.1,New Zealand,MJ Guptill,KS Williamson,Anwar Ali,4,0,"",""
ball,1,0.2,New Zealand,MJ Guptill,KS Williamson,Anwar Ali,0,0,"",""
ball,1,0.3,New Zealand,MJ Guptill,KS Williamson,Anwar Ali,1,0,"",""
ball,1,0.4,New Zealand,KS Williamson,MJ Guptill,Anwar Ali,1,0,"",""
ball,1,0.5,New Zealand,MJ Guptill,KS Williamson,Anwar Ali,4,0,"",""
ball,1,0.6,New Zealand,MJ Guptill,KS Williamson,Anwar Ali,6,0,"",""
ball,1,1.1,New Zealand,KS Williamson,MJ Guptill,Mohammad Amir,0,0,"",""
ball,1,1.2,New Zealand,KS Williamson,MJ Guptill,Mohammad Amir,1,0,"",""
ball,1,1.3,New Zealand,MJ Guptill,KS Williamson,Mohammad Amir,1,0,"",""
ball,1,1.4,New Zealand,KS Williamson,MJ Guptill,Mohammad Amir,1,0,"",""
ball,1,1.5,New Zealand,MJ Guptill,KS Williamson,Mohammad Amir,0,0,"",""
ball,1,1.6,New Zealand,MJ Guptill,KS Williamson,Mohammad Amir,4,0,"",""
ball,1,2.1,New Zealand,KS Williamson,MJ Guptill,Imad Wasim,1,0,"",""
ball,1,2.2,New Zealand,MJ Guptill,KS Williamson,Imad Wasim,1,0,"",""
ball,1,2.3,New Zealand,KS Williamson,MJ Guptill,Imad Wasim,1,0,"",""
ball,1,2.4,New Zealand,MJ Guptill,KS Williamson,Imad Wasim,6,0,"",""
ball,1,2.5,New Zealand,MJ Guptill,KS Williamson,Imad Wasim,4,0,"",""
ball,1,2.6,New Zealand,MJ Guptill,KS Williamson,Imad Wasim,4,0,"",""
ball,1,3.1,New Zealand,KS Williamson,MJ Guptill,Mohammad Amir,0,0,"",""
ball,1,3.2,New Zealand,KS Williamson,MJ Guptill,Mohammad Amir,1,0,"",""
ball,1,3.3,New Zealand,MJ Guptill,KS Williamson,Mohammad Amir,1,0,"",""
ball,1,3.4,New Zealand,KS Williamson,MJ Guptill,Mohammad Amir,0,0,"",""
ball,1,3.5,New Zealand,KS Williamson,MJ Guptill,Mohammad Amir,0,0,"",""
ball,1,3.6,New Zealand,KS Williamson,MJ Guptill,Mohammad Amir,4,0,"",""
ball,1,4.1,New Zealand,MJ Guptill,KS Williamson,Wahab Riaz,4,0,"",""
ball,1,4.2,New Zealand,MJ Guptill,KS Williamson,Wahab Riaz,1,0,"",""
ball,1,4.3,New Zealand,KS Williamson,MJ Guptill,Wahab Riaz,0,0,"",""
ball,1,4.4,New Zealand,KS Williamson,MJ Guptill,Wahab Riaz,1,0,"",""
ball,1,4.5,New Zealand,MJ Guptill,KS Williamson,Wahab Riaz,0,0,"",""
ball,1,4.6,New Zealand,MJ Guptill,KS Williamson,Wahab Riaz,0,0,"",""
ball,1,5.1,New Zealand,KS Williamson,MJ Guptill,Shahid Afridi,2,0,"",""
ball,1,5.2,New Zealand,KS Williamson,MJ Guptill,Shahid Afridi,0,0,"",""
ball,1,5.3,New Zealand,KS Williamson,MJ Guptill,Shahid Afridi,1,0,"",""
ball,1,5.4,New Zealand,MJ Guptill,KS Williamson,Shahid Afridi,1,0,"",""
ball,1,5.5,New Zealand,KS Williamson,MJ Guptill,Shahid Afridi,1,0,"",""
ball,1,5.6,New Zealand,MJ Guptill,KS Williamson,Shahid Afridi,0,0,caught,MJ Guptill
ball,1,6.1,New Zealand,C Munro,KS Williamson,Anwar Ali,2,0,"",""
ball,1,6.2,New Zealand,C Munro,KS Williamson,Anwar Ali,1,0,"",""
ball,1,6.3,New Zealand,KS Williamson,C Munro,Anwar Ali,1,0,"",""
ball,1,6.4,New Zealand,C Munro,KS Williamson,Anwar Ali,1,0,"",""
ball,1,6.5,New Zealand,KS Williamson,C Munro,Anwar Ali,0,0,run out,C Munro
ball,1,6.6,New Zealand,KS Williamson,CJ Anderson,Anwar Ali,1,0,"",""
ball,1,7.1,New Zealand,KS Williamson,CJ Anderson,Shahid Afridi,0,0,"",""
ball,1,7.2,New Zealand,KS Williamson,CJ Anderson,Shahid Afridi,0,0,"",""
ball,1,7.3,New Zealand,KS Williamson,CJ Anderson,Shahid Afridi,0,0,"",""
ball,1,7.4,New Zealand,KS Williamson,CJ Anderson,Shahid Afridi,1,0,"",""
ball,1,7.5,New Zealand,CJ Anderson,KS Williamson,Shahid Afridi,1,0,"",""
ball,1,7.6,New Zealand,KS Williamson,CJ Anderson,Shahid Afridi,0,0,"",""
ball,1,8.1,New Zealand,CJ Anderson,KS Williamson,Anwar Ali,0,0,"",""
ball,1,8.2,New Zealand,CJ Anderson,KS Williamson,Anwar Ali,1,0,"",""
ball,1,8.3,New Zealand,KS Williamson,CJ Anderson,Anwar Ali,4,0,"",""
ball,1,8.4,New Zealand,KS Williamson,CJ Anderson,Anwar Ali,0,0,"",""
ball,1,8.5,New Zealand,KS Williamson,CJ Anderson,Anwar Ali,4,0,"",""
ball,1,8.6,New Zealand,KS Williamson,CJ Anderson,Anwar Ali,0,0,"",""
ball,1,9.1,New Zealand,CJ Anderson,KS Williamson,Shahid Afridi,3,0,"",""
ball,1,9.2,New Zealand,KS Williamson,CJ Anderson,Shahid Afridi,1,0,"",""
ball,1,9.3,New Zealand,CJ Anderson,KS Williamson,Shahid Afridi,1,0,"",""
ball,1,9.4,New Zealand,KS Williamson,CJ Anderson,Shahid Afridi,0,0,"",""
ball,1,9.5,New Zealand,KS Williamson,CJ Anderson,Shahid Afridi,6,0,"",""
ball,1,9.6,New Zealand,KS Williamson,CJ Anderson,Shahid Afridi,0,0,"",""
ball,1,10.1,New Zealand,CJ Anderson,KS Williamson,Wahab Riaz,4,0,"",""
ball,1,10.2,New Zealand,CJ Anderson,KS Williamson,Wahab Riaz,0,0,"",""
ball,1,10.3,New Zealand,CJ Anderson,KS Williamson,Wahab Riaz,0,0,"",""
ball,1,10.4,New Zealand,CJ Anderson,KS Williamson,Wahab Riaz,4,0,"",""
ball,1,10.5,New Zealand,CJ Anderson,KS Williamson,Wahab Riaz,1,0,"",""
ball,1,10.6,New Zealand,KS Williamson,CJ Anderson,Wahab Riaz,0,0,caught,KS Williamson
ball,1,11.1,New Zealand,LRPL Taylor,CJ Anderson,Shoaib Malik,1,0,"",""
ball,1,11.2,New Zealand,CJ Anderson,LRPL Taylor,Shoaib Malik,1,0,"",""
ball,1,11.3,New Zealand,LRPL Taylor,CJ Anderson,Shoaib Malik,0,0,"",""
ball,1,11.4,New Zealand,LRPL Taylor,CJ Anderson,Shoaib Malik,1,0,"",""
ball,1,11.5,New Zealand,CJ Anderson,LRPL Taylor,Shoaib Malik,6,0,"",""
ball,1,11.6,New Zealand,CJ Anderson,LRPL Taylor,Shoaib Malik,0,2,"",""
ball,1,11.7,New Zealand,LRPL Taylor,CJ Anderson,Shoaib Malik,0,1,"",""
ball,1,11.8,New Zealand,LRPL Taylor,CJ Anderson,Shoaib Malik,4,0,retired hurt,LRPL Taylor
ball,1,12.1,New Zealand,CJ Anderson,GD Elliott,Imad Wasim,0,0,"",""
ball,1,12.2,New Zealand,CJ Anderson,GD Elliott,Imad Wasim,1,0,"",""
ball,1,12.3,New Zealand,GD Elliott,CJ Anderson,Imad Wasim,1,0,"",""
ball,1,12.4,New Zealand,CJ Anderson,GD Elliott,Imad Wasim,1,0,"",""
ball,1,12.5,New Zealand,GD Elliott,CJ Anderson,Imad Wasim,1,0,"",""
ball,1,12.6,New Zealand,CJ Anderson,GD Elliott,Imad Wasim,1,0,"",""
ball,1,13.1,New Zealand,CJ Anderson,GD Elliott,Shahid Afridi,6,0,"",""
ball,1,13.2,New Zealand,CJ Anderson,GD Elliott,Shahid Afridi,1,0,"",""
ball,1,13.3,New Zealand,GD Elliott,CJ Anderson,Shahid Afridi,1,0,"",""
ball,1,13.4,New Zealand,CJ Anderson,GD Elliott,Shahid Afridi,0,0,"",""
ball,1,13.5,New Zealand,CJ Anderson,GD Elliott,Shahid Afridi,1,0,"",""
ball,1,13.6,New Zealand,GD Elliott,CJ Anderson,Shahid Afridi,0,0,"",""
ball,1,14.1,New Zealand,CJ Anderson,GD Elliott,Imad Wasim,1,0,"",""
ball,1,14.2,New Zealand,GD Elliott,CJ Anderson,Imad Wasim,0,1,"",""
ball,1,14.3,New Zealand,CJ Anderson,GD Elliott,Imad Wasim,1,0,"",""
ball,1,14.4,New Zealand,GD Elliott,CJ Anderson,Imad Wasim,1,0,"",""
ball,1,14.5,New Zealand,CJ Anderson,GD Elliott,Imad Wasim,1,0,"",""
ball,1,14.6,New Zealand,GD Elliott,CJ Anderson,Imad Wasim,0,0,"",""
ball,1,15.1,New Zealand,CJ Anderson,GD Elliott,Mohammad Amir,2,0,"",""
ball,1,15.2,New Zealand,CJ Anderson,GD Elliott,Mohammad Amir,2,0,"",""
ball,1,15.3,New Zealand,CJ Anderson,GD Elliott,Mohammad Amir,6,0,"",""
ball,1,15.4,New Zealand,CJ Anderson,GD Elliott,Mohammad Amir,4,0,"",""
ball,1,15.5,New Zealand,CJ Anderson,GD Elliott,Mohammad Amir,1,0,"",""
ball,1,15.6,New Zealand,GD Elliott,CJ Anderson,Mohammad Amir,0,0,"",""
ball,1,16.1,New Zealand,CJ Anderson,GD Elliott,Wahab Riaz,0,0,"",""
ball,1,16.2,New Zealand,CJ Anderson,GD Elliott,Wahab Riaz,4,0,"",""
ball,1,16.3,New Zealand,CJ Anderson,GD Elliott,Wahab Riaz,1,1,"",""
ball,1,16.4,New Zealand,GD Elliott,CJ Anderson,Wahab Riaz,1,0,"",""
ball,1,16.5,New Zealand,CJ Anderson,GD Elliott,Wahab Riaz,1,0,"",""
ball,1,16.6,New Zealand,GD Elliott,CJ Anderson,Wahab Riaz,1,0,"",""
ball,1,16.7,New Zealand,CJ Anderson,GD Elliott,Wahab Riaz,6,0,"",""
ball,1,17.1,New Zealand,GD Elliott,CJ Anderson,Imad Wasim,4,0,"",""
ball,1,17.2,New Zealand,GD Elliott,CJ Anderson,Imad Wasim,2,0,"",""
ball,1,17.3,New Zealand,GD Elliott,CJ Anderson,Imad Wasim,6,0,"",""
ball,1,17.4,New Zealand,GD Elliott,CJ Anderson,Imad Wasim,1,0,"",""
ball,1,17.5,New Zealand,CJ Anderson,GD Elliott,Imad Wasim,2,0,run out,GD Elliott
ball,1,17.6,New Zealand,L Ronchi,CJ Anderson,Imad Wasim,1,0,"",""
ball,1,18.1,New Zealand,L Ronchi,CJ Anderson,Wahab Riaz,0,0,caught,L Ronchi
ball,1,18.2,New Zealand,CJ Anderson,MJ Santner,Wahab Riaz,1,0,"",""
ball,1,18.3,New Zealand,MJ Santner,CJ Anderson,Wahab Riaz,0,1,"",""
ball,1,18.4,New Zealand,MJ Santner,CJ Anderson,Wahab Riaz,1,0,"",""
ball,1,18.5,New Zealand,CJ Anderson,MJ Santner,Wahab Riaz,2,0,"",""
ball,1,18.6,New Zealand,CJ Anderson,MJ Santner,Wahab Riaz,4,0,"",""
ball,1,18.7,New Zealand,CJ Anderson,MJ Santner,Wahab Riaz,4,0,"",""
ball,1,19.1,New Zealand,MJ Santner,CJ Anderson,Mohammad Amir,1,0,"",""
ball,1,19.2,New Zealand,CJ Anderson,MJ Santner,Mohammad Amir,1,0,"",""
ball,1,19.3,New Zealand,MJ Santner,CJ Anderson,Mohammad Amir,0,1,"",""
ball,1,19.4,New Zealand,CJ Anderson,MJ Santner,Mohammad Amir,2,0,"",""
ball,1,19.5,New Zealand,CJ Anderson,MJ Santner,Mohammad Amir,2,0,"",""
ball,1,19.6,New Zealand,CJ Anderson,MJ Santner,Mohammad Amir,1,0,"",""
ball,2,0.1,Pakistan,Mohammad Hafeez,Ahmed Shehzad,CJ Anderson,1,0,"",""
ball,2,0.2,Pakistan,Ahmed Shehzad,Mohammad Hafeez,CJ Anderson,1,0,"",""
ball,2,0.3,Pakistan,Mohammad Hafeez,Ahmed Shehzad,CJ Anderson,0,0,"",""
ball,2,0.4,Pakistan,Mohammad Hafeez,Ahmed Shehzad,CJ Anderson,1,0,"",""
ball,2,0.5,Pakistan,Ahmed Shehzad,Mohammad Hafeez,CJ Anderson,0,0,"",""
ball,2,0.6,Pakistan,Ahmed Shehzad,Mohammad Hafeez,CJ Anderson,4,0,"",""
ball,2,1.1,Pakistan,Mohammad Hafeez,Ahmed Shehzad,TA Boult,0,0,caught,Mohammad Hafeez
ball,2,1.2,Pakistan,Ahmed Shehzad,Mohammad Rizwan,TA Boult,2,0,"",""
ball,2,1.3,Pakistan,Ahmed Shehzad,Mohammad Rizwan,TA Boult,1,0,"",""
ball,2,1.4,Pakistan,Mohammad Rizwan,Ahmed Shehzad,TA Boult,0,0,"",""
ball,2,1.5,Pakistan,Mohammad Rizwan,Ahmed Shehzad,TA Boult,0,0,"",""
ball,2,1.6,Pakistan,Mohammad Rizwan,Ahmed Shehzad,TA Boult,4,0,"",""
ball,2,2.1,Pakistan,Ahmed Shehzad,Mohammad Rizwan,CJ Anderson,0,0,caught,Ahmed Shehzad
ball,2,2.2,Pakistan,Shoaib Malik,Mohammad Rizwan,CJ Anderson,1,0,"",""
ball,2,2.3,Pakistan,Mohammad Rizwan,Shoaib Malik,CJ Anderson,0,0,run out,Mohammad Rizwan
ball,2,2.4,Pakistan,Sarfraz Ahmed,Shoaib Malik,CJ Anderson,0,0,"",""
ball,2,2.5,Pakistan,Sarfraz Ahmed,Shoaib Malik,CJ Anderson,2,0,"",""
ball,2,2.6,Pakistan,Sarfraz Ahmed,Shoaib Malik,CJ Anderson,0,0,"",""
ball,2,3.1,Pakistan,Shoaib Malik,Sarfraz Ahmed,TA Boult,4,0,"",""
ball,2,3.2,Pakistan,Shoaib Malik,Sarfraz Ahmed,TA Boult,1,0,"",""
ball,2,3.3,Pakistan,Sarfraz Ahmed,Shoaib Malik,TA Boult,0,0,"",""
ball,2,3.4,Pakistan,Sarfraz Ahmed,Shoaib Malik,TA Boult,1,0,"",""
ball,2,3.5,Pakistan,Shoaib Malik,Sarfraz Ahmed,TA Boult,4,0,"",""
ball,2,3.6,Pakistan,Shoaib Malik,Sarfraz Ahmed,TA Boult,4,0,"",""
ball,2,4.1,Pakistan,Sarfraz Ahmed,Shoaib Malik,CJ Anderson,4,0,"",""
ball,2,4.2,Pakistan,Sarfraz Ahmed,Shoaib Malik,CJ Anderson,0,0,"",""
ball,2,4.3,Pakistan,Sarfraz Ahmed,Shoaib Malik,CJ Anderson,0,0,"",""
ball,2,4.4,Pakistan,Sarfraz Ahmed,Shoaib Malik,CJ Anderson,1,0,"",""
ball,2,4.5,Pakistan,Shoaib Malik,Sarfraz Ahmed,CJ Anderson,0,0,caught,Shoaib Malik
ball,2,4.6,Pakistan,Sarfraz Ahmed,Umar Akmal,CJ Anderson,2,0,"",""
ball,2,5.1,Pakistan,Umar Akmal,Sarfraz Ahmed,AF Milne,0,0,"",""
ball,2,5.2,Pakistan,Umar Akmal,Sarfraz Ahmed,AF Milne,0,0,"",""
ball,2,5.3,Pakistan,Umar Akmal,Sarfraz Ahmed,AF Milne,0,1,"",""
ball,2,5.4,Pakistan,Sarfraz Ahmed,Umar Akmal,AF Milne,1,0,"",""
ball,2,5.5,Pakistan,Umar Akmal,Sarfraz Ahmed,AF Milne,0,0,"",""
ball,2,5.6,Pakistan,Umar Akmal,Sarfraz Ahmed,AF Milne,2,0,"",""
ball,2,6.1,Pakistan,Sarfraz Ahmed,Umar Akmal,MJ Santner,4,0,"",""
ball,2,6.2,Pakistan,Sarfraz Ahmed,Umar Akmal,MJ Santner,0,0,"",""
ball,2,6.3,Pakistan,Sarfraz Ahmed,Umar Akmal,MJ Santner,1,0,"",""
ball,2,6.4,Pakistan,Umar Akmal,Sarfraz Ahmed,MJ Santner,1,0,"",""
ball,2,6.5,Pakistan,Sarfraz Ahmed,Umar Akmal,MJ Santner,0,0,"",""
ball,2,6.6,Pakistan,Sarfraz Ahmed,Umar Akmal,MJ Santner,1,0,"",""
ball,2,7.1,Pakistan,Sarfraz Ahmed,Umar Akmal,MJ McClenaghan,0,1,"",""
ball,2,7.2,Pakistan,Umar Akmal,Sarfraz Ahmed,MJ McClenaghan,0,0,"",""
ball,2,7.3,Pakistan,Umar Akmal,Sarfraz Ahmed,MJ McClenaghan,1,0,"",""
ball,2,7.4,Pakistan,Sarfraz Ahmed,Umar Akmal,MJ McClenaghan,1,0,"",""
ball,2,7.5,Pakistan,Umar Akmal,Sarfraz Ahmed,MJ McClenaghan,1,0,"",""
ball,2,7.6,Pakistan,Sarfraz Ahmed,Umar Akmal,MJ McClenaghan,2,0,"",""
ball,2,8.1,Pakistan,Umar Akmal,Sarfraz Ahmed,AF Milne,0,0,"",""
ball,2,8.2,Pakistan,Umar Akmal,Sarfraz Ahmed,AF Milne,0,0,"",""
ball,2,8.3,Pakistan,Umar Akmal,Sarfraz Ahmed,AF Milne,0,0,"",""
ball,2,8.4,Pakistan,Umar Akmal,Sarfraz Ahmed,AF Milne,0,0,caught,Umar Akmal
ball,2,8.5,Pakistan,Shahid Afridi,Sarfraz Ahmed,AF Milne,0,0,"",""
ball,2,8.6,Pakistan,Shahid Afridi,Sarfraz Ahmed,AF Milne,0,0,"",""
ball,2,9.1,Pakistan,Sarfraz Ahmed,Shahid Afridi,MJ McClenaghan,0,0,"",""
ball,2,9.2,Pakistan,Sarfraz Ahmed,Shahid Afridi,MJ McClenaghan,4,0,"",""
ball,2,9.3,Pakistan,Sarfraz Ahmed,Shahid Afridi,MJ McClenaghan,0,0,"",""
ball,2,9.4,Pakistan,Sarfraz Ahmed,Shahid Afridi,MJ McClenaghan,1,0,"",""
ball,2,9.5,Pakistan,Shahid Afridi,Sarfraz Ahmed,MJ McClenaghan,0,0,"",""
ball,2,9.6,Pakistan,Shahid Afridi,Sarfraz Ahmed,MJ McClenaghan,0,1,"",""
ball,2,9.7,Pakistan,Shahid Afridi,Sarfraz Ahmed,MJ McClenaghan,1,0,"",""
ball,2,10.1,Pakistan,Shahid Afridi,Sarfraz Ahmed,TA Boult,6,0,"",""
ball,2,10.2,Pakistan,Shahid Afridi,Sarfraz Ahmed,TA Boult,1,0,"",""
ball,2,10.3,Pakistan,Sarfraz Ahmed,Shahid Afridi,TA Boult,0,0,"",""
ball,2,10.4,Pakistan,Sarfraz Ahmed,Shahid Afridi,TA Boult,0,1,"",""
ball,2,10.5,Pakistan,Sarfraz Ahmed,Shahid Afridi,TA Boult,2,0,"",""
ball,2,10.6,Pakistan,Sarfraz Ahmed,Shahid Afridi,TA Boult,1,0,"",""
ball,2,10.7,Pakistan,Shahid Afridi,Sarfraz Ahmed,TA Boult,0,0,"",""
ball,2,11.1,Pakistan,Sarfraz Ahmed,Shahid Afridi,GD Elliott,0,0,"",""
ball,2,11.2,Pakistan,Sarfraz Ahmed,Shahid Afridi,GD Elliott,1,0,"",""
ball,2,11.3,Pakistan,Shahid Afridi,Sarfraz Ahmed,GD Elliott,0,1,"",""
ball,2,11.4,Pakistan,Shahid Afridi,Sarfraz Ahmed,GD Elliott,0,0,caught,Shahid Afridi
ball,2,11.5,Pakistan,Sarfraz Ahmed,Imad Wasim,GD Elliott,1,0,"",""
ball,2,11.6,Pakistan,Imad Wasim,Sarfraz Ahmed,GD Elliott,0,0,caught,Imad Wasim
ball,2,11.7,Pakistan,Anwar Ali,Sarfraz Ahmed,GD Elliott,1,0,"",""
ball,2,12.1,Pakistan,Anwar Ali,Sarfraz Ahmed,C Munro,1,0,"",""
ball,2,12.2,Pakistan,Sarfraz Ahmed,Anwar Ali,C Munro,1,0,"",""
ball,2,12.3,Pakistan,Anwar Ali,Sarfraz Ahmed,C Munro,1,0,"",""
ball,2,12.4,Pakistan,Sarfraz Ahmed,Anwar Ali,C Munro,0,1,"",""
ball,2,12.5,Pakistan,Sarfraz Ahmed,Anwar Ali,C Munro,4,0,"",""
ball,2,12.6,Pakistan,Sarfraz Ahmed,Anwar Ali,C Munro,4,0,"",""
ball,2,12.7,Pakistan,Sarfraz Ahmed,Anwar Ali,C Munro,1,0,"",""
ball,2,13.1,Pakistan,Sarfraz Ahmed,Anwar Ali,GD Elliott,0,0,"",""
ball,2,13.2,Pakistan,Sarfraz Ahmed,Anwar Ali,GD Elliott,1,0,"",""
ball,2,13.3,Pakistan,Anwar Ali,Sarfraz Ahmed,GD Elliott,1,0,"",""
ball,2,13.4,Pakistan,Sarfraz Ahmed,Anwar Ali,GD Elliott,0,0,caught,Sarfraz Ahmed
ball,2,13.5,Pakistan,Wahab Riaz,Anwar Ali,GD Elliott,1,0,"",""
ball,2,13.6,Pakistan,Anwar Ali,Wahab Riaz,GD Elliott,0,0,"",""
ball,2,14.1,Pakistan,Wahab Riaz,Anwar Ali,AF Milne,1,0,"",""
ball,2,14.2,Pakistan,Anwar Ali,Wahab Riaz,AF Milne,4,0,"",""
ball,2,14.3,Pakistan,Anwar Ali,Wahab Riaz,AF Milne,0,0,caught,Anwar Ali
ball,2,14.4,Pakistan,Mohammad Amir,Wahab Riaz,AF Milne,0,0,"",""
ball,2,14.5,Pakistan,Mohammad Amir,Wahab Riaz,AF Milne,0,0,"",""
ball,2,14.6,Pakistan,Mohammad Amir,Wahab Riaz,AF Milne,0,0,"",""
ball,2,15.1,Pakistan,Wahab Riaz,Mohammad Amir,MJ McClenaghan,1,0,"",""
ball,2,15.2,Pakistan,Mohammad Amir,Wahab Riaz,MJ McClenaghan,0,0,"",""
ball,2,15.3,Pakistan,Mohammad Amir,Wahab Riaz,MJ McClenaghan,1,0,"",""
ball,2,15.4,Pakistan,Wahab Riaz,Mohammad Amir,MJ McClenaghan,1,0,"",""
ball,2,15.5,Pakistan,Mohammad Amir,Wahab Riaz,MJ McClenaghan,0,0,"",""
ball,2,15.6,Pakistan,Mohammad Amir,Wahab Riaz,MJ McClenaghan,0,0,"",""
ball,2,16.1,Pakistan,Wahab Riaz,Mohammad Amir,AF Milne,0,0,caught,Wahab Riaz
